/*
SQLyog Ultimate v12.09 (32 bit)
MySQL - 5.5.50 : Database - onlinetest
*********************************************************************
*/

/*!40101 SET NAMES utf8 */;

/*!40101 SET SQL_MODE=''*/;

/*!40014 SET @OLD_UNIQUE_CHECKS=@@UNIQUE_CHECKS, UNIQUE_CHECKS=0 */;
/*!40014 SET @OLD_FOREIGN_KEY_CHECKS=@@FOREIGN_KEY_CHECKS, FOREIGN_KEY_CHECKS=0 */;
/*!40101 SET @OLD_SQL_MODE=@@SQL_MODE, SQL_MODE='NO_AUTO_VALUE_ON_ZERO' */;
/*!40111 SET @OLD_SQL_NOTES=@@SQL_NOTES, SQL_NOTES=0 */;
CREATE DATABASE /*!32312 IF NOT EXISTS*/`onlinetest` /*!40100 DEFAULT CHARACTER SET utf8 */;

USE `onlinetest`;

/*Table structure for table `batch_masters` */

DROP TABLE IF EXISTS `batch_masters`;

CREATE TABLE `batch_masters` (
  `batch_id` int(11) NOT NULL AUTO_INCREMENT,
  `college_id` int(11) DEFAULT NULL,
  `batch_type` tinyint(2) DEFAULT NULL,
  `batch_degree` int(11) DEFAULT NULL,
  `batch_branch` int(11) DEFAULT NULL,
  `batch_year` year(4) DEFAULT NULL,
  `batch_year_to` year(4) DEFAULT NULL,
  `student_count` int(11) DEFAULT NULL,
  `hod_name` varchar(64) DEFAULT NULL,
  `hod_email` varchar(128) DEFAULT NULL,
  `hod_mobile` varchar(15) DEFAULT NULL,
  `class_teacher_name` varchar(64) DEFAULT NULL,
  `class_teacher_email` varchar(128) DEFAULT NULL,
  `class_teacher_mobile` varchar(15) DEFAULT NULL,
  `rep_name` varchar(64) DEFAULT NULL,
  `rep_email` varchar(128) DEFAULT NULL,
  `rep_mobile` varchar(15) DEFAULT NULL,
  `remarks` text,
  `created_on` timestamp NOT NULL DEFAULT CURRENT_TIMESTAMP,
  `created_by` int(11) DEFAULT '1',
  `modified_on` timestamp NOT NULL DEFAULT '0000-00-00 00:00:00',
  `modified_by` int(11) DEFAULT NULL,
  `status` int(11) DEFAULT '1',
  PRIMARY KEY (`batch_id`),
  UNIQUE KEY `UNIQUE` (`batch_degree`,`batch_branch`,`batch_year`)
) ENGINE=InnoDB AUTO_INCREMENT=3 DEFAULT CHARSET=utf8;

/*Data for the table `batch_masters` */

insert  into `batch_masters`(`batch_id`,`college_id`,`batch_type`,`batch_degree`,`batch_branch`,`batch_year`,`batch_year_to`,`student_count`,`hod_name`,`hod_email`,`hod_mobile`,`class_teacher_name`,`class_teacher_email`,`class_teacher_mobile`,`rep_name`,`rep_email`,`rep_mobile`,`remarks`,`created_on`,`created_by`,`modified_on`,`modified_by`,`status`) values (1,1,20,2,23,2013,2017,50,NULL,NULL,NULL,NULL,NULL,NULL,NULL,NULL,NULL,NULL,'2016-07-15 19:24:26',1,'0000-00-00 00:00:00',NULL,1),(2,1,21,16,148,2013,2015,50,NULL,NULL,NULL,NULL,NULL,NULL,NULL,NULL,NULL,NULL,'2016-07-15 19:44:45',1,'0000-00-00 00:00:00',NULL,1);

/*Table structure for table `batch_staffs_masters` */

DROP TABLE IF EXISTS `batch_staffs_masters`;

CREATE TABLE `batch_staffs_masters` (
  `batch_staffs_id` int(11) DEFAULT NULL,
  `batch_id` int(11) DEFAULT NULL,
  `staff_name` varchar(64) DEFAULT NULL,
  `staff_email` varchar(128) DEFAULT NULL,
  `staff_mobile` varchar(15) DEFAULT NULL,
  `staff_designation` int(11) DEFAULT NULL,
  `staff_roles_responsibilities` text,
  `date_of_joining` date DEFAULT NULL,
  `date_of_leaving` date DEFAULT NULL,
  `remarks` text,
  `status` int(11) DEFAULT '1'
) ENGINE=InnoDB DEFAULT CHARSET=utf8;

/*Data for the table `batch_staffs_masters` */

/*Table structure for table `candidate_certification_details` */

DROP TABLE IF EXISTS `candidate_certification_details`;

CREATE TABLE `candidate_certification_details` (
  `crt_id` int(11) NOT NULL AUTO_INCREMENT,
  `student_id` int(11) DEFAULT NULL,
  `crt_name` varchar(255) DEFAULT NULL,
  `crt_authority` varchar(128) DEFAULT NULL,
  `start_date` date DEFAULT NULL,
  `end_date` date DEFAULT NULL,
  `status` tinyint(1) NOT NULL,
  `created_on` timestamp NOT NULL DEFAULT CURRENT_TIMESTAMP,
  `created_by` tinyint(1) DEFAULT NULL,
  `modified_on` timestamp NULL DEFAULT NULL,
  `modified_by` tinyint(1) DEFAULT NULL,
  `remarks` text,
  PRIMARY KEY (`crt_id`)
) ENGINE=InnoDB DEFAULT CHARSET=utf8;

/*Data for the table `candidate_certification_details` */

/*Table structure for table `candidate_education_details` */

DROP TABLE IF EXISTS `candidate_education_details`;

CREATE TABLE `candidate_education_details` (
  `edu_id` int(11) NOT NULL AUTO_INCREMENT,
  `student_id` int(11) NOT NULL,
  `degree_type` tinyint(1) DEFAULT NULL,
  `degree_institution` int(11) DEFAULT NULL,
  `degree_university` int(11) DEFAULT NULL,
  `new_institution_id` int(11) DEFAULT NULL,
  `degree_subtype` int(11) DEFAULT NULL,
  `degree_course` int(11) DEFAULT NULL,
  `degree_medium` int(3) DEFAULT NULL,
  `degree_percentage` double DEFAULT NULL,
  `degree_year_of_passing` year(4) DEFAULT NULL,
  `degree_current_arrear` int(2) DEFAULT NULL,
  `degree_history_arrear` int(2) DEFAULT NULL,
  `status` tinyint(1) NOT NULL DEFAULT '1',
  `created_on` timestamp NOT NULL DEFAULT CURRENT_TIMESTAMP,
  `created_by` tinyint(1) DEFAULT NULL,
  `modified_on` timestamp NULL DEFAULT NULL,
  `modified_by` tinyint(1) DEFAULT NULL,
  `remarks` text,
  PRIMARY KEY (`edu_id`)
) ENGINE=InnoDB AUTO_INCREMENT=5 DEFAULT CHARSET=utf8;

/*Data for the table `candidate_education_details` */

insert  into `candidate_education_details`(`edu_id`,`student_id`,`degree_type`,`degree_institution`,`degree_university`,`new_institution_id`,`degree_subtype`,`degree_course`,`degree_medium`,`degree_percentage`,`degree_year_of_passing`,`degree_current_arrear`,`degree_history_arrear`,`status`,`created_on`,`created_by`,`modified_on`,`modified_by`,`remarks`) values (1,1,20,1,NULL,NULL,2,23,1,56,2017,NULL,NULL,1,'2016-07-15 19:53:08',NULL,NULL,NULL,NULL),(2,2,20,1,NULL,NULL,2,23,3,45,2017,NULL,NULL,1,'2016-07-15 19:59:16',NULL,NULL,NULL,NULL),(3,3,20,1,NULL,NULL,2,23,11,56,2017,NULL,NULL,1,'2016-07-15 20:03:42',NULL,NULL,NULL,NULL),(4,4,20,1,NULL,NULL,2,23,3,56,2017,NULL,NULL,1,'2016-07-15 20:24:39',NULL,NULL,NULL,NULL);

/*Table structure for table `candidate_master` */

DROP TABLE IF EXISTS `candidate_master`;

CREATE TABLE `candidate_master` (
  `student_id` int(11) NOT NULL AUTO_INCREMENT,
  `first_name` varchar(64) NOT NULL,
  `last_name` varchar(64) DEFAULT NULL,
  `email` varchar(100) NOT NULL,
  `date_of_birth` date NOT NULL,
  `mobile` varchar(15) NOT NULL,
  `registration_type_id` tinyint(1) NOT NULL DEFAULT '1',
  `gender` varchar(1) NOT NULL,
  `mother_tongue` int(3) DEFAULT NULL,
  `language_known` text,
  `address1` text,
  `address2` text,
  `city` int(4) DEFAULT NULL,
  `district` int(3) DEFAULT NULL,
  `state` int(4) DEFAULT NULL,
  `pincode` int(6) DEFAULT NULL,
  `career_interest` text,
  `work_mode` tinyint(1) DEFAULT NULL,
  `availability` tinyint(1) DEFAULT NULL,
  `preferred_location` varchar(64) DEFAULT NULL,
  `sslc_school` text,
  `sslc_board` int(11) DEFAULT NULL,
  `sslc_medium` int(11) DEFAULT NULL,
  `sslc_marks` double DEFAULT NULL,
  `sslc_year` year(4) DEFAULT NULL,
  `hsc_school` text,
  `hsc_board` int(11) DEFAULT NULL,
  `hsc_medium` int(11) DEFAULT NULL,
  `hsc_marks` double DEFAULT NULL,
  `hsc_year` year(4) DEFAULT NULL,
  `technical_skills` text,
  `core_skill` text,
  `other_skills` text,
  `resume_URL` varchar(255) DEFAULT NULL,
  `linkedin_profile_url` varchar(255) DEFAULT NULL,
  `profile_picture_url` text,
  `password` varchar(64) DEFAULT NULL,
  `status` tinyint(1) NOT NULL DEFAULT '0',
  `created_on` timestamp NOT NULL DEFAULT CURRENT_TIMESTAMP,
  `created_by` tinyint(1) DEFAULT NULL,
  `modified_on` timestamp NULL DEFAULT NULL,
  `modified_by` tinyint(1) DEFAULT NULL,
  `deactive_on` timestamp NULL DEFAULT NULL,
  `deactivate_by` tinyint(1) DEFAULT NULL,
  `remarks` text,
  PRIMARY KEY (`student_id`),
  UNIQUE KEY `email` (`email`)
) ENGINE=InnoDB AUTO_INCREMENT=5 DEFAULT CHARSET=utf8;

/*Data for the table `candidate_master` */

insert  into `candidate_master`(`student_id`,`first_name`,`last_name`,`email`,`date_of_birth`,`mobile`,`registration_type_id`,`gender`,`mother_tongue`,`language_known`,`address1`,`address2`,`city`,`district`,`state`,`pincode`,`career_interest`,`work_mode`,`availability`,`preferred_location`,`sslc_school`,`sslc_board`,`sslc_medium`,`sslc_marks`,`sslc_year`,`hsc_school`,`hsc_board`,`hsc_medium`,`hsc_marks`,`hsc_year`,`technical_skills`,`core_skill`,`other_skills`,`resume_URL`,`linkedin_profile_url`,`profile_picture_url`,`password`,`status`,`created_on`,`created_by`,`modified_on`,`modified_by`,`deactive_on`,`deactivate_by`,`remarks`) values (1,'sathish','R','rsathishkumar4@gmail.com','1994-05-05','9619992643',1,'M',NULL,NULL,'sgsgsg','gsgsggsg',5649,4,2,123123,'2,3',2,1,'1','gsgsgsgsgs',1,3,45,2003,'gsgsgsgsgs',1,3,45,2005,NULL,NULL,NULL,NULL,NULL,NULL,NULL,0,'2016-07-15 19:53:08',NULL,NULL,NULL,NULL,NULL,NULL),(2,'kumar','R','sathish@mahendra.in','1994-05-05','8465644554',1,'M',NULL,NULL,'gsgsgsgsg','sgsgsgsg',19,18,3,123123,'2',2,1,'12','sgsgsgsgsgs',1,3,45,2004,'shdhdhdhdh',1,3,67,2006,NULL,NULL,NULL,NULL,NULL,NULL,'05-05-1994',0,'2016-07-15 19:59:16',NULL,NULL,NULL,NULL,NULL,NULL),(3,'Raj','esh','test@gmail.com','1994-05-05','9553464644',1,'M',NULL,NULL,'gdhdhdhdh','dhdhdhdh',5657,5,2,123123,'1',2,2,'8','shdhhdhdhdhdhd',1,3,67,2004,'dhhdhdhdhd',1,2,56,2006,NULL,NULL,NULL,NULL,NULL,NULL,'05-05-1994',0,'2016-07-15 20:03:42',NULL,NULL,NULL,NULL,NULL,NULL),(4,'Vivek','vv','vivek@test.in','1994-05-05','9629992643',1,'M',NULL,NULL,'whshdhdhdh','hdhdhdhd',5649,4,2,123123,'3',1,1,'8','sgdhdhdhdh',1,3,45,2005,'sghsgsgsgsg',2,2,56,2007,NULL,NULL,NULL,NULL,NULL,NULL,NULL,0,'2016-07-15 20:24:39',NULL,NULL,NULL,NULL,NULL,NULL);

/*Table structure for table `candidate_notification` */

DROP TABLE IF EXISTS `candidate_notification`;

CREATE TABLE `candidate_notification` (
  `notification_id` int(11) NOT NULL AUTO_INCREMENT,
  `candidate_id` int(11) DEFAULT NULL,
  `college_id` int(11) DEFAULT NULL,
  `company_id` int(11) DEFAULT NULL,
  `to_user_type` int(11) DEFAULT NULL,
  `job_id` int(11) DEFAULT NULL,
  `job_notification_type` tinyint(4) DEFAULT NULL COMMENT '1-All,2-Intrested,3-Not intrested,4-May be',
  `interview_id` int(11) DEFAULT NULL,
  `interview_notification_type` tinyint(4) DEFAULT NULL COMMENT '1-All,2-Attending,3-Not Attending,4-May be,5-selected',
  `notified_user_type` tinyint(4) DEFAULT NULL COMMENT '1-Applied individually,2-Applied through college,3-All',
  `email_notification_message` varchar(1000) DEFAULT NULL,
  `sms_notification_message` varchar(160) DEFAULT NULL,
  `created_on` timestamp NOT NULL DEFAULT CURRENT_TIMESTAMP,
  `created_by` int(11) DEFAULT NULL,
  `modified_on` timestamp NULL DEFAULT NULL,
  `modified_by` int(11) DEFAULT NULL,
  `deactivated_on` int(11) DEFAULT NULL,
  `deactivated_by` int(11) DEFAULT NULL,
  `remarks` varchar(64) DEFAULT NULL,
  PRIMARY KEY (`notification_id`)
) ENGINE=InnoDB DEFAULT CHARSET=utf8;

/*Data for the table `candidate_notification` */

/*Table structure for table `candidate_notification_response` */

DROP TABLE IF EXISTS `candidate_notification_response`;

CREATE TABLE `candidate_notification_response` (
  `id` int(11) NOT NULL AUTO_INCREMENT,
  `student_id` int(11) DEFAULT NULL,
  `clg_notification_id` int(11) DEFAULT NULL,
  `job_vacant_id` int(11) DEFAULT NULL,
  `company_id` int(11) DEFAULT NULL,
  `interview_id` varchar(255) DEFAULT NULL,
  `response` int(11) DEFAULT NULL,
  `created_on` timestamp NOT NULL DEFAULT CURRENT_TIMESTAMP ON UPDATE CURRENT_TIMESTAMP,
  KEY `id` (`id`)
) ENGINE=InnoDB DEFAULT CHARSET=utf8;

/*Data for the table `candidate_notification_response` */

/*Table structure for table `career_interest_masters` */

DROP TABLE IF EXISTS `career_interest_masters`;

CREATE TABLE `career_interest_masters` (
  `id` int(3) NOT NULL AUTO_INCREMENT,
  `name` varchar(64) NOT NULL,
  PRIMARY KEY (`id`)
) ENGINE=InnoDB AUTO_INCREMENT=9 DEFAULT CHARSET=utf8;

/*Data for the table `career_interest_masters` */

insert  into `career_interest_masters`(`id`,`name`) values (1,'IT SOFTWARE SERVICES'),(2,'ITES / BPO'),(3,'CORE ENGG'),(4,'BANKING / FINANCE'),(5,'TELECOM'),(6,'AUTOMOBILES'),(7,'MARKETING'),(8,'OTHERS');

/*Table structure for table `change_pwd_log` */

DROP TABLE IF EXISTS `change_pwd_log`;

CREATE TABLE `change_pwd_log` (
  `id` int(11) NOT NULL AUTO_INCREMENT,
  `url` varchar(255) NOT NULL,
  `status` int(11) DEFAULT '0',
  `created_on` timestamp NOT NULL DEFAULT CURRENT_TIMESTAMP,
  KEY `id` (`id`)
) ENGINE=InnoDB DEFAULT CHARSET=utf8;

/*Data for the table `change_pwd_log` */

/*Table structure for table `city_masters` */

DROP TABLE IF EXISTS `city_masters`;

CREATE TABLE `city_masters` (
  `CityId` int(11) NOT NULL AUTO_INCREMENT,
  `CityName` varchar(64) NOT NULL,
  `DistrictId` int(11) NOT NULL,
  PRIMARY KEY (`CityId`)
) ENGINE=InnoDB AUTO_INCREMENT=6039 DEFAULT CHARSET=latin1;

/*Data for the table `city_masters` */

insert  into `city_masters`(`CityId`,`CityName`,`DistrictId`) values (1,'CAR NICOBAR\r\n',1),(2,'NANCOWRY',1),(3,'GREAT NICOBAR',1),(4,'DIGLIPUR',2),(5,'MAYABUNDER',2),(6,'RANGAT',2),(7,'FERRARGUNJ',3),(8,'PORT BLAIR',3),(9,'LITTLE ANDAMAN',3),(10,'HAYULIANG',17),(11,'MANCHAL',17),(12,'GOILIANG',17),(13,'CHAGLAGAM',17),(14,'METENGLIANG',17),(15,'KIBITHOO',17),(16,'WALONG',17),(17,'HAWAI',17),(18,'KHIMIYONG',18),(19,'YATDAM',18),(20,'CHANGLANG',18),(21,'NAMTOK',18),(22,'MANMAO',18),(23,'RENUK',18),(24,'LYNGOK-LONGTOI',18),(25,'NAMPONG',18),(26,'TIKHAK RIMA PUTOK',18),(27,'JAIRAMPUR',18),(28,'VIJOYNAGAR',18),(29,'MIAO',18),(30,'KHARSANG',18),(31,'DIYUN',18),(32,'BORDUMSA',18),(33,'MIPI',19),(34,'ANINI',19),(35,'ETALIN',19),(36,'ANELIH',19),(37,'KRONLI (ARZOO CIRCLE)',19),(38,'SEIJOSA',20),(39,'DISSING-PASSO',20),(40,'PAKKE-KESSANG',20),(41,'PIZIRANG(VEO)',20),(42,'RICHUKRONG',20),(43,'SEPPA',20),(44,'LADA',20),(45,'BAMENG',20),(46,'PIPU-DIPU',20),(47,'GYAWE PURANG',20),(48,'KHENEWA',20),(49,'CHAYANGTAJO',20),(50,'SAWA',20),(51,'BOLENG',21),(52,'RIGA',21),(53,'PANGIN',21),(54,'KEBANG',21),(55,'REBO-PERGING',21),(56,'KOYU',21),(57,'KORA',21),(58,'NARI',21),(59,'NEW SEREN',21),(60,'BILAT',21),(61,'RUKSIN',21),(62,'SILLE-OYAN',21),(63,'PASIGHAT',21),(64,'MEBO',21),(65,'NAMSING',21),(66,'PALIN',22),(67,'YANGTE',22),(68,'SANGRAM',22),(69,'NYAPIN',22),(70,'PHASSANG',22),(71,'KOLORIANG',22),(72,'CHAMBANG',22),(73,'GANGTE',22),(74,'TARAK-LENGDI',22),(75,'SARLI',22),(76,'PARSI-PARLO',22),(77,'DAMIN',22),(78,'LONGDING KOLING (PIPSORANG)',22),(79,'TALI',22),(80,'SUNPURA',23),(81,'TEZU',23),(82,'WAKRO',23),(83,'CHONGKHAM',23),(84,'NAMSAI',23),(85,'LATHAO',23),(86,'PIYONG',23),(87,'LEKANG (MAHADEVPUR)',23),(88,'HUNLI',25),(89,'DESALI',25),(90,'ROING',25),(91,'DAMBUK',25),(92,'TINALI ( PAGLAM )',25),(93,'KORONU',25),(94,'DOLLUNGMUKH',26),(95,'RAGA',26),(96,'ZIRO (SADAR)',26),(97,'OLD ZIRO',26),(98,'YACHULI',26),(99,'YAZALI',26),(100,'PISTANA',26),(101,'KAMPORIJO',26),(102,'BALIJAN',27),(103,'BANDERDAWA',27),(104,'SANGDUPOTA (BESAR NELLO)',27),(105,'TARASO',27),(106,'ITANAGAR',27),(107,'NAHARLAGUN',27),(108,'DOIMUKH',27),(109,'GUMTO',27),(110,'TORU',27),(111,'SAGALEE',27),(112,'PARANG',27),(113,'LEPORIANG',27),(114,'MENGIO',27),(115,'KIMIN',27),(116,'KAKOI',27),(117,'ZEMITHANG',28),(118,'LUMLA',28),(119,'DUDUNGHAR',28),(120,'TAWANG',28),(121,'KITPI',28),(122,'JANG',28),(123,'LHOU',28),(124,'MUKTO',28),(125,'BONGKHAR',28),(126,'THINGBU',28),(127,'NAMSANG',29),(128,'SOHA',29),(129,'KHONSA',29),(130,'DADAM',29),(131,'KANUBARI',29),(132,'LAWNU',29),(133,'LONGDING',29),(134,'PUMAO',29),(135,'PANGCHAO',29),(136,'WAKKA',29),(137,'LAJU',29),(138,'TUTING',30),(139,'MIGGING',30),(140,'PALLING',30),(141,'GELLING',30),(142,'SINGA',30),(143,'YINGKIONG',30),(144,'JENGGING',30),(145,'GEKU',30),(146,'MARIYANG',30),(147,'MOPOM ( ADIPASI )',30),(148,'KATAN',30),(149,'TAKSING',31),(150,'LIMEKING',31),(151,'NACHO',31),(152,'SIYUM',31),(153,'TALIHA',31),(154,'PAYENG',31),(155,'GIBA',31),(156,'CHETAM (PEER YAPU)',31),(157,'DAPORIJO',31),(158,'PUCHI GEKO',31),(159,'DUMPORIJO',31),(160,'GUSSAR',31),(161,'GITE-RIPA',31),(162,'BARIRIJO',31),(163,'MARO',31),(164,'DIRANG',32),(165,'THEMBANG',32),(166,'NAFRA',32),(167,'BOMDILA',32),(168,'KALAKTANG',32),(169,'SHERGAON',32),(170,'RUPA',32),(171,'SINGCHUNG',32),(172,'JAMIRI',32),(173,'THRIZINO',32),(174,'BHALUKPONG',32),(175,'KAMENGBARI-DOIMARA',32),(176,'BALEMU',32),(177,'MECHUKA',33),(178,'MONIGONG',33),(179,'PIDI',33),(180,'PAYUM',33),(181,'TATO',33),(182,'KAYING',33),(183,'DARAK',33),(184,'KAMBA',33),(185,'RUMGONG',33),(186,'JOMLO MOBUK',33),(187,'LIROMOBA',33),(188,'YOMCHA',33),(189,'AALO',33),(190,'TIRBIN',33),(191,'BASAR',33),(192,'DARING',33),(193,'GENSI',33),(194,'SIBE',33),(195,'LIKABALI',33),(196,'KANGKU',33),(197,'BAGRA',33),(198,'BARNAGAR (PT)',34),(199,'BAJALI (PT)',34),(200,'SARUPETA (PT)',34),(201,'JALAH (PT)',34),(202,'GORESWAR (PT)',34),(203,'RANGIA (PT)',34),(204,'BARAMA (PT)',34),(205,'TIHU (PT)',34),(206,'GHOGRAPAR (PT)',34),(207,'BASKA',34),(208,'BAGANPARA (PT)',34),(209,'TAMULPUR',34),(210,'PATHORIGHAT (PT)',34),(211,'BARNAGAR (PT)',35),(212,'KALGACHIA',35),(213,'BAGHBOR',35),(214,'CHENGA',35),(215,'BARPETA',35),(216,'SARTHEBARI',35),(217,'BAJALI (PT)',35),(218,'SARUPETA (PT)',35),(219,'JALAH (PT)',35),(220,'BOITAMARI',36),(221,'SRIJANGRAM',36),(222,'BIJNI (PT)',36),(223,'SIDLI (PT)',36),(224,'BONGAIGAON (PT)',36),(225,'KATIGORA',37),(226,'SILCHAR',37),(227,'UDARBOND',37),(228,'SONAI',37),(229,'LAKHIPUR',37),(230,'KOKRAJHAR (PT)',38),(231,'BENGTOL',38),(232,'SIDLI (PT)',38),(233,'BONGAIGAON (PT)',38),(234,'BIJNI (PT)',38),(235,'BARNAGAR (PT)',38),(236,'KHOIRABARI (PT)',39),(237,'PATHORIGHAT (PT)',39),(238,'SIPAJHAR',39),(239,'MANGALDOI (PT)',39),(240,'KALAIGAON (PT)',39),(241,'DALGAON (PT)',39),(242,'DHEMAJI',40),(243,'SISSIBARGAON',40),(244,'JONAI',40),(245,'DHAKUAKHANA (PT-I)',40),(246,'SUBANSIRI (PT-I)',40),(247,'GOGAMUKH',40),(248,'GOSSAIGAON (PT)',41),(249,'AGAMONI',41),(250,'GOLOKGANJ (PT)',41),(251,'DHUBRI (PT)',41),(252,'BAGRIBARI (PT)',41),(253,'BILASIPARA (PT)',41),(254,'CHAPAR (PT)',41),(255,'SOUTH SALMARA',41),(256,'MANKACHAR',41),(257,'DIBRUGARH WEST',42),(258,'DIBRUGARH EAST',42),(259,'CHABUA',42),(260,'TENGAKHAT',42),(261,'MORAN',42),(262,'TINGKHONG',42),(263,'NAHARKATIYA',42),(264,'UMRANGSO',43),(265,'HAFLONG',43),(266,'MAHUR',43),(267,'MAIBONG',43),(268,'LAKHIPUR',44),(269,'BALIJANA',44),(270,'MATIA',44),(271,'DUDHNAI',44),(272,'RANGJULI',44),(273,'BOKAKHAT',45),(274,'KHUMTAI',45),(275,'DERGAON',45),(276,'GOLAGHAT',45),(277,'MORANGI',45),(278,'SARUPATHAR',45),(279,'ALGAPUR',46),(280,'HAILAKANDI',46),(281,'LALA',46),(282,'KATLICHARA',46),(283,'MAJULI',47),(284,'JORHAT WEST',47),(285,'JORHAT EAST',47),(286,'TEOK',47),(287,'TITABOR',47),(288,'MARIANI',47),(289,'AZARA',48),(290,'NORTH GUWAHATI (PT)',48),(291,'GUWAHATI',48),(292,'DISPUR',48),(293,'SONAPUR',48),(294,'CHANDRAPUR',48),(295,'GORESWAR (PT)',49),(296,'RANGIA (PT)',49),(297,'KOYA',49),(298,'KAMALPUR',49),(299,'HAJO',49),(300,'CHHAYGAON',49),(301,'GOROIMARI',49),(302,'CHAMARIA',49),(303,'NAGARBERA',49),(304,'BOKO',49),(305,'PALASBARI',49),(306,'NORTH GUWAHATI (PT)',49),(307,'DONKA',50),(308,'DIPHU',50),(309,'PHULONI',50),(310,'SILONIJAN',50),(311,'KARIMGANJ',51),(312,'BADARPUR',51),(313,'NILAMBAZAR',51),(314,'PATHARKANDI',51),(315,'RAMKRISHNA NAGAR',51),(316,'GOSSAIGAON (PT)',52),(317,'BHOWRAGURI',52),(318,'DOTOMA',52),(319,'KOKRAJHAR (PT)',52),(320,'GOLOKGANJ (PT)',52),(321,'DHUBRI (PT)',52),(322,'BAGRIBARI (PT)',52),(323,'BILASIPARA (PT)',52),(324,'CHAPAR (PT)',52),(325,'NARAYANPUR',53),(326,'BIHPURIA',53),(327,'NAOBAICHA',53),(328,'KADAM',53),(329,'NORTH LAKHIMPUR',53),(330,'DHAKUAKHANA (PT)',53),(331,'SUBANSIRI (PT)',53),(332,'MAYONG',54),(333,'BHURAGAON',54),(334,'LAHARIGHAT',54),(335,'MARIGAON',54),(336,'MIKIRBHETA',54),(337,'KALIABOR',55),(338,'SAMAGURI',55),(339,'RUPAHI',55),(340,'DHING',55),(341,'NAGAON',55),(342,'RAHA',55),(343,'KAMPUR',55),(344,'HOJAI',55),(345,'DOBOKA',55),(346,'LANKA',55),(347,'BARAMA (PT)',56),(348,'TIHU (PT)',56),(349,'PACHIM NALBARI',56),(350,'BARKHETRI',56),(351,'BARBHAG',56),(352,'NALBARI',56),(353,'BANEKUCHI',56),(354,'GHOGRAPAR (PT)',56),(355,'BAGANPARA (PT)',56),(356,'DIMOW',57),(357,'SIBSAGAR',57),(358,'AMGURI',57),(359,'NAZIRA',57),(360,'SONARI',57),(361,'MAHMORA',57),(362,'DHEKIAJULI (PT)',58),(363,'CHARIDUAR',58),(364,'TEZPUR',58),(365,'NA-DUAR',58),(366,'BISWANATH',58),(367,'HELEM',58),(368,'GOHPUR',58),(369,'SADIYA',59),(370,'DOOM DOOMA',59),(371,'TINSUKIA',59),(372,'MARGHERITA',59),(373,'KHOIRABARI (PT)',60),(374,'PATHORIGHAT (PT)',60),(375,'MANGALDOI (PT)',60),(376,'KALAIGAON (PT)',60),(377,'DALGAON (PT)',60),(378,'HARISINGA',60),(379,'UDALGURI',60),(380,'MAZBAT',60),(381,'DHEKIAJULI (PT)',60),(382,'NARPATGANJ',61),(383,'FORBESGANJ',61),(384,'BHARGAMA',61),(385,'RANIGANJ',61),(386,'ARARIA',61),(387,'KURSAKATTA',61),(388,'SIKTI',61),(389,'PALASI',61),(390,'JOKIHAT',61),(391,'ARWAL',62),(392,'KALER',62),(393,'KARPI',62),(394,'SONBHADRA BANSHI SURYAPUR',62),(395,'KURTHA',62),(396,'DAUDNAGAR',63),(397,'HASPURA',63),(398,'GOH',63),(399,'RAFIGANJ',63),(400,'OBRA',63),(401,'AURANGABAD',63),(402,'BARUN',63),(403,'NABINAGAR',63),(404,'KUTUMBA',63),(405,'DEO',63),(406,'MADANPUR',63),(407,'SHAMBHUGANJ',64),(408,'AMARPUR',64),(409,'RAJAUN',64),(410,'DHURAIYA',64),(411,'BARAHAT',64),(412,'BANKA',64),(413,'PHULIDUMAR',64),(414,'BELHAR',64),(415,'CHANAN',64),(416,'KATORIA',64),(417,'BAUSI',64),(418,'KHUDABANDPUR',65),(419,'CHHORAHI',65),(420,'GARHPURA',65),(421,'CHERIA BARIARPUR',65),(422,'BHAGWANPUR',65),(423,'MANSURCHAK',65),(424,'BACHHWARA',65),(425,'TEGHRA',65),(426,'BARAUNI',65),(427,'BIRPUR',65),(428,'BEGUSARAI',65),(429,'NAOKOTHI',65),(430,'BAKHRI',65),(431,'DANDARI',65),(432,'SAHEBPUR KAMAL',65),(433,'BALIA',65),(434,'MATIHANI',65),(435,'SHAMHO AKHA KURHA',65),(436,'NARAYANPUR',66),(437,'BIHPUR',66),(438,'KHARIK',66),(439,'NAUGACHHIA',66),(440,'RANGRA CHOWK',66),(441,'GOPALPUR',66),(442,'PIRPAINTI',66),(443,'COLGONG',66),(444,'ISMAILPUR',66),(445,'SABOUR',66),(446,'NATHNAGAR',66),(447,'SULTANGANJ',66),(448,'SHAHKUND',66),(449,'GORADIH',66),(450,'JAGDISHPUR',66),(451,'SONHAULA',66),(452,'SHAHPUR',67),(453,'ARRAH',67),(454,'BARHARA',67),(455,'KOILWAR',67),(456,'SANDESH',67),(457,'UDWANT NAGAR',67),(458,'BEHEA',67),(459,'JAGDISHPUR',67),(460,'PIRO',67),(461,'CHARPOKHARI',67),(462,'GARHANI',67),(463,'AGIAON',67),(464,'TARARI',67),(465,'SAHAR',67),(466,'SIMRI',68),(467,'CHAKKI',68),(468,'BARHAMPUR',68),(469,'CHAUGAIN',68),(470,'KESATH',68),(471,'DUMRAON',68),(472,'BUXAR',68),(473,'CHAUSA',68),(474,'RAJPUR',68),(475,'ITARHI',68),(476,'NAWANAGAR',68),(477,'JALE',69),(478,'SINGHWARA',69),(479,'KEOTIRANWAY',69),(480,'DARBHANGA',69),(481,'MANIGACHHI',69),(482,'TARDIH',69),(483,'ALINAGAR',69),(484,'BENIPUR',69),(485,'BAHADURPUR',69),(486,'HANUMANNAGAR',69),(487,'HAYAGHAT',69),(488,'BAHERI',69),(489,'BIRAUL',69),(490,'GHANSHYAMPUR',69),(491,'KIRATPUR',69),(492,'GORA BAURAM',69),(493,'KUSHESHWAR ASTHAN',69),(494,'KUSHESHWAR ASTHAN PURBI',69),(495,'RAXAUL',70),(496,'ADAPUR',70),(497,'RAMGARHWA',70),(498,'SUGAULI',70),(499,'BANJARIA',70),(500,'NARKATIA',70),(501,'BANKATWA',70),(502,'GHORASAHAN',70),(503,'DHAKA',70),(504,'CHIRAIA',70),(505,'MOTIHARI',70),(506,'TURKAULIA',70),(507,'HARSIDHI',70),(508,'PAHARPUR',70),(509,'ARERAJ',70),(510,'SANGRAMPUR',70),(511,'KESARIA',70),(512,'KALYANPUR',70),(513,'KOTWA',70),(514,'PIPRAKOTHI',70),(515,'CHAKIA(PIPRA)',70),(516,'PAKRI DAYAL',70),(517,'PATAHI',70),(518,'PHENHARA',70),(519,'MADHUBAN',70),(520,'TETARIA',70),(521,'MEHSI',70),(522,'KONCH',71),(523,'TIKARI',71),(524,'BELAGANJ',71),(525,'KHIZIRSARAI',71),(526,'NEEM CHAK BATHANI',71),(527,'MUHRA',71),(528,'ATRI',71),(529,'MANPUR',71),(530,'GAYA TOWN C.D.BLOCK',71),(531,'PARAIYA',71),(532,'GURARU',71),(533,'GURUA',71),(534,'AMAS',71),(535,'BANKE BAZAR',71),(536,'IMAMGANJ',71),(537,'DUMARIA',71),(538,'SHERGHATI',71),(539,'DOBHI',71),(540,'BODH GAYA',71),(541,'TAN KUPPA',71),(542,'WAZIRGANJ',71),(543,'FATEHPUR',71),(544,'MOHANPUR',71),(545,'BARACHATTI',71),(546,'KATIYA',72),(547,'BIJAIPUR',72),(548,'BHOREY',72),(549,'PACH DEURI',72),(550,'KUCHAIKOTE',72),(551,'PHULWARIA',72),(552,'HATHUA',72),(553,'UCHKAGAON',72),(554,'THAWE',72),(555,'GOPALGANJ',72),(556,'MANJHA',72),(557,'BARAULI',72),(558,'SIDHWALIA',72),(559,'BAIKUNTHPUR',72),(560,'ISLAMNAGAR ALIGANJ',73),(561,'SIKANDRA',73),(562,'JAMUI',73),(563,'BARHAT',73),(564,'LAKSHMIPUR',73),(565,'JHAJHA',73),(566,'GIDHAUR',73),(567,'KHAIRA',73),(568,'SONO',73),(569,'CHAKAI',73),(570,'RATNI FARIDPUR',74),(571,'JEHANABAD',74),(572,'KAKO',74),(573,'MODANGANJ',74),(574,'GHOSHI',74),(575,'MAKHDUMPUR',74),(576,'HULASGANJ',74),(577,'RAMGARH',75),(578,'NUAON',75),(579,'KUDRA',75),(580,'MOHANIA',75),(581,'DURGAWATI',75),(582,'CHAND',75),(583,'CHAINPUR',75),(584,'BHABUA',75),(585,'RAMPUR',75),(586,'BHAGWANPUR',75),(587,'ADHAURA',75),(588,'FALKA',76),(589,'KORHA',76),(590,'HASANGANJ',76),(591,'KADWA',76),(592,'BALRAMPUR',76),(593,'BARSOI',76),(594,'AZAMNAGAR',76),(595,'PRANPUR',76),(596,'DANDKHORA',76),(597,'KATIHAR',76),(598,'MANSAHI',76),(599,'BARARI',76),(600,'SAMELI',76),(601,'KURSELA',76),(602,'MANIHARI',76),(603,'AMDABAD',76),(604,'ALAULI',77),(605,'KHAGARIA',77),(606,'MANSI',77),(607,'CHAUTHAM',77),(608,'BELDAUR',77),(609,'GOGRI',77),(610,'PARBATTA',77),(611,'TERHAGACHH',78),(612,'DIGHALBANK',78),(613,'THAKURGANJ',78),(614,'POTHIA',78),(615,'BAHADURGANJ',78),(616,'KOCHADHAMIN',78),(617,'KISHANGANJ',78),(618,'BARAHIYA',79),(619,'PIPARIYA',79),(620,'SURAJGARHA',79),(621,'LAKHISARAI',79),(622,'CHANAN*',79),(623,'RAMGARH CHOWK',79),(624,'HALSI',79),(625,'GAMHARIA',80),(626,'SINGHESHWAR',80),(627,'GHAILARH',80),(628,'MADHEPURA',80),(629,'SHANKARPUR',80),(630,'KUMARKHAND',80),(631,'MURLIGANJ',80),(632,'GWALPARA',80),(633,'BIHARIGANJ',80),(634,'KISHANGANJ',80),(635,'PURAINI',80),(636,'ALAMNAGAR',80),(637,'CHAUSA',80),(638,'RAJNAGAR',81),(639,'ANDHRATHARHI',81),(640,'JHANJHARPUR',81),(641,'GHOGHARDIHA',81),(642,'LAKHNAUR',81),(643,'MADHEPUR',81),(644,'MADHWAPUR',81),(645,'HARLAKHI',81),(646,'BASOPATTI',81),(647,'JAINAGAR',81),(648,'LADANIA',81),(649,'LAUKAHA',81),(650,'LAUKAHI',81),(651,'PHULPARAS',81),(652,'BABUBARHI',81),(653,'KHAJAULI',81),(654,'KALUAHI',81),(655,'BENIPATTI',81),(656,'BISFI',81),(657,'MADHUBANI',81),(658,'PANDAUL',81),(659,'MUNGER',82),(660,'BARIARPUR',82),(661,'JAMALPUR',82),(662,'DHARHARA',82),(663,'KHARAGPUR',82),(664,'ASARGANJ',82),(665,'TARAPUR',82),(666,'TETIHA BAMBOR',82),(667,'SANGRAMPUR',82),(668,'SAHEBGANJ',83),(669,'BARURAJ (MOTIPUR)',83),(670,'PAROO',83),(671,'SARAIYA',83),(672,'MARWAN',83),(673,'KANTI',83),(674,'MINAPUR',83),(675,'BOCHAHA',83),(676,'AURAI',83),(677,'KATRA',83),(678,'GAIGHAT',83),(679,'BANDRA',83),(680,'DHOLI (MORAUL)',83),(681,'MUSAHRI',83),(682,'KURHANI',83),(683,'SAKRA',83),(684,'KARAI PARSURAI',84),(685,'NAGAR NAUSA',84),(686,'HARNAUT',84),(687,'CHANDI',84),(688,'RAHUI',84),(689,'BIND',84),(690,'SARMERA',84),(691,'ASTHAWAN',84),(692,'BIHAR',84),(693,'NOORSARAI',84),(694,'THARTHARI',84),(695,'PARBALPUR',84),(696,'HILSA',84),(697,'EKANGARSARAI',84),(698,'ISLAMPUR',84),(699,'BEN',84),(700,'RAJGIR',84),(701,'SILAO',84),(702,'GIRIAK',84),(703,'KATRISARAI',84),(704,'NARDIGANJ',85),(705,'NAWADA',85),(706,'WARISALIGANJ',85),(707,'KASHI CHAK',85),(708,'PAKRIBARAWAN',85),(709,'KAWAKOL',85),(710,'ROH',85),(711,'GOBINDPUR',85),(712,'AKBARPUR',85),(713,'HISUA',85),(714,'NARHAT',85),(715,'MESKAUR',85),(716,'SIRDALA',85),(717,'RAJAULI',85),(718,'PATNA RURAL',86),(719,'SAMPATCHAK',86),(720,'PHULWARI',86),(721,'BIHTA',86),(722,'NAUBATPUR',86),(723,'BIKRAM',86),(724,'DULHIN BAZAR',86),(725,'PALIGANJ',86),(726,'MASAURHI',86),(727,'DHANARUA',86),(728,'PUNPUN',86),(729,'FATWAH',86),(730,'DANIAWAN',86),(731,'KHUSRUPUR',86),(732,'BAKHTIARPUR',86),(733,'ATHMALGOLA',86),(734,'BELCHHI',86),(735,'BARH',86),(736,'PANDARAK',86),(737,'GHOSWARI',86),(738,'MOKAMEH',86),(739,'MANER',86),(740,'DINAPUR-CUM-KHAGAUL',86),(741,'BANMANKHI',87),(742,'BARHARA',87),(743,'BHAWANIPUR',87),(744,'RUPAULI',87),(745,'DHAMDAHA',87),(746,'KRITYANAND NAGAR',87),(747,'PURNIA EAST',87),(748,'KASBA',87),(749,'SRINAGAR',87),(750,'JALALGARH',87),(751,'AMOUR',87),(752,'BAISA',87),(753,'BAISI',87),(754,'DAGARUA',87),(755,'KOCHAS',88),(756,'DINARA',88),(757,'DAWATH',88),(758,'SURYAPURA',88),(759,'BIKRAMGANJ',88),(760,'KARAKAT',88),(761,'NASRIGANJ',88),(762,'RAJPUR',88),(763,'SANJHAULI',88),(764,'NOKHA',88),(765,'KARGAHAR',88),(766,'CHENARI',88),(767,'NAUHATTA',88),(768,'SHEOSAGAR',88),(769,'SASARAM',88),(770,'AKORHI GOLA',88),(771,'DEHRI',88),(772,'TILOUTHU',88),(773,'ROHTAS',88),(774,'NAUHATTA',89),(775,'SATAR KATAIYA',89),(776,'MAHISHI',89),(777,'KAHARA',89),(778,'SAUR BAZAR',89),(779,'PATARGHAT',89),(780,'SONBARSA',89),(781,'SIMRI BAKHTIARPUR',89),(782,'SALKHUA',89),(783,'BANMA ITAHRI',89),(784,'KALYANPUR',90),(785,'WARISNAGAR',90),(786,'SHIVAJI NAGAR',90),(787,'KHANPUR',90),(788,'SAMASTIPUR',90),(789,'PUSA',90),(790,'TAJPUR',90),(791,'MORWA',90),(792,'PATORI',90),(793,'MOHANPUR',90),(794,'MOHIUDDINAGAR',90),(795,'SARAIRANJAN',90),(796,'VIDYAPATI NAGAR',90),(797,'DALSINGHSARAI',90),(798,'UJIARPUR',90),(799,'BIBHUTPUR',90),(800,'ROSERA',90),(801,'SINGHIA',90),(802,'HASANPUR',90),(803,'BITHAN',90),(804,'MASHRAKH',91),(805,'PANAPUR',91),(806,'TARAIYA',91),(807,'ISHUPUR',91),(808,'BANIAPUR',91),(809,'LAHLADPUR',91),(810,'EKMA',91),(811,'MANJHI',91),(812,'JALALPUR',91),(813,'REVELGANJ',91),(814,'CHAPRA',91),(815,'NAGRA',91),(816,'MARHAURA',91),(817,'AMNOUR',91),(818,'MAKER',91),(819,'PARSA',91),(820,'DARIAPUR',91),(821,'GARKHA',91),(822,'DIGHWARA',91),(823,'SONEPUR',91),(824,'BARBIGHA',92),(825,'SHEKHOPUR SARAI',92),(826,'SHEIKHPURA',92),(827,'GHAT KUSUMBHA',92),(828,'CHEWARA',92),(829,'ARIARI',92),(830,'PURNAHIYA',93),(831,'PIPRARHI',93),(832,'SHEOHAR',93),(833,'DUMRI KATSARI',93),(834,'TARIANI CHOWK',93),(835,'BAIRGANIA',94),(836,'SUPPI',94),(837,'MAJORGANJ',94),(838,'SONBARSA',94),(839,'PARIHAR',94),(840,'SURSAND',94),(841,'BATHNAHA',94),(842,'RIGA',94),(843,'PARSAUNI',94),(844,'BELSAND',94),(845,'RUNISAIDPUR',94),(846,'DUMRA',94),(847,'BAJPATTI',94),(848,'CHARAUT',94),(849,'PUPRI',94),(850,'NANPUR',94),(851,'BOKHARA',94),(852,'NAUTAN',95),(853,'SIWAN',95),(854,'BARHARIA',95),(855,'GORIAKOTHI',95),(856,'LAKRI NABIGANJ',95),(857,'BASANTPUR',95),(858,'BHAGWANPUR HAT',95),(859,'MAHARAJGANJ',95),(860,'PACHRUKHI',95),(861,'HUSSAINGANJ',95),(862,'ZIRADEI',95),(863,'MAIRWA',95),(864,'GUTHANI',95),(865,'DARAULI',95),(866,'ANDAR',95),(867,'RAGHUNATHPUR',95),(868,'HASANPURA',95),(869,'DARAUNDHA',95),(870,'SISWAN',95),(871,'NIRMALI',96),(872,'BASANTPUR',96),(873,'CHHATAPUR',96),(874,'PRATAPGANJ',96),(875,'RAGHOPUR',96),(876,'SARAIGARH BHAPTIYAHI',96),(877,'KISHANPUR',96),(878,'MARAUNA',96),(879,'SUPAUL',96),(880,'PIPRA',96),(881,'TRIBENIGANJ',96),(882,'VAISHALI',97),(883,'PATERHI BELSAR',97),(884,'LALGANJ',97),(885,'BHAGWANPUR',97),(886,'GORAUL',97),(887,'CHEHRA KALAN',97),(888,'PATEPUR',97),(889,'MAHUA',97),(890,'JANDAHA',97),(891,'RAJA PAKAR',97),(892,'HAJIPUR',97),(893,'RAGHOPUR',97),(894,'BIDUPUR',97),(895,'DESRI',97),(896,'SAHDAI BUZURG',97),(897,'MAHNAR',97),(898,'SIDHAW',98),(899,'RAMNAGAR',98),(900,'GAUNAHA',98),(901,'MAINATANR',98),(902,'NARKATIAGANJ',98),(903,'LAURIYA',98),(904,'BAGAHA',98),(905,'PIPRASI',98),(906,'MADHUBANI',98),(907,'BHITAHA',98),(908,'THAKRAHAN',98),(909,'JOGAPATTI',98),(910,'CHANPATIA',98),(911,'SIKTA',98),(912,'MAJHAULIA',98),(913,'BETTIAH',98),(914,'BAIRIA',98),(915,'NAUTAN',98),(916,'CHANDIGARH',99),(917,'BHOPALPATTNAM',105),(918,'USUR',105),(919,'BIJAPUR',105),(920,'BHAIRAMGARH',105),(921,'PENDRA ROAD GORELLA',106),(922,'MARWAHI',106),(923,'PENDRA',106),(924,'LORMI',106),(925,'KOTA',106),(926,'MUNGELI',106),(927,'PATHARIYA',106),(928,'TAKHATPUR',106),(929,'BILASPUR',106),(930,'MASTURI',106),(931,'BILHA',106),(932,'DANTEWADA',107),(933,'GIDAM',107),(934,'KATEKALYAN',107),(935,'KUAKONDA',107),(936,'KONTA',107),(937,'CHHINDGARH',107),(938,'SUKMA',107),(939,'KURUD',108),(940,'MAGARLOD',108),(941,'DHAMTARI',108),(942,'NAGRI',108),(943,'NAWAGARH',109),(944,'BEMETARA',109),(945,'SAJA',109),(946,'THANAKHAMRIA',109),(947,'BERLA',109),(948,'DHAMDHA',109),(949,'DURG',109),(950,'PATAN',109),(951,'GUNDERDEHI',109),(952,'DONDI LUHARA',109),(953,'BALOD',109),(954,'DONDI',109),(955,'GURUR',109),(956,'JANJGIR',111),(957,'AKALTARA',111),(958,'BALODA',111),(959,'NAWAGARH',111),(960,'CHAMPA',111),(961,'SAKTI',111),(962,'PAMGARH',111),(963,'DABHRA',111),(964,'MALKHARODA',111),(965,'JAIJAIPUR',111),(966,'BAGICHA',112),(967,'KANSABEL',112),(968,'JASHPUR',112),(969,'MANORA',112),(970,'KUNKURI',112),(971,'DULDULA',112),(972,'FARSABAHAR',112),(973,'PATHALGAON',112),(974,'KAWARDHA',113),(975,'BODLA',113),(976,'SAHASPUR LOHARA',113),(977,'PANDARIYA',113),(978,'CHARAMA',114),(979,'BHANUPRATAPPUR',114),(980,'DURGKONDAL',114),(981,'KANKER',114),(982,'NARHARPUR',114),(983,'ANTAGARH',114),(984,'PAKHANJUR',114),(985,'KATGHORA',116),(986,'POUNDI-UPRODA',116),(987,'PALI',116),(988,'KORBA',116),(989,'KARTALA',116),(990,'BHARATPUR',117),(991,'BAIKUNTHPUR',117),(992,'SONHAT',117),(993,'MANENDRAGARH',117),(994,'KHADGANVA',117),(995,'BASNA',118),(996,'SARAIPALI',118),(997,'MAHASAMUND',118),(998,'PITHORA',118),(999,'BAGBAHRA',118),(1000,'NARAYANPUR',120),(1001,'ORCHHA',120),(1002,'UDAIPUR (DHARAMJAIGARH)',121),(1003,'LAILUNGA',121),(1004,'GHARGHODA',121),(1005,'TAMNAR',121),(1006,'RAIGARH',121),(1007,'PUSOUR',121),(1008,'KHARSIA',121),(1009,'SARANGARH',121),(1010,'BARAMKELA',121),(1011,'SIMGA',122),(1012,'BHATAPARA',122),(1013,'BALODA BAZAR',122),(1014,'PALARI',122),(1015,'KASDOL',122),(1016,'BILAIGARH',122),(1017,'ARANG',122),(1018,'ABHANPUR',122),(1019,'RAIPUR',122),(1020,'RAJIM',122),(1021,'TILDA',122),(1022,'BINDRANAVAGARH(GARIYABAND)',122),(1023,'CHHURA',122),(1024,'MAINPUR',122),(1025,'DEOBHOG',122),(1026,'CHHUIKHADAN',123),(1027,'KHAIRAGARH',123),(1028,'DONGARGARH',123),(1029,'RAJNANDGAON',123),(1030,'CHHURIYA',123),(1031,'DONGARGAON',123),(1032,'MOHLA',123),(1033,'MANPUR',123),(1034,'AMBAGARH',123),(1035,'RAMANUJGANJ',126),(1036,'BALRAMPUR',126),(1037,'WADRAFNAGAR',126),(1038,'PRATAPPUR',126),(1039,'SAMRI(KUSMI)',126),(1040,'SHANKARGARH',126),(1041,'SURAJPUR',126),(1042,'OUDGI',126),(1043,'BHAIYATHAN',126),(1044,'RAMANUJNAGAR',126),(1045,'PREMNAGAR',126),(1046,'AMBIKAPUR',126),(1047,'LAKHANPUR',126),(1048,'UDAYPUR',126),(1049,'RAJPUR',126),(1050,'LUNDRA',126),(1051,'SITAPUR',126),(1052,'BATOULI',126),(1053,'MAINPAT',126),(1054,'DADRA & NAGAR HAVELI',127),(1055,'DAMAN',128),(1056,'DIU',129),(1057,'DARYA GANJ',130),(1058,'PAHAR GANJ',130),(1059,'KAROL BAGH',130),(1060,'GANDHI NAGAR',131),(1061,'VIVEK VIHAR',131),(1062,'PREET VIHAR',131),(1063,'CONNAUGHT PLACE',132),(1064,'CHANAKYA PURI',132),(1065,'PARLIAMENT STREET',132),(1066,'CIVIL LINES',133),(1067,'SADAR BAZAR',133),(1068,'KOTWALI',133),(1069,'SEELAM PUR',134),(1070,'SHAHDARA',134),(1071,'SEEMA PURI',134),(1072,'NARELA',135),(1073,'SARASWATI VIHAR',135),(1074,'MODEL TOWN',135),(1075,'HAUZ KHAS',136),(1076,'DEFENCE COLONY',136),(1077,'KALKAJI',136),(1078,'NAJAFGARH',137),(1079,'DELHI CANTONMENT',137),(1080,'VASANT VIHAR',137),(1081,'PATEL NAGAR',138),(1082,'RAJOURI GARDEN',138),(1083,'PUNJABI BAGH',138),(1084,'PERNEM',139),(1085,'BARDEZ',139),(1086,'TISWADI',139),(1087,'BICHOLIM',139),(1088,'SATARI',139),(1089,'PONDA',139),(1090,'MORMUGAO',140),(1091,'SALCETE',140),(1092,'QUEPEM',140),(1093,'SANGUEM',140),(1094,'CANACONA',140),(1095,'MANDAL',141),(1096,'DETROJ-RAMPURA',141),(1097,'VIRAMGAM',141),(1098,'SANAND',141),(1099,'AHMADABAD CITY',141),(1100,'DASKROI',141),(1101,'DHOLKA',141),(1102,'BAVLA',141),(1103,'RANPUR',141),(1104,'BARWALA',141),(1105,'DHANDHUKA',141),(1106,'KUNKAVAV VADIA',142),(1107,'BABRA',142),(1108,'LATHI',142),(1109,'LILIA',142),(1110,'AMRELI',142),(1111,'BAGASARA',142),(1112,'DHARI',142),(1113,'SAVAR KUNDLA',142),(1114,'KHAMBHA',142),(1115,'JAFRABAD',142),(1116,'RAJULA',142),(1117,'TARAPUR',143),(1118,'SOJITRA',143),(1119,'UMRETH',143),(1120,'ANAND',143),(1121,'PETLAD',143),(1122,'KHAMBHAT',143),(1123,'BORSAD',143),(1124,'ANKLAV',143),(1125,'DANTA',145),(1126,'VADGAM',145),(1127,'PALANPUR',145),(1128,'DEESA',145),(1129,'DEODAR',145),(1130,'BHABHAR',145),(1131,'KANKREJ',145),(1132,'VAV',145),(1133,'THARAD',145),(1134,'DHANERA',145),(1135,'DANTIWADA',145),(1136,'AMIRGADH',145),(1137,'JAMBUSAR',146),(1138,'AMOD',146),(1139,'VAGRA',146),(1140,'BHARUCH',146),(1141,'JHAGADIA',146),(1142,'ANKLESVAR',146),(1143,'HANSOT',146),(1144,'VALIA',146),(1145,'BOTAD',147),(1146,'VALLABHIPUR',147),(1147,'GADHADA',147),(1148,'UMRALA',147),(1149,'BHAVNAGAR',147),(1150,'GHOGHA',147),(1151,'SIHOR',147),(1152,'GARIADHAR',147),(1153,'PALITANA',147),(1154,'TALAJA',147),(1155,'MAHUVA',147),(1156,'FATEPURA',150),(1157,'JHALOD',150),(1158,'LIMKHEDA',150),(1159,'DOHAD',150),(1160,'GARBADA',150),(1161,'DEVGADBARIA',150),(1162,'DHANPUR',150),(1163,'THE DANGS',151),(1164,'KALOL',153),(1165,'MANSA',153),(1166,'GANDHINAGAR',153),(1167,'DEHGAM',153),(1168,'OKHAMANDAL',155),(1169,'KHAMBHALIA',155),(1170,'JAMNAGAR',155),(1171,'JODIYA',155),(1172,'DHROL',155),(1173,'KALAVAD',155),(1174,'LALPUR',155),(1175,'KALYANPUR',155),(1176,'BHANVAD',155),(1177,'JAMJODHPUR',155),(1178,'MANAVADAR',156),(1179,'VANTHALI',156),(1180,'JUNAGADH',156),(1181,'BHESAN',156),(1182,'VISAVADAR',156),(1183,'MENDARDA',156),(1184,'KESHOD',156),(1185,'MANGROL',156),(1186,'MALIA',156),(1187,'TALALA',156),(1188,'PATAN-VERAVAL',156),(1189,'SUTRAPADA',156),(1190,'KODINAR',156),(1191,'UNA',156),(1192,'LAKHPAT',157),(1193,'RAPAR',157),(1194,'BHACHAU',157),(1195,'ANJAR',157),(1196,'BHUJ',157),(1197,'NAKHATRANA',157),(1198,'ABDASA',157),(1199,'MANDVI',157),(1200,'MUNDRA',157),(1201,'GANDHIDHAM',157),(1202,'KAPADVANJ',158),(1203,'VIRPUR',158),(1204,'BALASINOR',158),(1205,'KATHLAL',158),(1206,'MEHMEDABAD',158),(1207,'KHEDA',158),(1208,'MATAR',158),(1209,'NADIAD',158),(1210,'MAHUDHA',158),(1211,'THASRA',158),(1212,'SATLASANA',160),(1213,'KHERALU',160),(1214,'UNJHA',160),(1215,'VISNAGAR',160),(1216,'VADNAGAR',160),(1217,'VIJAPUR',160),(1218,'MAHESANA',160),(1219,'BECHARAJI',160),(1220,'KADI',160),(1221,'TILAKWADA',162),(1222,'NANDOD',162),(1223,'DEDIAPADA',162),(1224,'SAGBARA',162),(1225,'NAVSARI',163),(1226,'JALALPORE',163),(1227,'GANDEVI',163),(1228,'CHIKHLI',163),(1229,'BANSDA',163),(1230,'KALOL',164),(1231,'GHOGHAMBA',164),(1232,'HALOL',164),(1233,'JAMBUGHODA',164),(1234,'KHANPUR',164),(1235,'KADANA',164),(1236,'SANTRAMPUR',164),(1237,'LUNAWADA',164),(1238,'SHEHERA',164),(1239,'MORWA (HADAF)',164),(1240,'GODHRA',164),(1241,'SANTALPUR',165),(1242,'RADHANPUR',165),(1243,'SIDHPUR',165),(1244,'PATAN',165),(1245,'HARIJ',165),(1246,'SAMI',165),(1247,'CHANASMA',165),(1248,'PORBANDAR',166),(1249,'RANAVAV',166),(1250,'KUTIYANA',166),(1251,'MALIYA',167),(1252,'MORVI',167),(1253,'TANKARA',167),(1254,'WANKANER',167),(1255,'PADDHARI',167),(1256,'RAJKOT',167),(1257,'LODHIKA',167),(1258,'KOTDA SANGANI',167),(1259,'JASDAN',167),(1260,'GONDAL',167),(1261,'JAMKANDORNA',167),(1262,'UPLETA',167),(1263,'DHORAJI',167),(1264,'JETPUR',167),(1265,'KHEDBRAHMA',168),(1266,'VIJAYNAGAR',168),(1267,'VADALI',168),(1268,'IDAR',168),(1269,'BHILODA',168),(1270,'MEGHRAJ',168),(1271,'HIMATNAGAR',168),(1272,'PRANTIJ',168),(1273,'TALOD',168),(1274,'MODASA',168),(1275,'DHANSURA',168),(1276,'MALPUR',168),(1277,'BAYAD',168),(1278,'OLPAD',169),(1279,'MANGROL',169),(1280,'UMARPADA',169),(1281,'MANDVI',169),(1282,'KAMREJ',169),(1283,'SURAT CITY',169),(1284,'CHORASI',169),(1285,'PALSANA',169),(1286,'BARDOLI',169),(1287,'MAHUVA',169),(1288,'HALVAD',170),(1289,'DHRANGADHRA',170),(1290,'DASADA',170),(1291,'LAKHTAR',170),(1292,'WADHWAN',170),(1293,'MULI',170),(1294,'CHOTILA',170),(1295,'SAYLA',170),(1296,'CHUDA',170),(1297,'LIMBDI',170),(1298,'NIZAR',171),(1299,'UCHCHHAL',171),(1300,'SONGADH',171),(1301,'VYARA',171),(1302,'VALOD',171),(1303,'SAVLI',172),(1304,'VADODARA',172),(1305,'VAGHODIA',172),(1306,'JETPUR PAVI',172),(1307,'CHHOTA UDAIPUR',172),(1308,'KAVANT',172),(1309,'NASVADI',172),(1310,'SANKHEDA',172),(1311,'DABHOI',172),(1312,'PADRA',172),(1313,'KARJAN',172),(1314,'SINOR',172),(1315,'VALSAD',173),(1316,'DHARAMPUR',173),(1317,'PARDI',173),(1318,'KAPRADA',173),(1319,'UMBERGAON',173),(1320,'NARAINGARH',174),(1321,'AMBALA',174),(1322,'BARARA',174),(1323,'BAWANI KHERA',175),(1324,'BHIWANI',175),(1325,'TOSHAM',175),(1326,'SIWANI',175),(1327,'LOHARU',175),(1328,'DADRI',175),(1329,'BADHRA',175),(1330,'FARIDABAD',176),(1331,'BALLABGARH',176),(1332,'RATIA',177),(1333,'TOHANA',177),(1334,'FATEHABAD',177),(1335,'PATAUDI',178),(1336,'GURGAON',178),(1337,'FARRUKHNAGAR',178),(1338,'MANESAR',178),(1339,'SOHNA',178),(1340,'ADAMPUR',179),(1341,'HISAR',179),(1342,'NARNAUND',179),(1343,'HANSI',179),(1344,'BERI',180),(1345,'BAHADURGARH',180),(1346,'JHAJJAR',180),(1347,'MATENHAIL',180),(1348,'NARWANA',181),(1349,'JIND',181),(1350,'JULANA',181),(1351,'SAFIDON',181),(1352,'GUHLA',182),(1353,'KAITHAL',182),(1354,'FATEHPUR PUNDRI',182),(1355,'NILOKHERI',183),(1356,'INDRI',183),(1357,'KARNAL',183),(1358,'ASSANDH',183),(1359,'GHARAUNDA',183),(1360,'SHAHBAD',184),(1361,'PEHOWA',184),(1362,'THANESAR',184),(1363,'MAHENDRAGARH',185),(1364,'NARNAUL',185),(1365,'TAORU',186),(1366,'NUH',186),(1367,'FEROZEPUR JHIRKA',186),(1368,'PUNAHANA',186),(1369,'PALWAL',187),(1370,'HATHIN',187),(1371,'HODAL',187),(1372,'KALKA',188),(1373,'PANCHKULA',188),(1374,'PANIPAT',189),(1375,'ISRANA',189),(1376,'SAMALKHA',189),(1377,'KOSLI',190),(1378,'REWARI',190),(1379,'BAWAL',190),(1380,'MAHAM',191),(1381,'ROHTAK',191),(1382,'SAMPLA',191),(1383,'DABWALI',192),(1384,'SIRSA',192),(1385,'RANIA',192),(1386,'ELLENABAD',192),(1387,'GOHANA',193),(1388,'GANAUR',193),(1389,'SONIPAT',193),(1390,'KHARKHODA',193),(1391,'JAGADHRI',194),(1392,'BILASPUR',194),(1393,'CHHACHHRAULI',194),(1394,'GHUMARWIN',195),(1395,'BHARARI',195),(1396,'JHANDUTA',195),(1397,'NAINA DEVI',195),(1398,'BILASPUR SADAR',195),(1399,'NAMHOL',195),(1400,'PANGI',196),(1401,'CHAURAH',196),(1402,'SALUNI',196),(1403,'BHALAI',196),(1404,'DALHOUSIE',196),(1405,'BHATTIYAT',196),(1406,'SIHUNTA',196),(1407,'CHAMBA',196),(1408,'HOLI',196),(1409,'BRAHMAUR',196),(1410,'TIRA SUJANPUR',197),(1411,'NADAUN',197),(1412,'GALORE',197),(1413,'HAMIRPUR',197),(1414,'BARSAR',197),(1415,'DHATWAL',197),(1416,'BHORANJ',197),(1417,'NURPUR',198),(1418,'INDORA',198),(1419,'FATEHPUR',198),(1420,'JAWALI',198),(1421,'HARCHAKIAN',198),(1422,'SHAHPUR',198),(1423,'DHARMSALA',198),(1424,'KANGRA',198),(1425,'NAGROTA BAGWAN',198),(1426,'BAROH',198),(1427,'DERA GOPIPUR',198),(1428,'JAWALAMUKHI',198),(1429,'JASWAN',198),(1430,'RAKKAR',198),(1431,'KHUNDIAN',198),(1432,'THURAL',198),(1433,'DHIRA',198),(1434,'JAISINGHPUR',198),(1435,'PALAMPUR',198),(1436,'BAIJNATH',198),(1437,'MULTHAN',198),(1438,'HANGRANG',199),(1439,'POO',199),(1440,'MORANG',199),(1441,'KALPA',199),(1442,'NICHAR',199),(1443,'SANGLA',199),(1444,'MANALI',200),(1445,'KULLU',200),(1446,'SAINJ',200),(1447,'BANJAR',200),(1448,'ANI',200),(1449,'NERMAND',200),(1450,'UDAIPUR',201),(1451,'LAHUL',201),(1452,'SPITI',201),(1453,'PADHAR',202),(1454,'JOGINDARNAGAR',202),(1455,'LAD BHAROL',202),(1456,'SANDHOL',202),(1457,'DHARMPUR',202),(1458,'KOTLI',202),(1459,'SARKAGHAT',202),(1460,'BHADROTA',202),(1461,'BALDWARA',202),(1462,'SUNDARNAGAR',202),(1463,'MANDI',202),(1464,'AUT',202),(1465,'BALI CHOWKI',202),(1466,'THUNAG',202),(1467,'CHACHYOT',202),(1468,'NIHRI',202),(1469,'KARSOG',202),(1470,'RAMPUR',203),(1471,'NANKHARI',203),(1472,'KUMHARSAIN',203),(1473,'SEONI',203),(1474,'SHIMLA   ( RURAL )',203),(1475,'SHIMLA (URBAN)',203),(1476,'JUNGA',203),(1477,'THEOG',203),(1478,'CHAUPAL',203),(1479,'CHETA',203),(1480,'NERUA',203),(1481,'JUBBAL',203),(1482,'KOTKHAI',203),(1483,'TIKAR',203),(1484,'ROHRU',203),(1485,'CHIRGAON',203),(1486,'DODRA KWAR',203),(1487,'RAJGARH',204),(1488,'NOHRA',204),(1489,'PACHHAD',204),(1490,'RENUKA',204),(1491,'DADAHU',204),(1492,'NAHAN',204),(1493,'PAONTA SAHIB',204),(1494,'KAMRAU',204),(1495,'SHALAI',204),(1496,'RONHAT',204),(1497,'ARKI',205),(1498,'DARLAGHAT',205),(1499,'RAMSHAHR',205),(1500,'NALAGARH',205),(1501,'BADDI',205),(1502,'KRISHANGARH',205),(1503,'KASAULI',205),(1504,'SOLAN',205),(1505,'KANDAGHAT',205),(1506,'BHARWAIN',206),(1507,'AMB',206),(1508,'BANGANA',206),(1509,'UNA',206),(1510,'HAROLI',206),(1511,'PAHALGAM',207),(1512,'BIJBEHARA',207),(1513,'ANANTNAG',207),(1514,'SHANGUS',207),(1515,'KOKERNAG',207),(1516,'DOORU',207),(1517,'GUREZ',208),(1518,'BANDIPORA',208),(1519,'SONAWARI',208),(1520,'SOPORE',209),(1521,'RAFIABAD',209),(1522,'PATTAN',209),(1523,'BARAMULLA',209),(1524,'KREERI',209),(1525,'URI',209),(1526,'BONIYAR',209),(1527,'TANGMARG',209),(1528,'KHAG',210),(1529,'BEERWAH',210),(1530,'KHANSAHIB',210),(1531,'BUDGAM',210),(1532,'CHADOORA',210),(1533,'CHARAR- E- SHRIEF',210),(1534,'DODA',211),(1535,'THATHRI',211),(1536,'GANDOH',211),(1537,'BHADERWAH',211),(1538,'LAR',212),(1539,'KANGAN',212),(1540,'GANDERBAL',212),(1541,'AKHNOOR',213),(1542,'JAMMU',213),(1543,'RANBIR SINGH PORA',213),(1544,'BISHNAH',213),(1545,'KARGIL',214),(1546,'SANKU',214),(1547,'ZANSKAR',214),(1548,'BILLAWAR',215),(1549,'BASHOHLI',215),(1550,'BANI',215),(1551,'KATHUA',215),(1552,'HIRANAGAR',215),(1553,'KISHTWAR',216),(1554,'MARWAH',216),(1555,'CHHATROO',216),(1556,'ATHOLI (PADDAR)',216),(1557,'KULGAM',217),(1558,'DEVSAR',217),(1559,'DAMHAL HANJIPORA',217),(1560,'KUPWARA',218),(1561,'HANDWARA',218),(1562,'KARNAH',218),(1563,'LEH',219),(1564,'NUBRA',219),(1565,'KHALSI',219),(1566,'HAVELI',220),(1567,'MANDI',220),(1568,'MENDHAR',220),(1569,'SURANKOTE',220),(1570,'PAMPORE',221),(1571,'AWANTIPORA',221),(1572,'TRAL',221),(1573,'PULWAMA',221),(1574,'THANAMANDI',222),(1575,'DARHAL',222),(1576,'RAJAURI',222),(1577,'BUDHAL',222),(1578,'KALAKOTE',222),(1579,'NOWSHEHRA',222),(1580,'SUNDERBANI',222),(1581,'BANIHAL',223),(1582,'RAMBAN',223),(1583,'GOOL-GULABGARH',224),(1584,'REASI',224),(1585,'SAMBA',225),(1586,'SHOPIAN',226),(1587,'SRINAGAR (NORTH)',227),(1588,'SRINAGAR (SOUTH)',227),(1589,'UDHAMPUR',228),(1590,'CHENANI',228),(1591,'RAMNAGAR',228),(1592,'MAJALTA',228),(1593,'NAWADIH',229),(1594,'CHANDRAPURA',229),(1595,'BERMO',229),(1596,'GUMIA',229),(1597,'PETERWAR',229),(1598,'KASMAR',229),(1599,'JARIDIH',229),(1600,'CHAS',229),(1601,'CHANDANKIYARI',229),(1602,'SHALIGRAM RAM NARAYANPUR(HUNTERGANJ)',230),(1603,'PRATAPPUR',230),(1604,'KUNDA',230),(1605,'LAWALAUNG',230),(1606,'CHATRA',230),(1607,'KANHA CHATTI',230),(1608,'ITKHORI',230),(1609,'MAYUR HAND',230),(1610,'GIDHAUR',230),(1611,'PATHALGORA',230),(1612,'SIMARIA',230),(1613,'TANDWA',230),(1614,'SONA RAI THARHI',231),(1615,'DEVIPUR',231),(1616,'MADHUPUR',231),(1617,'MARGO MUNDA',231),(1618,'KARON',231),(1619,'SARATH',231),(1620,'PALOJORI',231),(1621,'DEOGHAR',231),(1622,'MOHANPUR',231),(1623,'SARWAN',231),(1624,'TUNDI',232),(1625,'PURBI TUNDI',232),(1626,'TOPCHANCHI',232),(1627,'BAGHMARA-CUM-KATRAS',232),(1628,'GOBINDPUR',232),(1629,'DHANBAD-CUM-KENDUADIH-CUM-JAGATA',232),(1630,'BALIAPUR',232),(1631,'NIRSA-CUM-CHIRKUNDA',232),(1632,'SARAIYAHAT',233),(1633,'JARMUNDI',233),(1634,'RAMGARH',233),(1635,'GOPIKANDAR',233),(1636,'KATHIKUND',233),(1637,'SHIKARIPARA',233),(1638,'RANISHWAR',233),(1639,'DUMKA',233),(1640,'JAMA',233),(1641,'MASALIA',233),(1642,'PATAMDA',234),(1643,'BORAM',234),(1644,'GOLMURI-CUM-JUGSALAI',234),(1645,'GHATSHILA',234),(1646,'POTKA',234),(1647,'MUSABANI',234),(1648,'DUMARIA',234),(1649,'DHALBHUMGARH',234),(1650,'GURBANDHA',234),(1651,'CHAKULIA',234),(1652,'BAHARAGORA',234),(1653,'KHARAUNDHI',235),(1654,'BHAWNATHPUR',235),(1655,'KETAR',235),(1656,'KANDI',235),(1657,'MAJHIAON',235),(1658,'BARDIHA',235),(1659,'RAMNA',235),(1660,'BISHUNPURA',235),(1661,'NAGARUNTARI',235),(1662,'DHURKI',235),(1663,'SAGMA',235),(1664,'DANDAI',235),(1665,'CHINIA',235),(1666,'MERAL (PIPRA KALAN)',235),(1667,'GARHWA',235),(1668,'DANDA',235),(1669,'RANKA',235),(1670,'RAMKANDA',235),(1671,'BHANDARIA',235),(1672,'GAWAN',236),(1673,'TISRI',236),(1674,'DEORI',236),(1675,'DHANWAR',236),(1676,'JAMUA',236),(1677,'BENGABAD',236),(1678,'GANDE',236),(1679,'GIRIDIH',236),(1680,'BIRNI',236),(1681,'BAGODAR',236),(1682,'SARIYA',236),(1683,'DUMRI',236),(1684,'PIRTANR',236),(1685,'MEHERMA',237),(1686,'THAKURGANGTI',237),(1687,'BOARIJOR',237),(1688,'MAHAGAMA',237),(1689,'PATHARGAMA',237),(1690,'BASHANT RAI',237),(1691,'GODDA',237),(1692,'POREYAHAT',237),(1693,'SUNDARPAHARI',237),(1694,'BISHUNPUR',238),(1695,'GHAGHRA',238),(1696,'SISAI',238),(1697,'VERNO',238),(1698,'KAMDARA',238),(1699,'BASIA',238),(1700,'GUMLA',238),(1701,'CHAINPUR',238),(1702,'DUMRI',238),(1703,'ALBERT EKKA(JARI)',238),(1704,'RAIDIH',238),(1705,'PALKOT',238),(1706,'CHAUPARAN',239),(1707,'BARHI',239),(1708,'PADMA',239),(1709,'ICHAK',239),(1710,'TATI JHARIYA',239),(1711,'DARU',239),(1712,'BARKATHA',239),(1713,'CHALKUSA',239),(1714,'BISHUNGARH',239),(1715,'HAZARIBAG',239),(1716,'KATKAMSANDI',239),(1717,'KATAMDAG',239),(1718,'KEREDARI',239),(1719,'BARKAGAON',239),(1720,'CHURCHU',239),(1721,'DADI',239),(1722,'NARAYANPUR',240),(1723,'KARMA TANR VIDYASAGAR',240),(1724,'JAMTARA',240),(1725,'NALA',240),(1726,'FATEHPUR',240),(1727,'KUNDHIT',240),(1728,'KARRA',241),(1729,'TORPA',241),(1730,'RANIA',241),(1731,'MURHU',241),(1732,'KHUNTI',241),(1733,'ERKI(TAMAR II)',241),(1734,'SATGAWAN',242),(1735,'KODARMA',242),(1736,'DOMCHANCH',242),(1737,'JAINAGAR',242),(1738,'CHANDWARA',242),(1739,'MARKACHO',242),(1740,'MANIKA',243),(1741,'BARWADIH',243),(1742,'MAHUADANR',243),(1743,'GARU',243),(1744,'LATEHAR',243),(1745,'BALUMATH',243),(1746,'BARIYATU',243),(1747,'HERHANJ',243),(1748,'CHANDWA',243),(1749,'KISKO',244),(1750,'PESHRAR',244),(1751,'KURU',244),(1752,'KAIRO',244),(1753,'LOHARDAGA',244),(1754,'SENHA',244),(1755,'BHANDRA',244),(1756,'LITIPARA',245),(1757,'AMRAPARA',245),(1758,'HIRANPUR',245),(1759,'PAKAUR',245),(1760,'MAHESHPUR',245),(1761,'PAKURIA',245),(1762,'HUSSAINABAD',246),(1763,'HAIDERNAGAR',246),(1764,'MOHAMMAD GANJ',246),(1765,'HARIHARGANJ',246),(1766,'PIPRA',246),(1767,'CHHATARPUR',246),(1768,'NAWADIHA BAZAR/NAWADIHA',246),(1769,'PANDU',246),(1770,'UNTARI ROAD',246),(1771,'BISHRAMPUR',246),(1772,'NAWA BAZAR',246),(1773,'PATAN',246),(1774,'PADWA',246),(1775,'MANATU',246),(1776,'TARHASI',246),(1777,'PANKI',246),(1778,'SATBARWA',246),(1779,'NILAMBAR-PITAMBARPUR(LESLIGANJ)',246),(1780,'MEDININAGAR(DALTONGANJ)',246),(1781,'CHAINPUR',246),(1782,'PATRATU',247),(1783,'MANDU',247),(1784,'RAMGARH',247),(1785,'DULMI',247),(1786,'CHITARPUR',247),(1787,'GOLA',247),(1788,'TAMAR I',248),(1789,'BURMU',248),(1790,'KHELARI',248),(1791,'KANKE',248),(1792,'ORMANJHI',248),(1793,'ANGARA',248),(1794,'RAHE',248),(1795,'SILLI',248),(1796,'SONAHATU',248),(1797,'NAMKUM',248),(1798,'RATU',248),(1799,'NAGRI',248),(1800,'MANDAR',248),(1801,'CHANHO',248),(1802,'BERO',248),(1803,'ITKI',248),(1804,'LAPUNG',248),(1805,'BUNDU',248),(1806,'SAHIBGANJ',249),(1807,'MANDRO',249),(1808,'BORIO',249),(1809,'BARHAIT',249),(1810,'TALJHARI',249),(1811,'RAJMAHAL',249),(1812,'UDHWA',249),(1813,'PATHNA',249),(1814,'BARHARWA',249),(1815,'KUCHAI',250),(1816,'KHARSAWAN',250),(1817,'CHANDIL',250),(1818,'ICHAGARH',250),(1819,'KUKRU',250),(1820,'NIMDIH',250),(1821,'ADITYAPUR(GAMHARIA)',250),(1822,'SARAIKELA',250),(1823,'GOBINDPUR(RAJNAGAR)',250),(1824,'SONUA',251),(1825,'GUDRI',251),(1826,'BANDGAON',251),(1827,'CHAKRADHARPUR',251),(1828,'KHUNTPANI',251),(1829,'GOILKERA',251),(1830,'ANANDPUR',251),(1831,'MANOHARPUR',251),(1832,'NOAMUNDI',251),(1833,'TONTO',251),(1834,'HAT GAMHARIA',251),(1835,'CHAIBASA',251),(1836,'TANTNAGAR',251),(1837,'MANJHARI',251),(1838,'JHINKPANI',251),(1839,'JAGANNATHPUR',251),(1840,'KUMARDUNGI',251),(1841,'MAJHGAON',251),(1842,'JAMKHANDI',253),(1843,'BILGI',253),(1844,'MUDHOL',253),(1845,'BADAMI',253),(1846,'BAGALKOT',253),(1847,'HUNGUND',253),(1848,'NELAMANGALA',254),(1849,'DOD BALLAPUR',254),(1850,'DEVANAHALLI',254),(1851,'HOSAKOTE',254),(1852,'BANGALORE NORTH',255),(1853,'BANGALORE SOUTH',255),(1854,'BANGALORE EAST',255),(1855,'ANEKAL',255),(1856,'CHIKODI',256),(1857,'ATHNI',256),(1858,'RAYBAG',256),(1859,'GOKAK',256),(1860,'HUKERI',256),(1861,'BELGAUM',256),(1862,'KHANAPUR',256),(1863,'SAMPGAON',256),(1864,'PARASGAD',256),(1865,'RAMDURG',256),(1866,'HADAGALLI',257),(1867,'HAGARIBOMMANAHALLI',257),(1868,'HOSPET',257),(1869,'SIRUGUPPA',257),(1870,'BELLARY',257),(1871,'SANDUR',257),(1872,'KUDLIGI',257),(1873,'BASAVAKALYAN',258),(1874,'BHALKI',258),(1875,'AURAD',258),(1876,'BIDAR',258),(1877,'HOMNABAD',258),(1878,'BIJAPUR',259),(1879,'INDI',259),(1880,'SINDGI',259),(1881,'BASAVANA BAGEVADI',259),(1882,'MUDDEBIHAL',259),(1883,'GUNDLUPET',260),(1884,'CHAMARAJANAGAR',260),(1885,'YELANDUR',260),(1886,'KOLLEGAL',260),(1887,'SRINGERI',261),(1888,'KOPPA',261),(1889,'NARASIMHARAJAPURA',261),(1890,'TARIKERE',261),(1891,'KADUR',261),(1892,'CHIKMAGALUR',261),(1893,'MUDIGERE',261),(1894,'GAURIBIDANUR',262),(1895,'CHIKKABALLAPURA',262),(1896,'GUDIBANDA',262),(1897,'BAGEPALLI',262),(1898,'SIDLAGHATTA',262),(1899,'CHINTAMANI',262),(1900,'MOLAKALMURU',263),(1901,'CHALLAKERE',263),(1902,'CHITRADURGA',263),(1903,'HOLALKERE',263),(1904,'HOSDURGA',263),(1905,'HIRIYUR',263),(1906,'MANGALORE',264),(1907,'BANTVAL',264),(1908,'BELTANGADI',264),(1909,'PUTTUR',264),(1910,'SULYA',264),(1911,'HARIHAR',265),(1912,'HARAPANAHALLI',265),(1913,'JAGALUR',265),(1914,'DAVANAGERE',265),(1915,'HONNALI',265),(1916,'CHANNAGIRI',265),(1917,'DHARWAD',266),(1918,'NAVALGUND',266),(1919,'HUBLI',266),(1920,'KALGHATGI',266),(1921,'KUNDGOL',266),(1922,'NARGUND',267),(1923,'RON',267),(1924,'GADAG',267),(1925,'SHIRHATTI',267),(1926,'MUNDARGI',267),(1927,'ALAND',268),(1928,'AFZALPUR',268),(1929,'GULBARGA',268),(1930,'CHINCHOLI',268),(1931,'SEDAM',268),(1932,'CHITAPUR',268),(1933,'JEVARGI',268),(1934,'SAKLESHPUR',269),(1935,'BELUR',269),(1936,'ARSIKERE',269),(1937,'HASSAN',269),(1938,'ALUR',269),(1939,'ARKALGUD',269),(1940,'HOLE NARSIPUR',269),(1941,'CHANNARAYAPATNA',269),(1942,'SHIGGAON',270),(1943,'SAVANUR',270),(1944,'HANGAL',270),(1945,'HAVERI',270),(1946,'BYADGI',270),(1947,'HIREKERUR',270),(1948,'RANIBENNUR',270),(1949,'MADIKERI',271),(1950,'SOMVARPET',271),(1951,'VIRAJPET',271),(1952,'SRINIVASPUR',272),(1953,'KOLAR',272),(1954,'MALUR',272),(1955,'BANGARAPET',272),(1956,'MULBAGAL',272),(1957,'YELBARGA',273),(1958,'KUSHTAGI',273),(1959,'GANGAWATI',273),(1960,'KOPPAL',273),(1961,'KRISHNARAJPET',274),(1962,'NAGAMANGALA',274),(1963,'PANDAVAPURA',274),(1964,'SHRIRANGAPATTANA',274),(1965,'MANDYA',274),(1966,'MADDUR',274),(1967,'MALAVALLI',274),(1968,'PIRIYAPATNA',275),(1969,'HUNSUR',275),(1970,'KRISHNARAJANAGARA',275),(1971,'MYSORE',275),(1972,'HEGGADADEVANKOTE',275),(1973,'NANJANGUD',275),(1974,'TIRUMAKUDAL - NARSIPUR',275),(1975,'LINGSUGUR',276),(1976,'DEVADURGA',276),(1977,'RAICHUR',276),(1978,'MANVI',276),(1979,'SINDHNUR',276),(1980,'MAGADI',277),(1981,'RAMANAGARA',277),(1982,'CHANNAPATNA',277),(1983,'KANAKAPURA',277),(1984,'SAGAR',278),(1985,'SORAB',278),(1986,'SHIKARPUR',278),(1987,'HOSANAGARA',278),(1988,'TIRTHAHALLI',278),(1989,'SHIMOGA',278),(1990,'BHADRAVATI',278),(1991,'CHIKNAYAKANHALLI',279),(1992,'SIRA',279),(1993,'PAVAGADA',279),(1994,'MADHUGIRI',279),(1995,'KORATAGERE',279),(1996,'TUMKUR',279),(1997,'GUBBI',279),(1998,'TIPTUR',279),(1999,'TURUVEKERE',279),(2000,'KUNIGAL',279),(2001,'KUNDAPURA',280),(2002,'UDUPI',280),(2003,'KARKAL',280),(2004,'KARWAR',281),(2005,'SUPA',281),(2006,'HALIYAL',281),(2007,'YELLAPUR',281),(2008,'MUNDGOD',281),(2009,'SIRSI',281),(2010,'ANKOLA',281),(2011,'KUMTA',281),(2012,'SIDDAPUR',281),(2013,'HONAVAR',281),(2014,'BHATKAL',281),(2015,'YADGIR',282),(2016,'SHORAPUR',282),(2017,'SHAHPUR',282),(2018,'CHERTHALA',283),(2019,'AMBALAPPUZHA',283),(2020,'KUTTANAD',283),(2021,'KARTHIKAPPALLY',283),(2022,'CHENGANNUR',283),(2023,'MAVELIKKARA',283),(2024,'KUNNATHUNAD',284),(2025,'ALUVA',284),(2026,'PARAVUR',284),(2027,'KOCHI',284),(2028,'KANAYANNUR',284),(2029,'MUVATTUPUZHA',284),(2030,'KOTHAMANGALAM',284),(2031,'DEVIKULAM',285),(2032,'UDUMBANCHOLA',285),(2033,'THODUPUZHA',285),(2034,'PEERUMADE',285),(2035,'TALIPARAMBA',286),(2036,'KANNUR',286),(2037,'THALASSERY',286),(2038,'KASARAGOD',287),(2039,'HOSDURG',287),(2040,'KARUNAGAPPALLY',288),(2041,'KUNNATHUR',288),(2042,'PATHANAPURAM',288),(2043,'KOTTARAKKARA',288),(2044,'KOLLAM',288),(2045,'MEENACHIL',289),(2046,'VAIKOM',289),(2047,'KOTTAYAM',289),(2048,'CHANGANASSERY',289),(2049,'KANJIRAPPALLY',289),(2050,'VADAKARA',290),(2051,'QUILANDY',290),(2052,'KOZHIKODE',290),(2053,'ERNAD',291),(2054,'NILAMBUR',291),(2055,'PERINTHALMANNA',291),(2056,'TIRUR',291),(2057,'TIRURANGADI',291),(2058,'PONNANI',291),(2059,'OTTAPPALAM',292),(2060,'MANNARKAD',292),(2061,'PALAKKAD',292),(2062,'CHITTUR',292),(2063,'ALATHUR',292),(2064,'THIRUVALLA',293),(2065,'MALLAPPALLY',293),(2066,'RANNI',293),(2067,'KOZHENCHERY',293),(2068,'ADOOR',293),(2069,'CHIRAYINKEEZHU',294),(2070,'NEDUMANGAD',294),(2071,'THIRUVANANTHAPURAM',294),(2072,'NEYYATTINKARA',294),(2073,'TALAPPILLY',295),(2074,'CHAVAKKAD',295),(2075,'THRISSUR',295),(2076,'KODUNGALLUR',295),(2077,'MUKUNDAPURAM',295),(2078,'MANANTHAVADY',296),(2079,'SULTHANBATHERY',296),(2080,'VYTHIRI',296),(2081,'AMINI',297),(2082,'BITRA',297),(2083,'CHETLAT',297),(2084,'KILTAN',297),(2085,'KADMAT',297),(2086,'KAVARATTI',297),(2087,'AGATTI',297),(2088,'ANDROTT',297),(2089,'KALPENI',297),(2090,'MINICOY',297),(2091,'BHAVRA',298),(2092,'JOBAT',298),(2093,'ALIRAJPUR',298),(2094,'KOTMA',299),(2095,'ANUPPUR',299),(2096,'JAITHARI',299),(2097,'PUSHPARAJGARH',299),(2098,'ISAGARH',300),(2099,'CHANDERI',300),(2100,'ASHOKNAGAR',300),(2101,'SHADHORA',300),(2102,'MUNGAOLI',300),(2103,'KATANGI',301),(2104,'TIRODI',301),(2105,'WARASEONI',301),(2106,'KHAIRLANJI',301),(2107,'LALBARRA',301),(2108,'BALAGHAT',301),(2109,'KIRNAPUR',301),(2110,'BAIHAR',301),(2111,'PARASWADA',301),(2112,'LANJI',301),(2113,'BARWANI',302),(2114,'PATI',302),(2115,'THIKRI',302),(2116,'ANJAD',302),(2117,'RAJPUR',302),(2118,'PANSEMAL',302),(2119,'NIWALI',302),(2120,'SENDHWA',302),(2121,'VARLA',302),(2122,'BHAINSDEHI',303),(2123,'ATHNER',303),(2124,'BETUL',303),(2125,'CHICHOLI',303),(2126,'GHODA DONGRI',303),(2127,'SHAHPUR',303),(2128,'MULTAI',303),(2129,'AMLA',303),(2130,'ATER',304),(2131,'BHIND',304),(2132,'MEHGAON',304),(2133,'GORMI',304),(2134,'GOHAD',304),(2135,'RON',304),(2136,'MIHONA',304),(2137,'LAHAR',304),(2138,'BERASIA',305),(2139,'HUZUR',305),(2140,'BURHANPUR',306),(2141,'KHAKNAR',306),(2142,'NEPANAGAR',306),(2143,'GAURIHAR',307),(2144,'LAUNDI',307),(2145,'CHANDLA',307),(2146,'NOWGONG',307),(2147,'MAHARAJPUR',307),(2148,'CHHATARPUR',307),(2149,'RAJNAGAR',307),(2150,'BADA MALHERA',307),(2151,'GHUWARA',307),(2152,'BIJAWAR',307),(2153,'BUXWAHA',307),(2154,'TAMIA',308),(2155,'AMARWARA',308),(2156,'HARRAI',308),(2157,'CHAURAI',308),(2158,'JAMAI',308),(2159,'PARASIA',308),(2160,'UMRETH',308),(2161,'CHHINDWARA',308),(2162,'MOHKHED',308),(2163,'SAUSAR',308),(2164,'BICHHUA',308),(2165,'PANDHURNA',308),(2166,'HATTA',309),(2167,'PATERA',309),(2168,'BATIYAGARH',309),(2169,'PATHARIA',309),(2170,'DAMOH',309),(2171,'JABERA',309),(2172,'TENDUKHEDA',309),(2173,'SEONDHA',310),(2174,'INDERGARH',310),(2175,'DATIA',310),(2176,'BHANDER',310),(2177,'TONK KHURD',311),(2178,'SONKATCH',311),(2179,'DEWAS',311),(2180,'KANNOD',311),(2181,'SATWAS',311),(2182,'BAGLI',311),(2183,'HATPIPLYA',311),(2184,'KHATEGAON',311),(2185,'BADNAWAR',312),(2186,'SARDARPUR',312),(2187,'DHAR',312),(2188,'GANDHWANI',312),(2189,'KUKSHI',312),(2190,'DAHI',312),(2191,'MANAWAR',312),(2192,'DHARAMPURI',312),(2193,'SHAHPURA',313),(2194,'DINDORI',313),(2195,'GUNA',314),(2196,'BAMORI',314),(2197,'RAGHOGARH',314),(2198,'MAKSOODANGARH',314),(2199,'KUMBHRAJ',314),(2200,'ARON',314),(2201,'CHACHAURA',314),(2202,'GWALIOR (GIRD)',315),(2203,'DABRA (PICHHORE)',315),(2204,'BHITARWAR',315),(2205,'CHINOUR',315),(2206,'KHIRKIYA',316),(2207,'SIRALI',316),(2208,'HARDA',316),(2209,'HANDIYA',316),(2210,'TIMARNI',316),(2211,'REHATGAON',316),(2212,'SEONI-MALWA',317),(2213,'ITARSI',317),(2214,'HOSHANGABAD',317),(2215,'DOLARIYA',317),(2216,'BABAI',317),(2217,'SOHAGPUR',317),(2218,'PIPARIYA',317),(2219,'BANKHEDI',317),(2220,'DEPALPUR',318),(2221,'HATOD',318),(2222,'SAWER',318),(2223,'INDORE',318),(2224,'MHOW',318),(2225,'SIHORA',319),(2226,'MAJHOLI',319),(2227,'PATAN',319),(2228,'SHAHPURA',319),(2229,'JABALPUR',319),(2230,'PANAGAR',319),(2231,'KUNDAM',319),(2232,'THANDLA',320),(2233,'PETLAWAD',320),(2234,'MEGHNAGAR',320),(2235,'JHABUA',320),(2236,'RANAPUR',320),(2237,'MURWARA',321),(2238,'RITHI',321),(2239,'BARHI',321),(2240,'BADWARA',321),(2241,'VIJAYRAGHAVGARH',321),(2242,'BAHORIBAND',321),(2243,'DHIMARKHEDA',321),(2244,'HARSUD',322),(2245,'KHALWA',322),(2246,'KHANDWA',322),(2247,'PUNASA',322),(2248,'PANDHANA',322),(2249,'BARWAHA',323),(2250,'MAHESHWAR',323),(2251,'KASRAWAD',323),(2252,'SEGAON',323),(2253,'BHIKANGAON',323),(2254,'KHARGONE',323),(2255,'GOGAON',323),(2256,'BHAGWANPURA',323),(2257,'JHIRANYA',323),(2258,'NIWAS',324),(2259,'NARAYANGANJ',324),(2260,'MANDLA',324),(2261,'GHUGHARI',324),(2262,'BICHHIYA',324),(2263,'NAINPUR',324),(2264,'BHANPURA',325),(2265,'MALHARGARH',325),(2266,'GAROTH',325),(2267,'SHAMGARH',325),(2268,'MANDSAUR',325),(2269,'DALODA',325),(2270,'SITAMAU',325),(2271,'SUWASARA',325),(2272,'AMBAH',326),(2273,'PORSA',326),(2274,'MORENA',326),(2275,'JOURA',326),(2276,'KAILARAS',326),(2277,'SABALGARH',326),(2278,'GOTEGAON',327),(2279,'GADARWARA',327),(2280,'NARSIMHAPUR',327),(2281,'KARELI',327),(2282,'TENDUKHEDA',327),(2283,'JAWAD',328),(2284,'SINGOLI',328),(2285,'NEEMUCH',328),(2286,'JIRAN',328),(2287,'MANASA',328),(2288,'AJAIGARH',329),(2289,'PANNA',329),(2290,'DEVENDRANAGAR',329),(2291,'GUNNOR',329),(2292,'AMANGANJ',329),(2293,'PAWAI',329),(2294,'SHAHNAGAR',329),(2295,'RAIPURA',329),(2296,'UDAIPURA',330),(2297,'RAISEN',330),(2298,'GAIRATGANJ',330),(2299,'BEGAMGANJ',330),(2300,'GOHARGANJ',330),(2301,'BARAILY',330),(2302,'BADI',330),(2303,'SILWANI',330),(2304,'JIRAPUR',331),(2305,'KHILCHIPUR',331),(2306,'RAJGARH',331),(2307,'BIAORA',331),(2308,'SARANGPUR',331),(2309,'NARSINGHGARH',331),(2310,'PACHORE',331),(2311,'PIPLODA',332),(2312,'JAORA',332),(2313,'ALOT',332),(2314,'TAL',332),(2315,'SAILANA',332),(2316,'BAJNA',332),(2317,'RAWTI',332),(2318,'RATLAM',332),(2319,'TEONTHAR',333),(2320,'JAWA',333),(2321,'SIRMOUR',333),(2322,'MANGAWAN',333),(2323,'SEMARIA',333),(2324,'HANUMANA',333),(2325,'MAUGANJ',333),(2326,'NAIGARHI',333),(2327,'HUZUR',333),(2328,'RAIPUR - KARCHULIYAN',333),(2329,'GURH',333),(2330,'KESLI',334),(2331,'DEORI',334),(2332,'BINA',334),(2333,'KHURAI',334),(2334,'MALTHON',334),(2335,'BANDA',334),(2336,'SHAHGARH',334),(2337,'RAHATGARH',334),(2338,'SAGAR',334),(2339,'GARHAKOTA',334),(2340,'REHLI',334),(2341,'RAGHURAJNAGAR',335),(2342,'MAJHGAWAN',335),(2343,'BIRSINGHPUR',335),(2344,'NAGOD',335),(2345,'UNCHAHARA',335),(2346,'RAMPUR BAGHELAN',335),(2347,'KOTAR',335),(2348,'AMARPATAN',335),(2349,'RAMNAGAR',335),(2350,'MAIHAR',335),(2351,'SEHORE',336),(2352,'SHYAMPUR',336),(2353,'ASHTA',336),(2354,'JAWAR',336),(2355,'ICHHAWAR',336),(2356,'NASRULLAGANJ',336),(2357,'BUDNI',336),(2358,'REHTI',336),(2359,'LAKHNADON',337),(2360,'CHHAPARA',337),(2361,'GHANSAUR',337),(2362,'DHANORA',337),(2363,'KEOLARI',337),(2364,'SEONI',337),(2365,'BARGHAT',337),(2366,'KURAI',337),(2367,'BEOHARI',338),(2368,'JAISINGHNAGAR',338),(2369,'SOHAGPUR',338),(2370,'JAITPUR',338),(2371,'SUSNER',339),(2372,'NALKHEDA',339),(2373,'BADOD',339),(2374,'AGAR',339),(2375,'SHAJAPUR',339),(2376,'GULANA',339),(2377,'MOMAN BADODIYA',339),(2378,'SHUJALPUR',339),(2379,'KALAPIPAL',339),(2380,'VIJAYPUR',340),(2381,'BEERPUR',340),(2382,'SHEOPUR',340),(2383,'BADODA',340),(2384,'KARAHAL',340),(2385,'POHRI',341),(2386,'SHIVPURI',341),(2387,'NARWAR',341),(2388,'KARERA',341),(2389,'KOLARAS',341),(2390,'BADARWAS',341),(2391,'PICHHORE',341),(2392,'KHANIYADHANA',341),(2393,'RAMPUR NAIKIN',342),(2394,'CHURHAT',342),(2395,'GOPADBANAS',342),(2396,'SIHAWAL',342),(2397,'MAJHAULI',342),(2398,'KUSMI',342),(2399,'CHITRANGI',343),(2400,'DEOSAR',343),(2401,'SINGRAULI',343),(2402,'NIWARI',344),(2403,'ORCHHA',344),(2404,'PRITHVIPUR',344),(2405,'JATARA',344),(2406,'MOHANGARH',344),(2407,'PALERA',344),(2408,'BALDEOGARH',344),(2409,'KHARGAPUR',344),(2410,'TIKAMGARH',344),(2411,'KHACHAROD',345),(2412,'NAGDA',345),(2413,'MAHIDPUR',345),(2414,'GHATIYA',345),(2415,'TARANA',345),(2416,'UJJAIN',345),(2417,'BADNAGAR',345),(2418,'BANDHOGARH',346),(2419,'CHANDIA',346),(2420,'MANPUR',346),(2421,'PALI',346),(2422,'NOWROZABAD',346),(2423,'LATERI',347),(2424,'SIRONJ',347),(2425,'KURWAI',347),(2426,'BASODA',347),(2427,'TYONDA',347),(2428,'NATERAN',347),(2429,'SHAMSHABAD',347),(2430,'GYARASPUR',347),(2431,'GULABGANJ',347),(2432,'VIDISHA',347),(2433,'AKOLA',348),(2434,'SANGAMNER',348),(2435,'KOPARGAON',348),(2436,'RAHTA',348),(2437,'SHRIRAMPUR',348),(2438,'NEVASA',348),(2439,'SHEVGAON',348),(2440,'PATHARDI',348),(2441,'NAGAR',348),(2442,'RAHURI',348),(2443,'PARNER',348),(2444,'SHRIGONDA',348),(2445,'KARJAT',348),(2446,'JAMKHED',348),(2447,'TELHARA',349),(2448,'AKOT',349),(2449,'BALAPUR',349),(2450,'AKOLA',349),(2451,'MURTIJAPUR',349),(2452,'PATUR',349),(2453,'BARSHITAKLI',349),(2454,'DHARNI',350),(2455,'CHIKHALDARA',350),(2456,'ANJANGAON SURJI',350),(2457,'ACHALPUR',350),(2458,'CHANDURBAZAR',350),(2459,'MORSHI',350),(2460,'WARUD',350),(2461,'TEOSA',350),(2462,'AMRAVATI',350),(2463,'BHATKULI',350),(2464,'DARYAPUR',350),(2465,'NANDGAON-KHANDESHWAR',350),(2466,'CHANDUR RAILWAY',350),(2467,'DHAMANGAON RAILWAY',350),(2468,'KANNAD',351),(2469,'SOEGAON',351),(2470,'SILLOD',351),(2471,'PHULAMBRI',351),(2472,'AURANGABAD',351),(2473,'KHULDABAD',351),(2474,'VAIJAPUR',351),(2475,'GANGAPUR',351),(2476,'PAITHAN',351),(2477,'ASHTI',352),(2478,'PATODA',352),(2479,'SHIRUR (KASAR)',352),(2480,'GEORAI',352),(2481,'MANJLEGAON',352),(2482,'WADWANI',352),(2483,'BID',352),(2484,'KAIJ',352),(2485,'DHARUR',352),(2486,'PARLI',352),(2487,'AMBEJOGAI',352),(2488,'JALGAON (JAMOD)',354),(2489,'SANGRAMPUR',354),(2490,'SHEGAON',354),(2491,'NANDURA',354),(2492,'MALKAPUR',354),(2493,'MOTALA',354),(2494,'KHAMGAON',354),(2495,'MEHKAR',354),(2496,'CHIKHLI',354),(2497,'BULDANA',354),(2498,'DEOLGAON RAJA',354),(2499,'SINDKHED RAJA',354),(2500,'LONAR',354),(2501,'WARORA',355),(2502,'CHIMUR',355),(2503,'NAGBHIR',355),(2504,'BRAHMAPURI',355),(2505,'SAWALI',355),(2506,'SINDEWAHI',355),(2507,'BHADRAVATI',355),(2508,'CHANDRAPUR',355),(2509,'MUL',355),(2510,'POMBHURNA',355),(2511,'BALLARPUR',355),(2512,'KORPANA',355),(2513,'JIWATI',355),(2514,'RAJURA',355),(2515,'GONDPIPRI',355),(2516,'SHIRPUR',356),(2517,'SINDKHEDE',356),(2518,'SAKRI',356),(2519,'DHULE',356),(2520,'DESAIGANJ (VADASA)',357),(2521,'ARMORI',357),(2522,'KURKHEDA',357),(2523,'KORCHI',357),(2524,'DHANORA',357),(2525,'GADCHIROLI',357),(2526,'CHAMORSHI',357),(2527,'MULCHERA',357),(2528,'ETAPALLI',357),(2529,'BHAMRAGAD',357),(2530,'AHERI',357),(2531,'SIRONCHA',357),(2532,'TIRORA',358),(2533,'GOREGAON',358),(2534,'GONDIYA',358),(2535,'AMGAON',358),(2536,'SALEKASA',358),(2537,'SADAK-ARJUNI',358),(2538,'ARJUNI MORGAON',358),(2539,'DEORI',358),(2540,'SENGAON',359),(2541,'HINGOLI',359),(2542,'AUNDHA (NAGNATH)',359),(2543,'KALAMNURI',359),(2544,'BASMATH',359),(2545,'CHOPDA',360),(2546,'YAWAL',360),(2547,'RAVER',360),(2548,'MUKTAINAGAR',360),(2549,'BODVAD',360),(2550,'BHUSAWAL',360),(2551,'JALGAON',360),(2552,'ERANDOL',360),(2553,'DHARANGAON',360),(2554,'AMALNER',360),(2555,'PAROLA',360),(2556,'BHADGAON',360),(2557,'CHALISGAON',360),(2558,'PACHORA',360),(2559,'JAMNER',360),(2560,'BHOKARDAN',361),(2561,'JAFFERABAD',361),(2562,'JALNA',361),(2563,'BADNAPUR',361),(2564,'AMBAD',361),(2565,'GHANSAWANGI',361),(2566,'PARTUR',361),(2567,'MANTHA',361),(2568,'SHAHUWADI',362),(2569,'PANHALA',362),(2570,'HATKANANGLE',362),(2571,'SHIROL',362),(2572,'KARVIR',362),(2573,'BAVDA',362),(2574,'RADHANAGARI',362),(2575,'KAGAL',362),(2576,'BHUDARGAD',362),(2577,'AJRA',362),(2578,'GADHINGLAJ',362),(2579,'CHANDGAD',362),(2580,'LATUR',363),(2581,'RENAPUR',363),(2582,'AHMADPUR',363),(2583,'JALKOT',363),(2584,'CHAKUR',363),(2585,'SHIRUR-ANANTPAL',363),(2586,'AUSA',363),(2587,'NILANGA',363),(2588,'DEONI',363),(2589,'UDGIR',363),(2590,'SAVNER',366),(2591,'PARSEONI',366),(2592,'RAMTEK',366),(2593,'MAUDA',366),(2594,'KAMPTEE',366),(2595,'NAGPUR (RURAL)',366),(2596,'NAGPUR (URBAN)',366),(2597,'HINGNA',366),(2598,'UMRED',366),(2599,'KUHI',366),(2600,'BHIWAPUR',366),(2601,'NARKHED',366),(2602,'KATOL',366),(2603,'KALAMESHWAR',366),(2604,'MAHOOR',367),(2605,'KINWAT',367),(2606,'HIMAYATNAGAR',367),(2607,'HADGAON',367),(2608,'ARDHAPUR',367),(2609,'NANDED',367),(2610,'MUDKHED',367),(2611,'BHOKAR',367),(2612,'UMRI',367),(2613,'DHARMABAD',367),(2614,'BILOLI',367),(2615,'NAIGAON (KHAIRGAON)',367),(2616,'LOHA',367),(2617,'KANDHAR',367),(2618,'MUKHED',367),(2619,'DEGLUR',367),(2620,'AKKALKUWA',368),(2621,'AKRANI',368),(2622,'TALODE',368),(2623,'SHAHADE',368),(2624,'NANDURBAR',368),(2625,'NAWAPUR',368),(2626,'SURGANA',369),(2627,'KALWAN',369),(2628,'DEOLA',369),(2629,'BAGLAN',369),(2630,'MALEGAON',369),(2631,'NANDGAON',369),(2632,'CHANDVAD',369),(2633,'DINDORI',369),(2634,'PEINT',369),(2635,'TRIMBAKESHWAR',369),(2636,'NASHIK',369),(2637,'IGATPURI',369),(2638,'SINNAR',369),(2639,'NIPHAD',369),(2640,'YEVLA',369),(2641,'PARANDA',370),(2642,'BHUM',370),(2643,'WASHI',370),(2644,'KALAMB',370),(2645,'OSMANABAD',370),(2646,'TULJAPUR',370),(2647,'LOHARA',370),(2648,'UMARGA',370),(2649,'SAILU',371),(2650,'JINTUR',371),(2651,'PARBHANI',371),(2652,'MANWATH',371),(2653,'PATHRI',371),(2654,'SONPETH',371),(2655,'GANGAKHED',371),(2656,'PALAM',371),(2657,'PURNA',371),(2658,'JUNNAR',372),(2659,'AMBEGAON',372),(2660,'SHIRUR',372),(2661,'KHED',372),(2662,'MAWAL',372),(2663,'MULSHI',372),(2664,'HAVELI',372),(2665,'PUNE CITY',372),(2666,'DAUND',372),(2667,'PURANDHAR',372),(2668,'VELHE',372),(2669,'BHOR',372),(2670,'BARAMATI',372),(2671,'INDAPUR',372),(2672,'KHALAPUR',373),(2673,'PEN',373),(2674,'ALIBAG',373),(2675,'MURUD',373),(2676,'ROHA',373),(2677,'SUDHAGAD',373),(2678,'MANGAON',373),(2679,'TALA',373),(2680,'SHRIVARDHAN',373),(2681,'MHASLA',373),(2682,'MAHAD',373),(2683,'POLADPUR',373),(2684,'URAN',373),(2685,'PANVEL',373),(2686,'KARJAT',373),(2687,'MANDANGAD',374),(2688,'DAPOLI',374),(2689,'KHED',374),(2690,'CHIPLUN',374),(2691,'GUHAGAR',374),(2692,'RATNAGIRI',374),(2693,'SANGAMESHWAR',374),(2694,'LANJA',374),(2695,'RAJAPUR',374),(2696,'SHIRALA',375),(2697,'WALWA',375),(2698,'PALUS',375),(2699,'KADEGAON',375),(2700,'KHANAPUR',375),(2701,'ATPADI',375),(2702,'TASGAON',375),(2703,'MIRAJ',375),(2704,'KAVATHEMAHANKAL',375),(2705,'JAT',375),(2706,'MAHABALESHWAR',376),(2707,'WAI',376),(2708,'KHANDALA',376),(2709,'PHALTAN',376),(2710,'MAN',376),(2711,'KHATAV',376),(2712,'KOREGAON',376),(2713,'SATARA',376),(2714,'JAOLI',376),(2715,'PATAN',376),(2716,'KARAD',376),(2717,'DEVGAD',377),(2718,'VAIBHAVVADI',377),(2719,'KANKAVLI',377),(2720,'MALWAN',377),(2721,'VENGURLA',377),(2722,'KUDAL',377),(2723,'SAWANTWADI',377),(2724,'DODAMARG',377),(2725,'KARMALA',378),(2726,'MADHA',378),(2727,'BARSHI',378),(2728,'SOLAPUR NORTH',378),(2729,'MOHOL',378),(2730,'PANDHARPUR',378),(2731,'MALSHIRAS',378),(2732,'SANGOLE',378),(2733,'MANGALVEDHE',378),(2734,'SOLAPUR SOUTH',378),(2735,'AKKALKOT',378),(2736,'TALASARI',379),(2737,'DAHANU',379),(2738,'VIKRAMGAD',379),(2739,'JAWHAR',379),(2740,'MOKHADA',379),(2741,'VADA',379),(2742,'PALGHAR',379),(2743,'VASAI',379),(2744,'THANE',379),(2745,'BHIWANDI',379),(2746,'SHAHAPUR',379),(2747,'KALYAN',379),(2748,'ULHASNAGAR',379),(2749,'AMBARNATH',379),(2750,'MURBAD',379),(2751,'ASHTI',380),(2752,'KARANJA',380),(2753,'ARVI',380),(2754,'SELOO',380),(2755,'WARDHA',380),(2756,'DEOLI',380),(2757,'HINGANGHAT',380),(2758,'SAMUDRAPUR',380),(2759,'MALEGAON',381),(2760,'MANGRULPIR',381),(2761,'KARANJA',381),(2762,'MANORA',381),(2763,'WASHIM',381),(2764,'RISOD',381),(2765,'NER',382),(2766,'BABULGAON',382),(2767,'KALAMB',382),(2768,'YAVATMAL',382),(2769,'DARWHA',382),(2770,'DIGRAS',382),(2771,'PUSAD',382),(2772,'UMARKHED',382),(2773,'MAHAGAON',382),(2774,'ARNI',382),(2775,'GHATANJI',382),(2776,'KELAPUR',382),(2777,'RALEGAON',382),(2778,'MAREGAON',382),(2779,'ZARI-JAMANI',382),(2780,'WANI',382),(2781,'NAMBOL',383),(2782,'BISHNUPUR',383),(2783,'MOIRANG',383),(2784,'MACHI',384),(2785,'TENGNOUPAL',384),(2786,'CHANDEL',384),(2787,'CHAKPIKARONG',384),(2788,'TIPAIMUKH',385),(2789,'THANLON',385),(2790,'CHURACHANDPUR NORTH',385),(2791,'CHURACHANDPUR',385),(2792,'SINGNGAT',385),(2793,'JIRIBAM',386),(2794,'SAWOMBUNG',386),(2795,'POROMPAT',386),(2796,'KEIRAO BITRA',386),(2797,'LAMSHANG',387),(2798,'PATSOI',387),(2799,'LAMPHELPAT',387),(2800,'WANGOI',387),(2801,'MAO-MARAM',388),(2802,'PAOMATA',388),(2803,'PURUL',388),(2804,'SADAR HILLS WEST',388),(2805,'SAITU-GAMPHAZOL',388),(2806,'SADAR HILLS EAST',388),(2807,'TAMENGLONG WEST',389),(2808,'TAMENGLONG NORTH',389),(2809,'TAMENGLONG',389),(2810,'NUNGBA',389),(2811,'LILONG',390),(2812,'THOUBAL',390),(2813,'KAKCHING',390),(2814,'UKHRUL NORTH',391),(2815,'UKHURL CENTRAL',391),(2816,'KAMJONG-CHASSAD',391),(2817,'PHUNGYAR-PHAISAT',391),(2818,'UKHRUL SOUTH',391),(2819,'RESUBELPARA',392),(2820,'DAMBO RONGJENG',392),(2821,'KHARKUTTA',392),(2822,'SONGSAK',392),(2823,'SAMANDA',392),(2824,'MAWPHLANG',394),(2825,'MYLLIEM',394),(2826,'MAWRYNGKNENG',394),(2827,'MAWKYNREW',394),(2828,'KHATARSHNONG LAITKROH',394),(2829,'MAWSYNRAM',394),(2830,'SHELLA BHOLAGANJ',394),(2831,'PYNURSLA',394),(2832,'UMLING',396),(2833,'JIRANG',396),(2834,'UMSNING',396),(2835,'CHOKPOT',397),(2836,'GASUAPARA',397),(2837,'BAGHMARA',397),(2838,'RONGARA',397),(2839,'SELSELLA',400),(2840,'DADENGGIRI',400),(2841,'TIKRIKILLA',400),(2842,'RONGRAM',400),(2843,'BETASING',400),(2844,'ZIKZAK',400),(2845,'GAMBEGRE',400),(2846,'DALU',400),(2847,'NONGSTOIN',402),(2848,'MAWTHADRAISHAN',402),(2849,'MAIRANG',402),(2850,'RANIKOR',402),(2851,'MAWKYRWAT',402),(2852,'MAWSHYNRUT',402),(2853,'DARLAWN',403),(2854,'PHULLEN',403),(2855,'AIBAWK',403),(2856,'TLANGNUAM (PART)',403),(2857,'THINGSULTHLIAH (PART)',403),(2858,'NGOPA',404),(2859,'KHAWZAWL',404),(2860,'CHAMPHAI',404),(2861,'KHAWBUNG',404),(2862,'EAST LUNGDAR (PART)',404),(2863,'N THINGDAWL',405),(2864,'BILKHAWTHLIR',405),(2865,'TLANGNUAM (PART)',405),(2866,'CHAWNGTE',406),(2867,'LAWNGTLAI',406),(2868,'S BUNGTLANG',406),(2869,'SANGAU',406),(2870,'WEST BUNGHMUN',407),(2871,'LUNGSEN',407),(2872,'LUNGLEI',407),(2873,'HNAHTHIAL',407),(2874,'ZAWLNUAM',408),(2875,'WEST PHAILENG',408),(2876,'REIEK',408),(2877,'TUIPANG',409),(2878,'SAIHA',409),(2879,'THINGSULTHLIAH (PART)',410),(2880,'SERCHHIP',410),(2881,'EAST LUNGDAR (PART)',410),(2882,'NIULAND',411),(2883,'AQUQHNAQUA',411),(2884,'KUHOBOTO',411),(2885,'NIHOKHU',411),(2886,'DIMAPUR SADAR',411),(2887,'CHUMUKEDIMA',411),(2888,'DHANSIRIPAR',411),(2889,'MEDZIPHEMA',411),(2890,'SEYOCHUNG',412),(2891,'AMAHATOR',412),(2892,'KIPHIRE SADAR',412),(2893,'KIUSAM',412),(2894,'SITIMI',412),(2895,'LONGMATRA',412),(2896,'PUNGRO',412),(2897,'KHONGSA',412),(2898,'KOHIMA SADAR',413),(2899,'SECHU-ZUBZA',413),(2900,'TSEMINYU',413),(2901,'TSOGIN',413),(2902,'CHIEPHOBOZOU',413),(2903,'BOTSA',413),(2904,'KEZOCHA',413),(2905,'JAKHAMA',413),(2906,'TAMLU',414),(2907,'NAMSANG',414),(2908,'YONGNYAH',414),(2909,'LONGLENG',414),(2910,'SAKSHI',414),(2911,'LONGCHEM',415),(2912,'ALONGKIMA',415),(2913,'TULI',415),(2914,'CHANGTONGYA',415),(2915,'CHUCHUYIMLANG',415),(2916,'KUBOLONG',415),(2917,'MANGKOLEMBA',415),(2918,'MERANGMEN',415),(2919,'ONGPANGKONG',415),(2920,'NAGINIMORA',416),(2921,'TIZIT',416),(2922,'HUNTA',416),(2923,'SHANGNYU',416),(2924,'MON SADAR',416),(2925,'WAKCHING',416),(2926,'ABOI',416),(2927,'LONGSHEN',416),(2928,'PHOMCHING',416),(2929,'CHEN',416),(2930,'ANGJANGYANG',416),(2931,'MOPONG',416),(2932,'TOBU',416),(2933,'MONYAKSHU',416),(2934,'PEDI (NGWALWA)',417),(2935,'JALUKIE',417),(2936,'ATHIBUNG',417),(2937,'KEBAI KHELMA',417),(2938,'NSONG',417),(2939,'TENING',417),(2940,'PEREN',417),(2941,'SEKRUZU',418),(2942,'PHEK SADAR',418),(2943,'KHUZA',418),(2944,'MELURI',418),(2945,'PHOR',418),(2946,'PHOKHUNGRI',418),(2947,'CHOZUBA',418),(2948,'CHETHEBA',418),(2949,'SAKRABA',418),(2950,'PFUTSERO',418),(2951,'ZUKETSA',418),(2952,'KHEZHAKENO',418),(2953,'CHIZAMI',418),(2954,'RAZIEBA',418),(2955,'NOKSEN',419),(2956,'CHARE',419),(2957,'LONGKHIM',419),(2958,'TUENSANG SADAR',419),(2959,'NGOUNGCHUNG',419),(2960,'SANGSANGNYU',419),(2961,'SOTOKUR',419),(2962,'NOKLAK',419),(2963,'CHINGMEI',419),(2964,'NOKHU',419),(2965,'PANSO',419),(2966,'SHAMATOR',419),(2967,'TSURUNGTO',419),(2968,'CHESSORE',419),(2969,'MANGKO',419),(2970,'THONOKNYU',419),(2971,'CHANGPANG',420),(2972,'AITEPYONG',420),(2973,'BHANDARI',420),(2974,'BAGHTY',420),(2975,'SUNGRO',420),(2976,'SANIS',420),(2977,'LOTSU',420),(2978,'RALAN',420),(2979,'WOZHURO',420),(2980,'WOKHA SADAR',420),(2981,'ENGLAN',420),(2982,'CHUKITONG',420),(2983,'V.K.',421),(2984,'AKULUTO',421),(2985,'SURUHUTO',421),(2986,'ASUTO',421),(2987,'AGHUNATO',421),(2988,'ZUNHEBOTO SADAR',421),(2989,'ATOIZU',421),(2990,'AKUHAITO',421),(2991,'PUGHOBOTO',421),(2992,'GHATHASHI',421),(2993,'SATAKHA',421),(2994,'SAPTIQA',421),(2995,'SATOI',421),(2996,'TALCHER SADAR',422),(2997,'COLLIERY',422),(2998,'BIKRAMPUR',422),(2999,'NALCO',422),(3000,'BANARPAL',422),(3001,'BHUSAN STEEL LIMITED',422),(3002,'ANUGUL',422),(3003,'JARAPADA',422),(3004,'INDUSTRIAL',422),(3005,'CHHENDIPADA',422),(3006,'HANDAPA',422),(3007,'KISHORENAGAR',422),(3008,'ATHMALLIK',422),(3009,'KIAKATA',422),(3010,'THAKURGARH',422),(3011,'PURUNAKOT',422),(3012,'BANTALA',422),(3013,'PALALAHADA',422),(3014,'KHAMAR',422),(3015,'RENGALI DAMSITE',422),(3016,'KANIHA',422),(3017,'N.T.P.C.',422),(3018,'SAMAL BARRAGE',422),(3019,'LOISINGA',423),(3020,'BALANGIR',423),(3021,'TUSHURA',423),(3022,'PATNAGARH',423),(3023,'KHAPRAKHOL',423),(3024,'TUREKELA',423),(3025,'BELPARA',423),(3026,'SAINTALA',423),(3027,'KANTABANJI',423),(3028,'BANGOMUNDA',423),(3029,'SINDHEKELA',423),(3030,'TITLAGARH',423),(3031,'RAIBANIA',424),(3032,'JALESWAR',424),(3033,'BHOGRAI',424),(3034,'KAMARDA',424),(3035,'BALIAPAL',424),(3036,'SINGLA',424),(3037,'BASTA',424),(3038,'RUPSA',424),(3039,'BALESHWAR SADAR',424),(3040,'SAHADEVKHUNTA',424),(3041,'CHANDIPUR',424),(3042,'BALARAMGADI MARINE',424),(3043,'BAMPADA',424),(3044,'REMUNA',424),(3045,'NILAGIRI',424),(3046,'BERHAMPUR',424),(3047,'OUPADA',424),(3048,'KHAIRA',424),(3049,'SORO',424),(3050,'SIMILIA',424),(3051,'BALESHWAR (M)',424),(3052,'PAIKAMAL',425),(3053,'JHARBANDHA',425),(3054,'PADMAPUR',425),(3055,'BURDEN',425),(3056,'GAISILET',425),(3057,'MELCHHAMUNDA',425),(3058,'SOHELA',425),(3059,'BIJEPUR',425),(3060,'BARAPALI',425),(3061,'BHEDEN',425),(3062,'BARGARH',425),(3063,'BARGARH SADAR',425),(3064,'BHATLI',425),(3065,'AMBABHONA',425),(3066,'ATTABIRA',425),(3067,'AGARPADA',426),(3068,'BANT',426),(3069,'BHANDARI POKHARI',426),(3070,'DHAMANAGAR',426),(3071,'BHADRAK RURAL',426),(3072,'BASUDEBPUR',426),(3073,'NAIKANIDIHI',426),(3074,'TIHIDI',426),(3075,'DHUSURI',426),(3076,'CHANDABALI',426),(3077,'BANSADA',426),(3078,'DHAMARA MARINE',426),(3079,'KANTAMAL',427),(3080,'MANAMUNDA',427),(3081,'BAUNSUNI',427),(3082,'BAUDH SADAR',427),(3083,'PURUNA KATAK',427),(3084,'HARBHANGA',427),(3085,'NARASINGHPUR',428),(3086,'KANPUR',428),(3087,'BADAMBA',428),(3088,'BAIDYESWAR',428),(3089,'BANKI',428),(3090,'TIGIRIA',428),(3091,'ATHAGAD',428),(3092,'BARANG',428),(3093,'GURUDIJHATIA',428),(3094,'KHUNTUNI',428),(3095,'CHOUDWAR',428),(3096,'TANGI',428),(3097,'MAHANGA',428),(3098,'SALEPUR',428),(3099,'NISCHINTAKOILI',428),(3100,'NEMALO',428),(3101,'KISHANNAGAR',428),(3102,'JAGATPUR',428),(3103,'CUTTACK SADAR',428),(3104,'KANDARPUR',428),(3105,'C.R.R.I.',428),(3106,'GOBINDPUR',428),(3107,'OLATAPUR',428),(3108,'NIALI',428),(3109,'CUTTACK (M CORP.)',428),(3110,'DEBAGARH',429),(3111,'BARKOT',429),(3112,'KUNDHEIGOLA',429),(3113,'REAMAL',429),(3114,'PARAJANG',430),(3115,'KAMAKSHYANAGAR',430),(3116,'KANKADAHAD',430),(3117,'BHUBAN',430),(3118,'GANDIA',430),(3119,'NIHALPRASAD',430),(3120,'TUMUSINGHA',430),(3121,'MOTUNGA',430),(3122,'BHUSAN STEEL LIMITED',430),(3123,'BALIMI',430),(3124,'HINDOL',430),(3125,'RASOL',430),(3126,'DHENKANAL SADAR',430),(3127,'ADVA',431),(3128,'MOHANA',431),(3129,'R.UDAYGIRI',431),(3130,'SERANGO',431),(3131,'KASHINAGARA',431),(3132,'PARLAKHEMUNDI',431),(3133,'GURANDI',431),(3134,'RAYAGADA',431),(3135,'GARABANDHA',431),(3136,'RAMAGIRI',431),(3137,'TARASINGI',432),(3138,'BUGUDA',432),(3139,'JAGANNATH PRASAD',432),(3140,'BHANJANAGAR',432),(3141,'GANGAPUR',432),(3142,'SURADA',432),(3143,'BADAGADA',432),(3144,'ASIKA',432),(3145,'DHARAKOTE',432),(3146,'KABISURYANAGAR',432),(3147,'POLASARA',432),(3148,'KODALA',432),(3149,'KHALIKOTE',432),(3150,'RAMBHA',432),(3151,'CHHATRAPUR',432),(3152,'GANJAM',432),(3153,'CHAMAKHANDI',432),(3154,'ARJYAPALLI MARINE',432),(3155,'PURUSOTTAMPUR',432),(3156,'HINJILI',432),(3157,'PATAPUR',432),(3158,'SERAGAD',432),(3159,'BRAHMAPUR SADAR',432),(3160,'GOPALPUR',432),(3161,'GOLANTHARA',432),(3162,'DIGAPAHANDI',432),(3163,'NUAGAON',432),(3164,'JARADA',432),(3165,'RAMAGIRI',432),(3166,'BRAHMAPUR (M.CORP.)',432),(3167,'PARADIP',433),(3168,'PARADEEP LOCK',433),(3169,'KUJANG',433),(3170,'ABHYACHANDPUR',433),(3171,'ERSAMA',433),(3172,'TIRTOL',433),(3173,'JAGATSINGHAPUR',433),(3174,'BIRIDI',433),(3175,'NAUGAON',433),(3176,'BALIKUDA',433),(3177,'SUKINDA',434),(3178,'TOMKA',434),(3179,'KALIAPANI',434),(3180,'KALINGANAGAR',434),(3181,'JAKHAPURA',434),(3182,'JAJAPUR ROAD',434),(3183,'KORAI',434),(3184,'PANIKOILI',434),(3185,'JAJAPUR',434),(3186,'JAJPUR SADAR',434),(3187,'DHARMASALA',434),(3188,'JENAPUR',434),(3189,'KUAKHIA',434),(3190,'BADACHANA',434),(3191,'BALICHANDRAPUR',434),(3192,'BINJHARPUR',434),(3193,'BARI - RAMACHANDRAPUR',434),(3194,'MANGALPUR',434),(3195,'RENGALI',435),(3196,'LAKHANPUR',435),(3197,'BELPAHAR',435),(3198,'BANAHARAPALI',435),(3199,'ORIENT',435),(3200,'BRAJARAJNAGAR',435),(3201,'JHARSUGUDA',435),(3202,'BADMAL',435),(3203,'LAIKERA',435),(3204,'KOLABIRA',435),(3205,'KESINGA',436),(3206,'MADANPUR RAMPUR',436),(3207,'NARALA',436),(3208,'LANJIGARH',436),(3209,'BISWANATHPUR',436),(3210,'SADAR',436),(3211,'KEGAON',436),(3212,'JUNAGARH',436),(3213,'GOLAMUNDA',436),(3214,'DHARAMGARH',436),(3215,'KOKASARA',436),(3216,'JAYAPATNA',436),(3217,'THUAMUL RAMPUR',436),(3218,'GOCHHAPADA',437),(3219,'PHULABANI',437),(3220,'PHULABANI TOWN',437),(3221,'KHAJURIPADA',437),(3222,'G.UDAYAGIRI',437),(3223,'TIKABALI',437),(3224,'CHAKAPADA',437),(3225,'SARANGAGARH',437),(3226,'PHIRINGIA',437),(3227,'BALIGUDA',437),(3228,'NUAGAON',437),(3229,'TUMUDIBANDHA',437),(3230,'BELAGHAR',437),(3231,'KOTAGARH',437),(3232,'BRAHMANIGAON',437),(3233,'DARINGBADI',437),(3234,'RAIKIA',437),(3235,'RAJKANIKA',438),(3236,'RAJNAGAR',438),(3237,'JAMBOO MARINE',438),(3238,'AALI',438),(3239,'PATTAMUNDAI',438),(3240,'KENDRAPARA',438),(3241,'KENDRAPARA SADAR',438),(3242,'NIKIRAI',438),(3243,'DERABISH',438),(3244,'PATKURA',438),(3245,'MARSAGHAI',438),(3246,'MAHAKALAPADA',438),(3247,'HARICHANDANPUR',439),(3248,'DAITARI',439),(3249,'GHASIPURA',439),(3250,'ANANDAPUR',439),(3251,'SOSO',439),(3252,'NANDIPADA',439),(3253,'SAINKUL',439),(3254,'BARBIL',439),(3255,'BOLANI',439),(3256,'RUGUDI',439),(3257,'JODA',439),(3258,'BAMEBARI',439),(3259,'CHAMPUA',439),(3260,'JHUMPURA',439),(3261,'BARIA',439),(3262,'TURUMUNGA',439),(3263,'PATANA',439),(3264,'KENDUJHAR SADAR',439),(3265,'KENDUJHAR TOWN',439),(3266,'NAYAKOTE',439),(3267,'KANJIPANI',439),(3268,'TELKOI',439),(3269,'PANDAPARA',439),(3270,'GHATGAON',439),(3271,'BOLAGAD',440),(3272,'BEGUNIA',440),(3273,'KHORDHA',440),(3274,'KHORDHA SADAR',440),(3275,'CHANDAKA',440),(3276,'NANDANKANAN',440),(3277,'MANCHESWAR',440),(3278,'BALIANTA',440),(3279,'BALIPATNA',440),(3280,'LINGARAJ',440),(3281,'AIRFIELD (KAPILA PRASAD)',440),(3282,'UTTARA',440),(3283,'KHANDAGIRI',440),(3284,'TAMANDO',440),(3285,'JATANI',440),(3286,'JANKIA',440),(3287,'NIRAKARPUR',440),(3288,'TANGI',440),(3289,'BALUGAON',440),(3290,'BANAPUR',440),(3291,'BHUBANESWAR (M.CORP.)',440),(3292,'KOTPAD',441),(3293,'BORIGUMA',441),(3294,'BHAIRABSINGIPUR',441),(3295,'DASAMANTAPUR',441),(3296,'LAKSHMIPUR',441),(3297,'NARAYANPATANA',441),(3298,'BANDHUGAON',441),(3299,'KAKIRIGUMA',441),(3300,'KORAPUT',441),(3301,'KORAPUT TOWN',441),(3302,'JEYPORE',441),(3303,'KUNDURA',441),(3304,'BOIPARIGUDA',441),(3305,'MACHH KUND',441),(3306,'PADUA',441),(3307,'NANDAPUR',441),(3308,'SIMILIGUDA',441),(3309,'SUNABEDA',441),(3310,'DAMONJODI',441),(3311,'POTTANGI',441),(3312,'KOTIYA',441),(3313,'MALKANGIRI',442),(3314,'MATHILI',442),(3315,'MUDULIPADA',442),(3316,'CHITRAKONDA',442),(3317,'PAPARMETLA',442),(3318,'JODAMBA',442),(3319,'ORKEL',442),(3320,'KALIMELA',442),(3321,'PODIA',442),(3322,'M.V. 79',442),(3323,'MOTU',442),(3324,'TIRING',443),(3325,'BAHALDA',443),(3326,'JAMDA',443),(3327,'RAIRANGPUR TOWN',443),(3328,'GORUMAHISANI',443),(3329,'JHARPOKHARIA',443),(3330,'BISOI',443),(3331,'RAIRANGPUR',443),(3332,'BADAMPAHAR',443),(3333,'JASHIPUR',443),(3334,'RARUAN',443),(3335,'GHAGARBEDA',443),(3336,'KARANJIA',443),(3337,'THAKURMUNDA',443),(3338,'BARIPADA SADAR',443),(3339,'BARIPADA TOWN',443),(3340,'KOLIANA',443),(3341,'BANGIRIPOSI',443),(3342,'CHANDUA',443),(3343,'SULIAPADA',443),(3344,'MURUDA',443),(3345,'RASAGOBINDAPUR',443),(3346,'BAISINGA',443),(3347,'BETANATI',443),(3348,'BARSAHI',443),(3349,'KHUNTA',443),(3350,'UDALA',443),(3351,'KAPTIPADA',443),(3352,'SHARATA',443),(3353,'MAHULDIHA',443),(3354,'BARIPADA (M)',443),(3355,'RAIGHAR',444),(3356,'KUNDEI',444),(3357,'UMARKOTE',444),(3358,'CHANDAHANDI',444),(3359,'JHARIGAN',444),(3360,'DABUGAN',444),(3361,'PAPARAHANDI',444),(3362,'KODINGA',444),(3363,'KOSAGUMUDA',444),(3364,'NABARANGAPUR',444),(3365,'TENTULIKHUNTI',444),(3366,'KHATIGUDA',444),(3367,'GANIA',445),(3368,'DASAPALLA',445),(3369,'BANIGOCHHA',445),(3370,'NUAGAON',445),(3371,'KHANDAPADA',445),(3372,'FATEGARH',445),(3373,'NAYAGARH',445),(3374,'ITAMATI',445),(3375,'NAYAGARH SADAR',445),(3376,'ODAGAON',445),(3377,'SARANKUL',445),(3378,'RANAPUR',445),(3379,'JONK',446),(3380,'NUAPADA',446),(3381,'KOMNA',446),(3382,'KHARIAR',446),(3383,'BODEN',446),(3384,'SINAPALI',446),(3385,'DELANGA',447),(3386,'PIPILI',447),(3387,'NIMAPADA',447),(3388,'KAKATPUR',447),(3389,'ASTARANGA',447),(3390,'KONARK',447),(3391,'GOP',447),(3392,'RAMACHANDI',447),(3393,'SATYABADI',447),(3394,'CHANDANPUR',447),(3395,'SADAR',447),(3396,'BRAHMAGIRI',447),(3397,'GADISAGADA',447),(3398,'KRUSHNA PRASAD',447),(3399,'PURI (M)',447),(3400,'AMBADALA',448),(3401,'MUNIGUDA',448),(3402,'CHANDRAPUR',448),(3403,'BISHAMAKATAK',448),(3404,'KALYANASINGPUR',448),(3405,'KASHIPUR',448),(3406,'ANDIRAKANCH',448),(3407,'TIKIRI',448),(3408,'DORAGUDA',448),(3409,'RAYAGADA',448),(3410,'SESKHAL',448),(3411,'GUNUPUR',448),(3412,'GUDARI',448),(3413,'PADMAPUR',448),(3414,'PUTTASING',448),(3415,'GOVINDPUR',449),(3416,'MAHULPALLI',449),(3417,'KOCHINDA',449),(3418,'KATARBAGA',449),(3419,'THELKOLOI',449),(3420,'RENGALI',449),(3421,'SASAN',449),(3422,'HIRAKUD',449),(3423,'BURLA',449),(3424,'DHANUPALI',449),(3425,'AINTHAPALI',449),(3426,'SADAR',449),(3427,'JAMANKIRA',449),(3428,'KISINDA',449),(3429,'JUJOMURA',449),(3430,'DHAMA',449),(3431,'CHARAMAL',449),(3432,'RAIRAKHOL',449),(3433,'NAKTIDEUL',449),(3434,'SAMBALPUR (M)',449),(3435,'DUNGURIPALI',450),(3436,'RAMPUR',450),(3437,'BINIKA',450),(3438,'ULUNDA',450),(3439,'BIRAMAHARAJPUR',450),(3440,'SUBALAYA',450),(3441,'SONAPUR',450),(3442,'TARBHA',450),(3443,'HEMGIR',451),(3444,'LEPHRIPARA',451),(3445,'BHASMA',451),(3446,'DHARUADIHI',451),(3447,'SUNDARGARH TOWN',451),(3448,'SUNDARGARH',451),(3449,'KINJIRKELA',451),(3450,'TALASARA',451),(3451,'BARAGAON',451),(3452,'KUTRA',451),(3453,'RAJAGANGAPUR',451),(3454,'RAIBOGA',451),(3455,'BIRAMITRAPUR',451),(3456,'HATIBARI',451),(3457,'BISRA',451),(3458,'BONDAMUNDA',451),(3459,'BRAHMANI TARANG',451),(3460,'RAGHUNATHAPALI',451),(3461,'TANGARAPALI',451),(3462,'LATHIKATA',451),(3463,'CHANDIPOSH',451),(3464,'KAMARPOSH BALANG',451),(3465,'KOIDA',451),(3466,'LAHUNIPARA',451),(3467,'GURUNDIA',451),(3468,'TIKAETPALI',451),(3469,'BANEI',451),(3470,'MAHULAPADA',451),(3471,'RAURKELA (M)',451),(3472,'RAURKELA (ITS)',451),(3473,'KARAIKAL TALUK',452),(3474,'THIRUNALLAR TALUK',452),(3475,'MAHE TALUK',453),(3476,'PUDUCHERRY TALUK',454),(3477,'OZHUKARAI TALUK',454),(3478,'VILLIANUR TALUK',454),(3479,'BAHOUR TALUK',454),(3480,'YANAM TALUK',455),(3481,'AJNALA',456),(3482,'AMRITSAR -I',456),(3483,'AMRITSAR- II',456),(3484,'BABA BAKALA',456),(3485,'BARNALA',457),(3486,'TAPA',457),(3487,'RAMPURA PHUL',458),(3488,'BATHINDA',458),(3489,'TALWANDI SABO',458),(3490,'FARIDKOT',459),(3491,'JAITU',459),(3492,'BASSI PATHANA',460),(3493,'FATEHGARH SAHIB',460),(3494,'AMLOH',460),(3495,'KHAMANON',460),(3496,'ZIRA',462),(3497,'FIROZPUR',462),(3498,'JALALABAD',462),(3499,'FAZILKA',462),(3500,'ABOHAR',462),(3501,'DHAR KALAN',463),(3502,'PATHANKOT',463),(3503,'GURDASPUR',463),(3504,'BATALA',463),(3505,'DERA BABA NANAK',463),(3506,'DASUA',464),(3507,'MUKERIAN',464),(3508,'HOSHIARPUR',464),(3509,'GARHSHANKAR',464),(3510,'SHAHKOT',465),(3511,'NAKODAR',465),(3512,'PHILLAUR',465),(3513,'JALANDHAR - I',465),(3514,'JALANDHAR - II',465),(3515,'BHULATH',466),(3516,'KAPURTHALA',466),(3517,'SULTANPUR LODHI',466),(3518,'PHAGWARA',466),(3519,'SAMRALA',467),(3520,'KHANNA',467),(3521,'PAYAL',467),(3522,'LUDHIANA (EAST)',467),(3523,'LUDHIANA (WEST)',467),(3524,'RAIKOT',467),(3525,'JAGRAON',467),(3526,'SARDULGARH',468),(3527,'BUDHLADA',468),(3528,'MANSA',468),(3529,'NIHAL SINGHWALA',469),(3530,'BAGHA PURANA',469),(3531,'MOGA',469),(3532,'MALOUT',470),(3533,'GIDDERBAHA',470),(3534,'MUKTSAR',470),(3535,'SAMANA',473),(3536,'PATRAN',473),(3537,'NABHA',473),(3538,'PATIALA',473),(3539,'RAJPURA',473),(3540,'ANANDPUR SAHIB',474),(3541,'NANGAL',474),(3542,'RUP NAGAR',474),(3543,'CHAMKAUR SAHIB',474),(3544,'SUNAM',475),(3545,'LEHRA',475),(3546,'MOONAK',475),(3547,'MALERKOTLA',475),(3548,'DHURI',475),(3549,'SANGRUR',475),(3550,'NAWANSHAHR',476),(3551,'BALACHAUR',476),(3552,'TARN TARAN',477),(3553,'PATTI',477),(3554,'KHADUR SAHIB',477),(3555,'KISHANGARH',478),(3556,'AJMER',478),(3557,'PEESANGAN',478),(3558,'BEAWAR',478),(3559,'MASUDA',478),(3560,'NASIRABAD',478),(3561,'BHINAY',478),(3562,'SARWAR',478),(3563,'KEKRI',478),(3564,'BEHROR',479),(3565,'MANDAWAR',479),(3566,'KOTKASIM',479),(3567,'TIJARA',479),(3568,'KISHANGARH BAS',479),(3569,'RAMGARH',479),(3570,'ALWAR',479),(3571,'BANSUR',479),(3572,'THANAGAZI',479),(3573,'RAJGARH',479),(3574,'LACHHMANGARH',479),(3575,'KATHUMAR',479),(3576,'GHATOL',48),(3577,'GARHI',48),(3578,'BANSWARA',48),(3579,'BAGIDORA',48),(3580,'KUSHALGARH',48),(3581,'MANGROL',481),(3582,'ANTAH',481),(3583,'BARAN',481),(3584,'ATRU',481),(3585,'KISHANGANJ',481),(3586,'SHAHBAD',481),(3587,'CHHABRA',481),(3588,'CHHIPABAROD',481),(3589,'SHEO',482),(3590,'BAYTOO',482),(3591,'PACHPADRA',482),(3592,'SIWANA',482),(3593,'GUDHA MALANI',482),(3594,'BARMER',482),(3595,'RAMSAR',482),(3596,'CHOHTAN',482),(3597,'PAHARI',483),(3598,'KAMAN',483),(3599,'NAGAR',483),(3600,'DEEG',483),(3601,'NADBAI',483),(3602,'KUMHER',483),(3603,'BHARATPUR',483),(3604,'WEIR',483),(3605,'BAYANA',483),(3606,'RUPBAS',483),(3607,'ASIND',484),(3608,'HURDA',484),(3609,'SHAHPURA',484),(3610,'BANERA',484),(3611,'MANDAL',484),(3612,'RAIPUR',484),(3613,'SAHARA',484),(3614,'BHILWARA',484),(3615,'KOTRI',484),(3616,'JAHAZPUR',484),(3617,'MANDALGARH',484),(3618,'BEEJOLIYA',484),(3619,'BIKANER',485),(3620,'POOGAL',485),(3621,'LUNKARANSAR',485),(3622,'KOLAYAT',485),(3623,'NOKHA',485),(3624,'KHAJUWALA',485),(3625,'CHHATARGARH',485),(3626,'SRIDUNGARGARH',485),(3627,'HINDOLI',486),(3628,'NAINWA',486),(3629,'INDRAGARH',486),(3630,'KESHORAIPATAN',486),(3631,'BUNDI',486),(3632,'RASHMI',487),(3633,'GANGRAR',487),(3634,'BEGUN',487),(3635,'RAWATBHATA',487),(3636,'CHITTAURGARH',487),(3637,'KAPASAN',487),(3638,'DUNGLA',487),(3639,'BHADESAR',487),(3640,'NIMBAHERA',487),(3641,'BARI SADRI',487),(3642,'TARANAGAR',488),(3643,'RAJGARH',488),(3644,'SARDARSHAHAR',488),(3645,'CHURU',488),(3646,'RATANGARH',488),(3647,'SUJANGARH',488),(3648,'BASWA',489),(3649,'MAHWA',489),(3650,'SIKRAI',489),(3651,'DAUSA',489),(3652,'LALSOT',489),(3653,'BASERI',49),(3654,'BARI',49),(3655,'SEPAU',49),(3656,'DHAULPUR',49),(3657,'RAJAKHERA',49),(3658,'DUNGARPUR',491),(3659,'ASPUR',491),(3660,'SAGWARA',491),(3661,'SIMALWARA',491),(3662,'SANGARIA',492),(3663,'TIBI',492),(3664,'HANUMANGARH',492),(3665,'PILIBANGA',492),(3666,'RAWATSAR',492),(3667,'NOHAR',492),(3668,'BHADRA',492),(3669,'KOTPUTLI',493),(3670,'VIRATNAGAR',493),(3671,'SHAHPURA',493),(3672,'CHOMU',493),(3673,'PHULERA (HQ.SAMBHAR)',493),(3674,'MAUZAMABAD',493),(3675,'PHAGI',493),(3676,'SANGANER',493),(3677,'JAIPUR',493),(3678,'AMBER',493),(3679,'JAMWA RAMGARH',493),(3680,'BASSI',493),(3681,'CHAKSU',493),(3682,'JAISALMER',494),(3683,'POKARAN',494),(3684,'FATEHGARH',494),(3685,'SAYLA',495),(3686,'AHORE',495),(3687,'JALOR',495),(3688,'BHINMAL',495),(3689,'BAGORA',495),(3690,'SANCHORE',495),(3691,'RANIWARA',495),(3692,'PIRAWA',496),(3693,'GANGDHAR',496),(3694,'KHANPUR',496),(3695,'JHALRAPATAN',496),(3696,'AKLERA',496),(3697,'MANOHAR THANA',496),(3698,'PACHPAHAR',496),(3699,'JHUNJHUNUN',497),(3700,'CHIRAWA',497),(3701,'BUHANA',497),(3702,'KHETRI',497),(3703,'NAWALGARH',497),(3704,'UDAIPURWATI',497),(3705,'PHALODI',498),(3706,'OSIAN',498),(3707,'BHOPALGARH',498),(3708,'JODHPUR',498),(3709,'SHERGARH',498),(3710,'LUNI',498),(3711,'BILARA',498),(3712,'TODABHIM',499),(3713,'NADOTI',499),(3714,'HINDAUN',499),(3715,'KARAULI',499),(3716,'MANDRAIL',499),(3717,'SAPOTRA',499),(3718,'PIPALDA',50),(3719,'DIGOD',50),(3720,'LADPURA',50),(3721,'RAMGANJ MANDI',50),(3722,'SANGOD',50),(3723,'LADNU',501),(3724,'DIDWANA',501),(3725,'JAYAL',501),(3726,'NAGAUR',501),(3727,'KHEENVSAR',501),(3728,'MERTA',501),(3729,'DEGANA',501),(3730,'PARBATSAR',501),(3731,'MAKRANA',501),(3732,'NAWA',501),(3733,'JAITARAN',502),(3734,'RAIPUR',502),(3735,'SOJAT',502),(3736,'ROHAT',502),(3737,'PALI',502),(3738,'MARWAR JUNCTION',502),(3739,'DESURI',502),(3740,'SUMERPUR',502),(3741,'BALI',502),(3742,'DHARIAWAD',503),(3743,'PEEPALKHOONT',503),(3744,'CHHOTI SADRI',503),(3745,'PRATAPGARH',503),(3746,'ARNOD',503),(3747,'BHIM',504),(3748,'DEOGARH',504),(3749,'AMET',504),(3750,'KUMBHALGARH',504),(3751,'RAJSAMAND',504),(3752,'RAILMAGRA',504),(3753,'NATHDWARA',504),(3754,'GANGAPUR',505),(3755,'BAMANWAS',505),(3756,'MALARNA DOONGAR',505),(3757,'BONLI',505),(3758,'CHAUTH KA BARWARA',505),(3759,'SAWAI MADHOPUR',505),(3760,'KHANDAR',505),(3761,'FATEHPUR',506),(3762,'LACHHMANGARH',506),(3763,'SIKAR',506),(3764,'DANTA RAMGARH',506),(3765,'SRI MADHOPUR',506),(3766,'NEEM-KA-THANA',506),(3767,'SHEOGANJ',507),(3768,'SIROHI',507),(3769,'PINDWARA',507),(3770,'ABU ROAD',507),(3771,'REODAR',507),(3772,'KARANPUR',508),(3773,'GANGANAGAR',508),(3774,'SADULSHAHAR',508),(3775,'PADAMPUR',508),(3776,'RAISINGHNAGAR',508),(3777,'ANUPGARH',508),(3778,'GHARSANA',508),(3779,'VIJAINAGAR',508),(3780,'SURATGARH',508),(3781,'MALPURA',509),(3782,'PEEPLU',509),(3783,'NIWAI',509),(3784,'TONK',509),(3785,'TODARAISINGH',509),(3786,'DEOLI',509),(3787,'UNIARA',509),(3788,'MAVLI',51),(3789,'GOGUNDA',51),(3790,'KOTRA',51),(3791,'JHADOL',51),(3792,'GIRWA',51),(3793,'VALLABHNAGAR',51),(3794,'LASADIYA',51),(3795,'SALUMBAR',51),(3796,'SARADA',51),(3797,'RISHABHDEO',51),(3798,'KHERWARA',51),(3799,'GANGTOK',511),(3800,'PAKYONG',511),(3801,'RONGLI',511),(3802,'TSHUNGTHANG',512),(3803,'MANGAN',512),(3804,'NAMCHI',513),(3805,'RAVONG',513),(3806,'GYALSHING',514),(3807,'SORENG',514),(3808,'KANNAD',616),(3809,'SOEGAON',616),(3810,'SILLOD',616),(3811,'PHULAMBRI',616),(3812,'AURANGABAD',616),(3813,'KHULDABAD',616),(3814,'VAIJAPUR',616),(3815,'GANGAPUR',616),(3816,'PAITHAN',616),(3817,'SURGANA',603),(3818,'KALWAN',603),(3819,'DEOLA',603),(3820,'BAGLAN',603),(3821,'MALEGAON',603),(3822,'NANDGAON',603),(3823,'CHANDVAD',603),(3824,'DINDORI',603),(3825,'PEINT',603),(3826,'TRIMBAKESHWAR',603),(3827,'NASHIK',603),(3828,'IGATPURI',603),(3829,'SINNAR',603),(3830,'NIPHAD',603),(3831,'YEVLA',603),(3832,'TALASARI',632),(3833,'DAHANU',632),(3834,'VIKRAMGAD',632),(3835,'JAWHAR',632),(3836,'MOKHADA',632),(3837,'VADA',632),(3838,'PALGHAR',632),(3839,'VASAI',632),(3840,'THANE',632),(3841,'BHIWANDI',632),(3842,'SHAHAPUR',632),(3843,'KALYAN',632),(3844,'ULHASNAGAR',632),(3845,'AMBARNATH',632),(3846,'MURBAD',632),(3847,'KHALAPUR',612),(3848,'PEN',612),(3849,'ALIBAG',612),(3850,'MURUD',612),(3851,'ROHA',612),(3852,'SUDHAGAD',612),(3853,'MANGAON',612),(3854,'TALA',612),(3855,'SHRIVARDHAN',612),(3856,'MHASLA',612),(3857,'MAHAD',612),(3858,'POLADPUR',612),(3859,'URAN',612),(3860,'PANVEL',612),(3861,'KARJAT',612),(3862,'JUNNAR',610),(3863,'AMBEGAON',610),(3864,'SHIRUR',610),(3865,'KHED',610),(3866,'MAWAL',610),(3867,'MULSHI',610),(3868,'HAVELI',610),(3869,'PUNE CITY',610),(3870,'DAUND',610),(3871,'PURANDHAR',610),(3872,'VELHE',610),(3873,'BHOR',610),(3874,'BARAMATI',610),(3875,'INDAPUR',610),(3876,'AKOLA',604),(3877,'SANGAMNER',604),(3878,'KOPARGAON',604),(3879,'RAHTA',604),(3880,'SHRIRAMPUR',604),(3881,'NEVASA',604),(3882,'SHEVGAON',604),(3883,'PATHARDI',604),(3884,'NAGAR',604),(3885,'RAHURI',604),(3886,'PARNER',604),(3887,'SHRIGONDA',604),(3888,'KARJAT',604),(3889,'JAMKHED',604),(3890,'ASHTI',629),(3891,'PATODA',629),(3892,'SHIRUR (KASAR)',629),(3893,'GEORAI',629),(3894,'MANJLEGAON',629),(3895,'WADWANI',629),(3896,'BID',629),(3897,'KAIJ',629),(3898,'DHARUR',629),(3899,'PARLI',629),(3900,'AMBEJOGAI',629),(3901,'LATUR',613),(3902,'RENAPUR',613),(3903,'AHMADPUR',613),(3904,'JALKOT',613),(3905,'CHAKUR',613),(3906,'SHIRUR-ANANTPAL',613),(3907,'AUSA',613),(3908,'NILANGA',613),(3909,'DEONI',613),(3910,'UDGIR',613),(3911,'PARANDA',631),(3912,'BHUM',631),(3913,'WASHI',631),(3914,'KALAMB',631),(3915,'OSMANABAD',631),(3916,'TULJAPUR',631),(3917,'LOHARA',631),(3918,'UMARGA',631),(3919,'KARMALA',623),(3920,'MADHA',623),(3921,'BARSHI',623),(3922,'SOLAPUR NORTH',623),(3923,'MOHOL',623),(3924,'PANDHARPUR',623),(3925,'MALSHIRAS',623),(3926,'SANGOLE',623),(3927,'MANGALVEDHE',623),(3928,'SOLAPUR SOUTH',623),(3929,'AKKALKOT',623),(3930,'MAHABALESHWAR',618),(3931,'WAI',618),(3932,'KHANDALA',618),(3933,'PHALTAN',618),(3934,'MAN',618),(3935,'KHATAV',618),(3936,'KOREGAON',618),(3937,'SATARA',618),(3938,'JAOLI',618),(3939,'PATAN',618),(3940,'KARAD',618),(3941,'MANDANGAD',609),(3942,'DAPOLI',609),(3943,'KHED',609),(3944,'CHIPLUN',609),(3945,'GUHAGAR',609),(3946,'RATNAGIRI',609),(3947,'SANGAMESHWAR',609),(3948,'LANJA',609),(3949,'RAJAPUR',609),(3950,'SHAHUWADI',615),(3951,'PANHALA',615),(3952,'HATKANANGLE',615),(3953,'SHIROL',615),(3954,'KARVIR',615),(3955,'BAVDA',615),(3956,'RADHANAGARI',615),(3957,'KAGAL',615),(3958,'BHUDARGAD',615),(3959,'AJRA',615),(3960,'GADHINGLAJ',615),(3961,'CHANDGAD',615),(3962,'SHIRALA',621),(3963,'WALWA',621),(3964,'PALUS',621),(3965,'KADEGAON',621),(3966,'KHANAPUR',621),(3967,'ATPADI',621),(3968,'TASGAON',621),(3969,'MIRAJ',621),(3970,'KAVATHEMAHANKAL',621),(3971,'JAT',621),(3972,'SIRPUR',626),(3973,'REBBANA',626),(3974,'BHIMINI',626),(3975,'DAHEGAON',626),(3976,'VEMANPALLE',626),(3977,'NENNAL',626),(3978,'TANDUR',626),(3979,'TIRYANI',626),(3980,'JANNARAM',626),(3981,'KADDAM (PEDDUR)',626),(3982,'SARANGAPUR',626),(3983,'KUNTALA',626),(3984,'KUBEER',626),(3985,'BHAINSA',626),(3986,'TANOOR',626),(3987,'MUDHOLE',626),(3988,'LOKESWARAM',626),(3989,'DILAWARPUR',626),(3990,'NIRMAL',626),(3991,'LAXMANCHANDA',626),(3992,'MAMDA',626),(3993,'KHANAPUR',626),(3994,'DANDEPALLE',626),(3995,'KASIPET',626),(3996,'BELLAMPALLE',626),(3997,'KOTAPALLE',626),(3998,'MANDAMARRI',626),(3999,'LUXETTIPET',626),(4000,'MANCHERIAL',626),(4001,'JAIPUR',626),(4002,'CHENNUR',626),(4003,'TAMSI',626),(4004,'ADILABAD',626),(4005,'JAINAD',626),(4006,'BELA',626),(4007,'TALAMADUGU',626),(4008,'GUDIHATHNOOR',626),(4009,'INDERAVELLY',626),(4010,'NARNOOR',626),(4011,'KERAMERI',626),(4012,'WANKDI',626),(4013,'SIRPUR (T)',626),(4014,'KOUTHALA',626),(4015,'BEJJUR',626),(4016,'KAGAZNAGAR',626),(4017,'ASIFABAD',626),(4018,'JAINOOR',626),(4019,'UTNOOR',626),(4020,'ICHODA',626),(4021,'BAZARHATHNOOR',626),(4022,'BOATH',626),(4023,'NERADIGONDA',626),(4024,'RANJAL',608),(4025,'NAVIPET',608),(4026,'NANDIPET',608),(4027,'ARMUR',608),(4028,'BALKONDA',608),(4029,'MORTAD',608),(4030,'KAMMARPALLE',608),(4031,'BHEEMGAL',608),(4032,'VELPUR',608),(4033,'JAKRANPALLE',608),(4034,'MAKLOOR',608),(4035,'NIZAMABAD',608),(4036,'YEDPALLE',608),(4037,'BODHAN',608),(4038,'KOTGIRI',608),(4039,'MADNOOR',608),(4040,'JUKKAL',608),(4041,'BICHKUNDA',608),(4042,'BIRKOOR',608),(4043,'VARNI',608),(4044,'DICHPALLE',608),(4045,'DHARPALLE',608),(4046,'SIRKONDA',608),(4047,'MACHAREDDY',608),(4048,'SADASIVANAGAR',608),(4049,'GANDHARI',608),(4050,'BANSWADA',608),(4051,'PITLAM',608),(4052,'NIZAMSAGAR',608),(4053,'YELLAREDDY',608),(4054,'NAGAREDDIPET',608),(4055,'LINGAMPET',608),(4056,'TADWAI',608),(4057,'KAMAREDDY',608),(4058,'BHIKNOOR',608),(4059,'DOMAKONDA',608),(4060,'IBRAHIMPATNAM',622),(4061,'MALLAPUR',622),(4062,'RAIKAL',622),(4063,'SARANGAPUR',622),(4064,'DHARMAPURI',622),(4065,'VELGATOOR',622),(4066,'RAMAGUNDAM',622),(4067,'KAMANPUR',622),(4068,'MANTHANI',622),(4069,'KATARAM',622),(4070,'MAHADEVPUR',622),(4071,'MUTHARAM (MAHADEVPUR)',622),(4072,'MALHARRAO',622),(4073,'MUTHARAM (MANTHANI)',622),(4074,'SRIRAMPUR',622),(4075,'PEDDAPALLE',622),(4076,'JULAPALLE',622),(4077,'ELGAID',622),(4078,'DHARMARAM',622),(4079,'GOLLAPALLE',622),(4080,'MALLIAL',622),(4081,'JAGTIAL',622),(4082,'MEDIPALLE',622),(4083,'KORATLA',622),(4084,'METPALLE',622),(4085,'KATHLAPUR',622),(4086,'CHANDURTHI',622),(4087,'KODIMIAL',622),(4088,'PEGADAPALLE',622),(4089,'GANGADHARA',622),(4090,'RAMADUGU',622),(4091,'CHOPPADANDI',622),(4092,'SULTANABAD',622),(4093,'ODELA',622),(4094,'MANAKONDUR',622),(4095,'KARIMNAGAR',622),(4096,'BOINPALLE',622),(4097,'VEMULAWADA',622),(4098,'KONARAOPETA',622),(4099,'YELLAREDDIPET',622),(4100,'GAMBHIRAOPET',622),(4101,'MUSTABAD',622),(4102,'SIRCILLA',622),(4103,'ELLANTHAKUNTA',622),(4104,'BEJJANKI',622),(4105,'TIMMAPUR (LMD COLONY)',622),(4106,'VEENAVANKA',622),(4107,'JAMMIKUNTA',622),(4108,'SHANKARAPATNAM',622),(4109,'CHIGURUMAMIDI',622),(4110,'KOHEDA',622),(4111,'HUSNABAD',622),(4112,'SAIDAPUR',622),(4113,'HUZURABAD',622),(4114,'KAMALAPUR',622),(4115,'BHEEMADEVARPALLE',622),(4116,'ELKATHURTHI',622),(4117,'SHIVAMPET',620),(4118,'NARSAPUR',620),(4119,'HATHNOORA',620),(4120,'SADASIVPET',620),(4121,'KONDAPUR',620),(4122,'SANGAREDDY',620),(4123,'JINNARAM',620),(4124,'PATANCHERU',620),(4125,'RAMACHANDRAPURAM',620),(4126,'KANGTI',620),(4127,'MANOOR',620),(4128,'NARAYANKHED',620),(4129,'KALHER',620),(4130,'SHANKARAMPET (A)',620),(4131,'PAPANNAPET',620),(4132,'MEDAK',620),(4133,'RAMAYAMPET',620),(4134,'DUBBAK',620),(4135,'SIDDIPET',620),(4136,'CHINNAKODUR',620),(4137,'NANGNOOR',620),(4138,'KONDAPAK',620),(4139,'THOGUTA',620),(4140,'MIRDODDI',620),(4141,'DOULTABAD',620),(4142,'CHEGUNTA',620),(4143,'SHANKARAMPET (R)',620),(4144,'KULCHARAM',620),(4145,'TEKMAL',620),(4146,'ALLADURG',620),(4147,'REGODE',620),(4148,'RAIKODE',620),(4149,'NYALKAL',620),(4150,'ZAHIRABAD',620),(4151,'KOHIR',620),(4152,'JHARASANGAM',620),(4153,'MUNPALLE',620),(4154,'PULKAL',620),(4155,'ANDOLE',620),(4156,'KOWDIPALLE',620),(4157,'YELDURTHY',620),(4158,'TUPRAN',620),(4159,'GAJWEL',620),(4160,'JAGDEVPUR',620),(4161,'WARGAL',620),(4162,'MULUG',620),(4163,'DEVGAD',611),(4164,'VAIBHAVVADI',611),(4165,'KANKAVLI',611),(4166,'MALWAN',611),(4167,'VENGURLA',611),(4168,'KUDAL',611),(4169,'SAWANTWADI',611),(4170,'DODAMARG',611),(4171,'SHAIKPET',624),(4172,'AMEERPET',624),(4173,'SECUNDERABAD',624),(4174,'TIRUMALAGIRI',624),(4175,'MAREDPALLE',624),(4176,'MUSHEERABAD',624),(4177,'AMBERPET',624),(4178,'HIMAYATHNAGAR',624),(4179,'NAMPALLY',624),(4180,'KHAIRATABAD',624),(4181,'ASIFNAGAR',624),(4182,'GOLCONDA',624),(4183,'BAHADURPURA',624),(4184,'BANDLAGUDA',624),(4185,'CHARMINAR',624),(4186,'SAIDABAD',624),(4187,'WAZEED',602),(4188,'VENKATAPURAM',602),(4189,'PINAPAKA',602),(4190,'CHERLA',602),(4191,'MANUGURU',602),(4192,'ASWAPURAM',602),(4193,'DUMMUGUDEM',602),(4194,'BHADRACHALAM',602),(4195,'KUNAVARAM',602),(4196,'CHINTUR',602),(4197,'VARARAMACHANDRAPURAM',602),(4198,'VELAIRPADU',602),(4199,'KUKUNOOR',602),(4200,'BURGAMPAHAD',602),(4201,'PALWANCHA',602),(4202,'KOTHAGUDEM',602),(4203,'TEKULAPALLE',602),(4204,'YELLANDU',602),(4205,'GUNDALA',602),(4206,'BAYYARAM',602),(4207,'GARLA',602),(4208,'SINGARENI',602),(4209,'KAMEPALLE',602),(4210,'JULURPAD',602),(4211,'CHANDRUGONDA',602),(4212,'MULKALAPALLE',602),(4213,'ASWARAOPETA',602),(4214,'DAMMAPETA',602),(4215,'SATHUPALLE',602),(4216,'PENUBALLI',602),(4217,'ENKURU',602),(4218,'THIRUMALAYAPALEM',602),(4219,'KUSUMANCHI',602),(4220,'KHAMMAM (RURAL)',602),(4221,'KHAMMAM (URBAN)',602),(4222,'MUDIGONDA',602),(4223,'NELAKONDAPALLE',602),(4224,'CHINTHAKANI',602),(4225,'KONIJERLA',602),(4226,'TALLADA',602),(4227,'KALLUR',602),(4228,'WYRA',602),(4229,'BONAKAL',602),(4230,'MADHIRA',602),(4231,'YERRUPALEM',602),(4232,'VEMSOOR',602),(4233,'KOMARADA',619),(4234,'GUMMALAKSHMIPURAM',619),(4235,'KURUPAM',619),(4236,'JIYYAMMAVALASA',619),(4237,'GARUGUBILLI',619),(4238,'PARVATHIPURAM',619),(4239,'MAKKUVA',619),(4240,'SEETHANAGARAM',619),(4241,'BALIJIPETA',619),(4242,'BOBBILI',619),(4243,'SALUR',619),(4244,'PACHIPENTA',619),(4245,'RAMABHADRAPURAM',619),(4246,'BADANGI',619),(4247,'THERLAM',619),(4248,'MERAKAMUDIDAM',619),(4249,'DATTIRAJERU',619),(4250,'MENTADA',619),(4251,'GAJAPATHINAGARAM',619),(4252,'GARIVIDI',619),(4253,'CHEEPURUPALLE',619),(4254,'GURLA',619),(4255,'BONDAPALLE',619),(4256,'GANTYADA',619),(4257,'SRUNGAVARAPUKOTA',619),(4258,'VEPADA',619),(4259,'LAKKAVARAPUKOTA',619),(4260,'KOTHAVALASA',619),(4261,'JAMI',619),(4262,'VIZIANAGARAM',619),(4263,'NELLIMARLA',619),(4264,'PUSAPATIREGA',619),(4265,'DENKADA',619),(4266,'BHOGAPURAM',619),(4267,'MARPALLE',627),(4268,'MOMINPET',627),(4269,'NAWABPET',627),(4270,'SHANKARPALLE',627),(4271,'SERILINGAMPALLY',627),(4272,'BALANAGAR',627),(4273,'QUTUBULLAPUR',627),(4274,'MEDCHAL',627),(4275,'SHAMIRPET',627),(4276,'MALKAJGIRI',627),(4277,'KEESARA',627),(4278,'GHATKESAR',627),(4279,'UPPAL',627),(4280,'HAYATHNAGAR',627),(4281,'SAROORNAGAR',627),(4282,'RAJENDRANAGAR',627),(4283,'MOINABAD',627),(4284,'CHEVELLA',627),(4285,'VICARABAD',627),(4286,'DHARUR',627),(4287,'BANTWARAM',627),(4288,'PEDDEMUL',627),(4289,'TANDUR',627),(4290,'BASHEERABAD',627),(4291,'YELAL',627),(4292,'DOMA',627),(4293,'GANDEED',627),(4294,'KULKACHARLA',627),(4295,'PARGI',627),(4296,'PUDUR',627),(4297,'SHABAD',627),(4298,'SHAMSHABAD',627),(4299,'MAHESWARAM',627),(4300,'KANDUKUR',627),(4301,'IBRAHIMPATNAM',627),(4302,'MANCHAL',627),(4303,'YACHARAM',627),(4304,'KODANGAL',614),(4305,'BOMRASPET',614),(4306,'KOSGI',614),(4307,'DOULATHABAD',614),(4308,'DAMARAGIDDA',614),(4309,'MADDUR',614),(4310,'HANWADA',614),(4311,'NAWABPET',614),(4312,'BALANAGAR',614),(4313,'KONDURG',614),(4314,'FAROOQNAGAR',614),(4315,'KOTHUR',614),(4316,'KESHAMPET',614),(4317,'TALAKONDAPALLE',614),(4318,'AMANGAL',614),(4319,'MADGUL',614),(4320,'VELDANDA',614),(4321,'MIDJIL',614),(4322,'JADCHERLA',614),(4323,'MAHBUBNAGAR',614),(4324,'KOILKONDA',614),(4325,'NARAYANPET',614),(4326,'UTKOOR',614),(4327,'DHANWADA',614),(4328,'DEVARKADRA',614),(4329,'BHOOTHPUR',614),(4330,'THIMMAJIPET',614),(4331,'KALWAKURTHY',614),(4332,'VANGOOR',614),(4333,'AMRABAD',614),(4334,'ACHAMPET',614),(4335,'UPPUNUNTHALA',614),(4336,'TELKAPALLE',614),(4337,'TADOOR',614),(4338,'NAGARKURNOOL',614),(4339,'BIJINAPALLE',614),(4340,'GHANPUR',614),(4341,'ADDAKAL',614),(4342,'CHINNACHINTAKUNTA',614),(4343,'NARVA',614),(4344,'MAKTHAL',614),(4345,'MAGANOOR',614),(4346,'DHARUR',614),(4347,'ATMAKUR',614),(4348,'KOTHAKOTA',614),(4349,'PEDDAMANDADI',614),(4350,'WANAPARTHY',614),(4351,'GOPALPETA',614),(4352,'BALMOOR',614),(4353,'LINGAL',614),(4354,'PEDDAKOTHAPALLE',614),(4355,'KODAIR',614),(4356,'PANGAL',614),(4357,'PEBBAIR',614),(4358,'GADWAL',614),(4359,'MALDAKAL',614),(4360,'GHATTU',614),(4361,'IEEJ',614),(4362,'ITIKYAL',614),(4363,'VEEPANGANDLA',614),(4364,'KOLLAPUR',614),(4365,'WADDEPALLE',614),(4366,'MANOPAD',614),(4367,'ALAMPUR',614),(4368,'BOMMALARAMARAM',628),(4369,'M.TURKAPALLE',628),(4370,'RAJAPET',628),(4371,'YADAGIRIGUTTA',628),(4372,'ALAIR',628),(4373,'GUNDALA',628),(4374,'THIRUMALGIRI',628),(4375,'THUNGATHURTHI',628),(4376,'NUTHANKAL',628),(4377,'ATMAKUR (S)',628),(4378,'JAJI REDDI GUDEM',628),(4379,'SALI GOURARAM',628),(4380,'MOTHKUR',628),(4381,'ATMAKUR (M)',628),(4382,'VALIGONDA',628),(4383,'BHONGIR',628),(4384,'BIBINAGAR',628),(4385,'POCHAMPALLE',628),(4386,'CHOUTUPPAL',628),(4387,'RAMANNAPETA',628),(4388,'CHITYALA',628),(4389,'NARKETPALLE',628),(4390,'KATTANGOOR',628),(4391,'NAKREKAL',628),(4392,'KETHE PALLE',628),(4393,'SURYAPET',628),(4394,'CHIVVEMLA',628),(4395,'MOTHEY',628),(4396,'NADIGUDEM',628),(4397,'MUNAGALA',628),(4398,'PENPAHAD',628),(4399,'VEMULAPALLE',628),(4400,'THIPPARTHI',628),(4401,'NALGONDA',628),(4402,'MUNUGODE',628),(4403,'NARAYANAPUR',628),(4404,'MARRIGUDA',628),(4405,'CHINTHA PALLE',628),(4406,'GUNDLA PALLE',628),(4407,'CHANDAM PET',628),(4408,'DEVARAKONDA',628),(4409,'NAMPALLE',628),(4410,'CHANDUR',628),(4411,'KANGAL',628),(4412,'GURRAMPODE',628),(4413,'PEDDA ADISERLA PALLE',628),(4414,'PEDDAVOORA',628),(4415,'ANUMULA',628),(4416,'NIDAMANUR',628),(4417,'THRIPURARAM',628),(4418,'DAMERACHERLA',628),(4419,'MIRYALAGUDA',628),(4420,'NEREDCHERLA',628),(4421,'GARIDE PALLE',628),(4422,'CHILKUR',628),(4423,'KODAD',628),(4424,'HUZURNAGAR',628),(4425,'MATTAM PALLE',628),(4426,'MELLA CHERUVU',628),(4427,'CHERIAL',633),(4428,'MADDUR',633),(4429,'BACHANNAPET',633),(4430,'NARMETTA',633),(4431,'GHANPUR (STATION)',633),(4432,'DHARMASAGAR',633),(4433,'HASANPARTHY',633),(4434,'PARKAL',633),(4435,'MOGULLAPALLE',633),(4436,'CHITYAL',633),(4437,'BHUPALPALLE',633),(4438,'GHANPUR (MULUG)',633),(4439,'VENKATAPUR',633),(4440,'ETURNAGARAM',633),(4441,'MANGAPET',633),(4442,'TADVAI',633),(4443,'GOVINDARAOPET',633),(4444,'MULUG',633),(4445,'REGONDA',633),(4446,'SHAYAMPET',633),(4447,'NALLABELLY',633),(4448,'DUGGONDI',633),(4449,'ATMAKUR',633),(4450,'HANAMKONDA',633),(4451,'ZAFFERGADH',633),(4452,'PALAKURTHI',633),(4453,'RAGHUNATHPALLE',633),(4454,'JANGAON',633),(4455,'LINGALAGHANPUR',633),(4456,'DEVARUPPULA',633),(4457,'KODAKANDLA',633),(4458,'RAIPARTHY',633),(4459,'WARDHANNAPET',633),(4460,'SANGAM',633),(4461,'WARANGAL',633),(4462,'GEESUGONDA',633),(4463,'NARSAMPET',633),(4464,'KHANAPUR',633),(4465,'KOTHAGUDEM',633),(4466,'GUDUR',633),(4467,'CHENNARAOPET',633),(4468,'NEKKONDA',633),(4469,'PARVATHAGIRI',633),(4470,'THORRUR',633),(4471,'NELLIKUDUR',633),(4472,'KESAMUDRAM',633),(4473,'MAHABUBABAD',633),(4474,'NARSIMHULAPET',633),(4475,'MARIPEDA',633),(4476,'KURAVI',633),(4477,'DORNAKAL',633),(4478,'VEERAGHATTAM',606),(4479,'SEETHAMPETA',606),(4480,'BHAMINI',606),(4481,'KOTHURU',606),(4482,'PATHAPATNAM',606),(4483,'MELIAPUTTI',606),(4484,'PALASA',606),(4485,'MANDASA',606),(4486,'KANCHILI',606),(4487,'ICHCHAPURAM',606),(4488,'KAVITI',606),(4489,'SOMPETA',606),(4490,'VAJRAPUKOTHURU',606),(4491,'NANDIGAM',606),(4492,'HIRAMANDALAM',606),(4493,'PALAKONDA',606),(4494,'VANGARA',606),(4495,'REGIDI AMADALAVALASA',606),(4496,'LAKSHMINARSUPETA',606),(4497,'SARAVAKOTA',606),(4498,'TEKKALI',606),(4499,'SANTHABOMMALI',606),(4500,'KOTABOMMALI',606),(4501,'JALUMURU',606),(4502,'SARUBUJJILI',606),(4503,'BURJA',606),(4504,'SANTHAKAVITI',606),(4505,'RAJAM',606),(4506,'GANGUVARISIGADAM',606),(4507,'AMADALAVALASA',606),(4508,'NARASANNAPETA',606),(4509,'POLAKI',606),(4510,'GARA',606),(4511,'SRIKAKULAM',606),(4512,'PONDURU',606),(4513,'LAVERU',606),(4514,'RANASTALAM',606),(4515,'ETCHERLA',606),(4516,'MUNCHINGI PUTTU',605),(4517,'PEDA BAYALU',605),(4518,'DUMBRIGUDA',605),(4519,'ARAKU VALLEY',605),(4520,'ANANTHAGIRI',605),(4521,'HUKUMPETA',605),(4522,'PADERU',605),(4523,'G.MADUGULA',605),(4524,'CHINTAPALLE',605),(4525,'GUDEM KOTHA VEEDHI',605),(4526,'KOYYURU',605),(4527,'NATHAVARAM',605),(4528,'GOLUGONDA',605),(4529,'NARSIPATNAM',605),(4530,'ROLUGUNTA',605),(4531,'RAVIKAMATHAM',605),(4532,'MADUGULA',605),(4533,'CHEEDIKADA',605),(4534,'DEVARAPALLE',605),(4535,'K.KOTAPADU',605),(4536,'SABBAVARAM',605),(4537,'PENDURTHI',605),(4538,'ANANDAPURAM',605),(4539,'PADMANABHAM',605),(4540,'BHEEMUNIPATNAM',605),(4541,'VISAKHAPATNAM (RURAL)',605),(4542,'VISAKHAPATNAM (URBAN)',605),(4543,'PEDAGANTYADA',605),(4544,'GAJUWAKA',605),(4545,'PARAVADA',605),(4546,'ANAKAPALLE',605),(4547,'CHODAVARAM',605),(4548,'BUTCHAYYAPETA',605),(4549,'KOTAURATLA',605),(4550,'MAKAVARAPALEM',605),(4551,'KASIMKOTA',605),(4552,'MUNAGAPAKA',605),(4553,'ATCHUTAPURAM',605),(4554,'YELAMANCHILI',605),(4555,'NAKKAPALLE',605),(4556,'PAYAKARAOPETA',605),(4557,'S.RAYAVARAM',605),(4558,'RAMBILLI',605),(4559,'MAREDUMILLI',607),(4560,'DEVIPATNAM',607),(4561,'Y. RAMAVARAM',607),(4562,'ADDATEEGALA',607),(4563,'RAJAVOMMANGI',607),(4564,'KOTANANDURU',607),(4565,'TUNI',607),(4566,'ROWTHULAPUDI',607),(4567,'SANKHAVARAM',607),(4568,'YELESWARAM',607),(4569,'GANGAVARAM',607),(4570,'RAMPACHODAVARAM',607),(4571,'SEETHANAGARAM',607),(4572,'GOKAVARAM',607),(4573,'JAGGAMPETA',607),(4574,'KIRLAMPUDI',607),(4575,'PRATHIPADU',607),(4576,'THONDANGI',607),(4577,'GOLLAPROLU',607),(4578,'PEDDAPURAM',607),(4579,'GANDEPALLE',607),(4580,'KORUKONDA',607),(4581,'RAJAHMUNDRY (URBAN)',607),(4582,'RAJAHMUNDRY RURAL',607),(4583,'RAJANAGARAM',607),(4584,'RANGAMPETA',607),(4585,'SAMALKOTA',607),(4586,'PITHAPURAM',607),(4587,'KOTHAPALLE',607),(4588,'KAKINADA (RURAL)',607),(4589,'KAKINADA (URBAN)',607),(4590,'PEDAPUDI',607),(4591,'BICCAVOLU',607),(4592,'ANAPARTHY',607),(4593,'KADIAM',607),(4594,'ATREYAPURAM',607),(4595,'MANDAPETA',607),(4596,'RAYAVARAM',607),(4597,'KARAPA',607),(4598,'KAJULURU',607),(4599,'RAMACHANDRAPURAM',607),(4600,'ALAMURU',607),(4601,'RAVULAPALEM',607),(4602,'KOTHAPETA',607),(4603,'KAPILESWARAPURAM',607),(4604,'PAMARRU',607),(4605,'THALLAREVU',607),(4606,'I. POLAVARAM',607),(4607,'MUMMIDIVARAM',607),(4608,'AINAVILLI',607),(4609,'P.GANNAVARAM',607),(4610,'AMBAJIPETA',607),(4611,'MAMIDIKUDURU',607),(4612,'RAZOLE',607),(4613,'MALIKIPURAM',607),(4614,'SAKHINETIPALLE',607),(4615,'ALLAVARAM',607),(4616,'AMALAPURAM',607),(4617,'UPPALAGUPTAM',607),(4618,'KATRENIKONA',607),(4619,'NIDAMARRU',625),(4620,'PENTAPADU',625),(4621,'UNDRAJAVARAM',625),(4622,'PERAVALI',625),(4623,'TANUKU',625),(4624,'ATTILI',625),(4625,'GANAPAVARAM',625),(4626,'AKIVIDU',625),(4627,'UNDI',625),(4628,'PALACODERU',625),(4629,'PENUMANTRA',625),(4630,'IRAGAVARAM',625),(4631,'PENUGONDA',625),(4632,'ACHANTA',625),(4633,'PODURU',625),(4634,'VEERAVASARAM',625),(4635,'BHIMAVARAM',625),(4636,'KALLA',625),(4637,'MOGALTHUR',625),(4638,'NARASAPURAM',625),(4639,'PALACOLE',625),(4640,'YELAMANCHILI',625),(4641,'CHINTALAPUDI',625),(4642,'LINGAPALEM',625),(4643,'T.NARASAPURAM',625),(4644,'JEELUGU MILLI',625),(4645,'BUTTAYAGUDEM',625),(4646,'POLAVARAM',625),(4647,'TALLAPUDI',625),(4648,'GOPALAPURAM',625),(4649,'KOYYALAGUDEM',625),(4650,'JANGAREDDIGUDEM',625),(4651,'KAMAVARAPUKOTA',625),(4652,'DWARAKATIRUMALA',625),(4653,'NALLAJERLA',625),(4654,'DEVARAPALLE',625),(4655,'KOVVUR',625),(4656,'CHAGALLU',625),(4657,'NIDADAVOLE',625),(4658,'TADEPALLIGUDEM',625),(4659,'UNGUTURU',625),(4660,'BHIMADOLE',625),(4661,'PEDAVEGI',625),(4662,'PEDAPADU',625),(4663,'ELURU',625),(4664,'DENDULURU',625),(4665,'SALEMA',557),(4666,'MANU',557),(4667,'AMBASSA',557),(4668,'CHHAMANU',557),(4669,'DUMBURNAGAR',557),(4670,'GOURNAGAR',560),(4671,'KADAMTALA',560),(4672,'PANISAGAR',560),(4673,'DAMCHHARA',560),(4674,'PENCHARTHAL',560),(4675,'KUMARGHAT',560),(4676,'DASDA',560),(4677,'JAMPUII HILLS',560),(4678,'KILLA',562),(4679,'AMARPUR',562),(4680,'OMPI',562),(4681,'MATARBARI',562),(4682,'KAKRABAN',562),(4683,'RAJNAGAR',562),(4684,'HRISHYAMUKH',562),(4685,'BOKAFA',562),(4686,'KARBUK',562),(4687,'RUPAICHHARI',562),(4688,'SATCHAND',562),(4689,'MOHANPUR',564),(4690,'HEZAMARA',564),(4691,'PADMABIL',564),(4692,'KHOWAI',564),(4693,'TULASHIKHAR',564),(4694,'KALYANPUR',564),(4695,'TELIAMURA',564),(4696,'MUNGIAKUMI',564),(4697,'MANDAI',564),(4698,'JIRANIA',564),(4699,'DUKLI',564),(4700,'JAMPUIJALA',564),(4701,'BISHALGARH',564),(4702,'BOXANAGAR',564),(4703,'MELAGHAR',564),(4704,'KATHALIA',564),(4705,'ETMADPUR',565),(4706,'AGRA',565),(4707,'KIRAOLI',565),(4708,'KHERAGARH',565),(4709,'FATEHABAD',565),(4710,'BAH',565),(4711,'KHAIR',566),(4712,'GABHANA',566),(4713,'ATRAULI',566),(4714,'KOIL',566),(4715,'IGLAS',566),(4716,'SORAON',567),(4717,'PHULPUR',567),(4718,'ALLAHABAD',567),(4719,'BARA',567),(4720,'KARCHHANA',567),(4721,'HANDIA',567),(4722,'MEJA',567),(4723,'KORAON',567),(4724,'TANDA',568),(4725,'ALLAPUR',568),(4726,'JALALPUR',568),(4727,'AKBARPUR',568),(4728,'BHITI',568),(4729,'BIDHUNA',569),(4730,'AURAIYA',569),(4731,'BURHANPUR',570),(4732,'SAGRI',570),(4733,'AZAMGARH',570),(4734,'NIZAMABAD',570),(4735,'PHULPUR',570),(4736,'LALGANJ',570),(4737,'MEHNAGAR',570),(4738,'BARAUT',571),(4739,'BAGHPAT',571),(4740,'KHEKADA',571),(4741,'NANPARA',572),(4742,'MAHASI',572),(4743,'BAHRAICH',572),(4744,'KAISERGANJ',572),(4745,'BELTHARA ROAD',573),(4746,'SIKANDERPUR',573),(4747,'RASRA',573),(4748,'BALLIA',573),(4749,'BANSDIH',573),(4750,'BAIRIA',573),(4751,'BALRAMPUR',574),(4752,'TULSIPUR',574),(4753,'UTRAULA',574),(4754,'BANDA',575),(4755,'BABERU',575),(4756,'ATARRA',575),(4757,'NARAINI',575),(4758,'FATEHPUR',576),(4759,'RAMNAGAR',576),(4760,'NAWABGANJ',576),(4761,'SIRAULI GAUSPUR',576),(4762,'RAMSANEHIGHAT',576),(4763,'HAIDERGARH',576),(4764,'BAHERI',577),(4765,'MEERGANJ',577),(4766,'AONLA',577),(4767,'BAREILLY',577),(4768,'NAWABGANJ',577),(4769,'FARIDPUR',577),(4770,'BHANPUR',578),(4771,'HARRAIYA',578),(4772,'BASTI',578),(4773,'RUDHAULI',578),(4774,'NAJIBABAD',580),(4775,'BIJNOR',580),(4776,'NAGINA',580),(4777,'DHAMPUR',580),(4778,'CHANDPUR',580),(4779,'GUNNAUR',581),(4780,'BISAULI',581),(4781,'BILSI',581),(4782,'SAHASWAN',581),(4783,'BUDAUN',581),(4784,'DATAGANJ',581),(4785,'SIKANDRABAD',582),(4786,'BULANDSHAHR',582),(4787,'SIANA',582),(4788,'ANUPSHAHR',582),(4789,'DEBAI',582),(4790,'SHIKARPUR',582),(4791,'KHURJA',582),(4792,'SAKALDIHA',583),(4793,'CHANDAULI',583),(4794,'CHAKIA',583),(4795,'KARWI',585),(4796,'MAU',585),(4797,'DEORIA',586),(4798,'RUDRAPUR',586),(4799,'BARHAJ',586),(4800,'SALEMPUR',586),(4801,'BHATPAR RANI',586),(4802,'ALIGANJ',587),(4803,'ETAH',587),(4804,'JALESAR',587),(4805,'JASWANTNAGAR',588),(4806,'SAIFAI',588),(4807,'ETAWAH',588),(4808,'BHARTHANA',588),(4809,'CHAKARNAGAR',588),(4810,'RUDAULI',589),(4811,'MILKIPUR',589),(4812,'SOHAWAL',589),(4813,'FAIZABAD',589),(4814,'BIKAPUR',589),(4815,'KAIMGANJ',590),(4816,'AMRITPUR',590),(4817,'FARRUKHABAD',590),(4818,'BINDKI',591),(4819,'FATEHPUR',591),(4820,'KHAGA',591),(4821,'TUNDLA',592),(4822,'FIROZABAD',592),(4823,'JASRANA',592),(4824,'SHIKOHABAD',592),(4825,'DADRI',593),(4826,'GAUTAM BUDDHA NAGAR',593),(4827,'JEWAR',593),(4828,'MODINAGAR',594),(4829,'GHAZIABAD',594),(4830,'HAPUR',594),(4831,'GARHMUKTESHWAR',594),(4832,'JAKHANIA',595),(4833,'SAIDPUR',595),(4834,'GHAZIPUR',595),(4835,'MOHAMMADABAD',595),(4836,'ZAMANIA',595),(4837,'GONDA',596),(4838,'COLONELGANJ',596),(4839,'TARABGANJ',596),(4840,'MANKAPUR',596),(4841,'CAMPIERGANJ',597),(4842,'SAHJANWA',597),(4843,'GORAKHPUR',597),(4844,'CHAURI CHAURA',597),(4845,'BANSGAON',597),(4846,'KHAJNI',597),(4847,'GOLA',597),(4848,'HAMIRPUR',598),(4849,'RATH',598),(4850,'SARILA',598),(4851,'MAUDAHA',598),(4852,'SHAHABAD',599),(4853,'SAWAYAJPUR',599),(4854,'HARDOI',599),(4855,'BILGRAM',599),(4856,'SANDILA',599),(4857,'MADHOGARH',601),(4858,'JALAUN',601),(4859,'KALPI',601),(4860,'ORAI',601),(4861,'KONCH',601),(4862,'SHAHGANJ',602),(4863,'BADLAPUR',602),(4864,'MACHHLISHAHR',602),(4865,'JAUNPUR',602),(4866,'MARIAHU',602),(4867,'KERAKAT',602),(4868,'MOTH',603),(4869,'GARAUTHA',603),(4870,'TAHRAULI',603),(4871,'MAURANIPUR',603),(4872,'JHANSI',603),(4873,'DHANAURA',604),(4874,'AMROHA',604),(4875,'HASANPUR',604),(4876,'CHHIBRAMAU',605),(4877,'KANNAUJ',605),(4878,'TIRWA',605),(4879,'RASULABAD',606),(4880,'DERAPUR',606),(4881,'AKBARPUR',606),(4882,'BHOGNIPUR',606),(4883,'SIKANDRA',606),(4884,'BILHAUR',607),(4885,'KANPUR',607),(4886,'GHATAMPUR',607),(4887,'KASGANJ',608),(4888,'SAHAWAR',608),(4889,'PATIYALI',608),(4890,'SIRATHU',609),(4891,'MANJHANPUR',609),(4892,'CHAIL',609),(4893,'PADRAUNA',610),(4894,'HATA',610),(4895,'KASYA',610),(4896,'TAMKUHI RAJ',610),(4897,'NIGHASAN',611),(4898,'PALIA',611),(4899,'GOLA GOKARAN NATH',611),(4900,'MOHAMMDI',611),(4901,'LAKHIMPUR',611),(4902,'DHAURAHARA',611),(4903,'TALBEHAT',612),(4904,'LALITPUR',612),(4905,'MAHRONI',612),(4906,'MALIHABAD',613),(4907,'BAKSHI KA TALAB',613),(4908,'LUCKNOW',613),(4909,'MOHANLALGANJ',613),(4910,'NAUTANWA',614),(4911,'NICHLAUL',614),(4912,'PHARENDA',614),(4913,'MAHARAJGANJ',614),(4914,'KULPAHAR',615),(4915,'CHARKHARI',615),(4916,'MAHOBA',615),(4917,'MAINPURI',616),(4918,'KARHAL',616),(4919,'BHOGAON',616),(4920,'CHHATA',617),(4921,'MAT',617),(4922,'MAHAVAN',617),(4923,'MATHURA',617),(4924,'GHOSI',618),(4925,'MADHUBAN',618),(4926,'MAUNATH BHANJAN',618),(4927,'MUHAMMADABAD GOHNA',618),(4928,'SARDHANA',619),(4929,'MAWANA',619),(4930,'MEERUT',619),(4931,'MIRZAPUR',620),(4932,'LALGANJ',620),(4933,'MARIHAN',620),(4934,'CHUNAR',620),(4935,'THAKURDWARA',621),(4936,'KANTH',621),(4937,'MORADABAD',621),(4938,'BILARI',621),(4939,'SAMBHAL',621),(4940,'CHANDAUSI',621),(4941,'KAIRANA',622),(4942,'SHAMLI',622),(4943,'MUZAFFARNAGAR',622),(4944,'BUDHANA',622),(4945,'KHATAULI',622),(4946,'JANSATH',622),(4947,'PILIBHIT',624),(4948,'BISALPUR',624),(4949,'PURANPUR',624),(4950,'LALGANJ',626),(4951,'KUNDA',626),(4952,'PRATAPGARH',626),(4953,'PATTI',626),(4954,'RANIGANJ',626),(4955,'MAHARAJGANJ',627),(4956,'TILOI',627),(4957,'RAE BARELI',627),(4958,'LALGANJ',627),(4959,'DALMAU',627),(4960,'UNCHAHAR',627),(4961,'SALON',627),(4962,'SUAR',628),(4963,'TANDA',628),(4964,'BILASPUR',628),(4965,'RAMPUR',628),(4966,'SHAHABAD',628),(4967,'MILAK',628),(4968,'BEHAT',629),(4969,'SAHARANPUR',629),(4970,'NAKUR',629),(4971,'DEOBAND',629),(4972,'RAMPUR MANIHARAN',629),(4973,'MEHDAWAL',630),(4974,'KHALILABAD',630),(4975,'GHANGHATA',630),(4976,'BHADOHI',631),(4977,'GYANPUR',631),(4978,'AURAI',631),(4979,'POWAYAN',632),(4980,'TILHAR',632),(4981,'SHAHJAHANPUR',632),(4982,'JALALABAD',632),(4983,'BHINGA',633),(4984,'IKAUNA',633),(4985,'SHOHRATGARH',634),(4986,'NAUGARH',634),(4987,'BANSI',634),(4988,'ITWA',634),(4989,'DOMARIYAGANJ',634),(4990,'MISRIKH',635),(4991,'SITAPUR',635),(4992,'LAHARPUR',635),(4993,'BISWAN',635),(4994,'MAHMUDABAD',635),(4995,'SIDHAULI',635),(4996,'GHORAWAL',636),(4997,'ROBERTSGANJ',636),(4998,'DUDHI',636),(4999,'MUSAFIRKHANA',637),(5000,'GAURIGANJ',637),(5001,'AMETHI',637),(5002,'SULTANPUR',637),(5003,'JAISINGHPUR',637),(5004,'LAMBHUA',637),(5005,'KADIPUR',637),(5006,'SAFIPUR',638),(5007,'HASANGANJ',638),(5008,'UNNAO',638),(5009,'PURWA',638),(5010,'BIGHAPUR',638),(5011,'PINDRA',639),(5012,'VARANASI',639),(5013,'BHIKIASAIN',640),(5014,'CHAUKHUTIYA',640),(5015,'SULT',640),(5016,'RANIKHET',640),(5017,'DWARAHAT',640),(5018,'ALMORA',640),(5019,'SOMESHWAR',640),(5020,'JAINTI',640),(5021,'BHANOLI',640),(5022,'KAPKOT',641),(5023,'KANDA',641),(5024,'BAGESHWAR',641),(5025,'GARUD',641),(5026,'JOSHIMATH',642),(5027,'CHAMOLI',642),(5028,'POKHARI',642),(5029,'KARNAPRAYAG',642),(5030,'THARALI',642),(5031,'GAIRSAIN',642),(5032,'CHAMPAWAT',643),(5033,'PATI',643),(5034,'LOHAGHAT',643),(5035,'POORNAGIRI',643),(5036,'CHAKRATA',644),(5037,'TYUNI',644),(5038,'KALSI',644),(5039,'VIKAS NAGAR',644),(5040,'DEHRADUN ',644),(5041,'RISHIKESH',644),(5042,'SRINAGAR',645),(5043,'PAURI',645),(5044,'THAILISAIN',645),(5045,'DHOOMAKOT',645),(5046,'LANSDOWNE',645),(5047,'SATPULI',645),(5048,'CHAUBATTA KHAL',645),(5049,'KOTDWARA',645),(5050,'YAMKESHWAR',645),(5051,'ROORKEE',646),(5052,'HARDWAR',646),(5053,'LAKSAR',646),(5054,'KOSYA KUTAULI',647),(5055,'BETALGHAT',647),(5056,'NAINITAL',647),(5057,'DHARI',647),(5058,'HALDWANI',647),(5059,'RAMNAGAR',647),(5060,'KALADHUNGI',647),(5061,'LALKUAN',647),(5062,'MUNSIARI',648),(5063,'DHARCHULA',648),(5064,'DIDIHAT',648),(5065,'BERINAG',648),(5066,'GANGOLIHAT',648),(5067,'PITHORAGARH',648),(5068,'UKHIMATH',649),(5069,'RUDRAPRAYAG',649),(5070,'JAKHOLI',649),(5071,'GHANSALI',650),(5072,'DEVPRAYAG',650),(5073,'PRATAPNAGAR',650),(5074,'JAKHANI DHAR',650),(5075,'TEHRI',650),(5076,'DHANAULTI',650),(5077,'NARENDRA NAGAR',650),(5078,'KASHIPUR',651),(5079,'JASPUR',651),(5080,'BAJPUR',651),(5081,'KICHHA',651),(5082,'GADARPUR',651),(5083,'SITARGANJ',651),(5084,'KHATIMA',651),(5085,'PURAULA',652),(5086,'MORI',652),(5087,'RAJGARHI',652),(5088,'DUNDA',652),(5089,'CHINYALI SAUR',652),(5090,'BHATWARI',652),(5091,'SALTORA',653),(5092,'MEJHIA',653),(5093,'GANGAJALGHATI',653),(5094,'CHHATNA',653),(5095,'INDPUR',653),(5096,'BANKURA - I',653),(5097,'BANKURA - II',653),(5098,'BARJORA',653),(5099,'SONAMUKHI',653),(5100,'PATRASAYER',653),(5101,'INDUS',653),(5102,'KOTULPUR',653),(5103,'JAYPUR',653),(5104,'VISHNUPUR',653),(5105,'ONDA',653),(5106,'TALDANGRA',653),(5107,'SIMLAPAL',653),(5108,'KHATRA',653),(5109,'HIRBANDH',653),(5110,'RANIBUNDH',653),(5111,'RAIPUR',653),(5112,'SARENGA',653),(5113,'SALANPUR',654),(5114,'BARABANI',654),(5115,'JAMURIA',654),(5116,'RANIGANJ',654),(5117,'ONDAL',654),(5118,'PANDABESWAR',654),(5119,'FARIDPUR DURGAPUR',654),(5120,'KANKSA',654),(5121,'AUSGRAM - II',654),(5122,'AUSGRAM - I',654),(5123,'MANGOLKOTE',654),(5124,'KETUGRAM - I',654),(5125,'KETUGRAM - II',654),(5126,'KATWA - I',654),(5127,'KATWA - II',654),(5128,'PURBASTHALI - I',654),(5129,'PURBASTHALI - II',654),(5130,'MANTESWAR',654),(5131,'BHATAR',654),(5132,'GALSI - I',654),(5133,'GALSI - II',654),(5134,'BURDWAN - I',654),(5135,'BURDWAN - II',654),(5136,'MEMARI - I',654),(5137,'MEMARI - II',654),(5138,'KALNA - I',654),(5139,'KALNA - II',654),(5140,'JAMALPUR',654),(5141,'RAINA - I',654),(5142,'KHANDAGHOSH',654),(5143,'RAINA - II',654),(5144,'MURARAI - I',655),(5145,'MURARAI - II',655),(5146,'NALHATI - I',655),(5147,'NALHATI - II',655),(5148,'RAMPURHAT - I',655),(5149,'RAMPURHAT - II',655),(5150,'MAYURESWAR - I',655),(5151,'MAYURESWAR - II',655),(5152,'MOHAMMAD BAZAR',655),(5153,'RAJNAGAR',655),(5154,'SURI - I',655),(5155,'SURI - II',655),(5156,'SAINTHIA',655),(5157,'LABPUR',655),(5158,'NANOOR',655),(5159,'BOLPUR SRINIKETAN',655),(5160,'ILLAMBAZAR',655),(5161,'DUBRAJPUR',655),(5162,'KHOYRASOL',655),(5163,'KUSHMUNDI',656),(5164,'GANGARAMPUR',656),(5165,'KUMARGANJ',656),(5166,'HILLI',656),(5167,'BALURGHAT',656),(5168,'TAPAN',656),(5169,'BANSIHARI',656),(5170,'HARIRAMPUR',656),(5171,'DARJEELING PULBAZAR',657),(5172,'RANGLI RANGLIOT',657),(5173,'KALIMPONG -I',657),(5174,'KALIMPONG - II',657),(5175,'GORUBATHAN',657),(5176,'JOREBUNGLOW SUKIAPOKHRI',657),(5177,'MIRIK',657),(5178,'KURSEONG',657),(5179,'MATIGARA',657),(5180,'NAXALBARI',657),(5181,'PHANSIDEWA',657),(5182,'KHARIBARI',657),(5183,'UDAYNARAYANPUR',658),(5184,'AMTA - II',658),(5185,'AMTA - I',658),(5186,'JAGATBALLAVPUR',658),(5187,'DOMJUR',658),(5188,'BALLY JAGACHHA',658),(5189,'SANKRAIL',658),(5190,'PANCHLA',658),(5191,'ULUBERIA - II',658),(5192,'ULUBERIA - I',658),(5193,'BAGNAN - I',658),(5194,'BAGNAN - II',658),(5195,'SHYAMPUR - I',658),(5196,'SHYAMPUR - II',658),(5197,'GOGHAT - I',659),(5198,'GOGHAT - II',659),(5199,'ARAMBAG',659),(5200,'PURSURA',659),(5201,'TARAKESWAR',659),(5202,'DHANIAKHALI',659),(5203,'PANDUA',659),(5204,'BALAGARH',659),(5205,'CHINSURAH - MAGRA',659),(5206,'POLBA - DADPUR',659),(5207,'HARIPAL',659),(5208,'SINGUR',659),(5209,'SERAMPUR UTTARPARA',659),(5210,'CHANDITALA - I',659),(5211,'CHANDITALA - II',659),(5212,'JANGIPARA',659),(5213,'KHANAKUL - I',659),(5214,'KHANAKUL - II',659),(5215,'RAJGANJ',660),(5216,'MAL',660),(5217,'MATIALI',660),(5218,'NAGRAKATA',660),(5219,'MADARIHAT',660),(5220,'KALCHINI',660),(5221,'KUMARGRAM',660),(5222,'ALIPURDUAR - I',660),(5223,'ALIPURDUAR - II',660),(5224,'FALAKATA',660),(5225,'DHUPGURI',660),(5226,'MAYNAGURI',660),(5227,'JALPAIGURI',660),(5228,'HALDIBARI',661),(5229,'MEKLIGANJ',661),(5230,'MATHABHANGA - I',661),(5231,'MATHABHANGA - II',661),(5232,'COOCH BEHAR - I',661),(5233,'COOCH BEHAR - II',661),(5234,'TUFANGANJ - I',661),(5235,'TUFANGANJ - II',661),(5236,'DINHATA - I',661),(5237,'DINHATA - II',661),(5238,'SITAI',661),(5239,'SITALKUCHI',661),(5240,'HARISCHANDRAPUR - I',663),(5241,'HARISCHANDRAPUR - II',663),(5242,'CHANCHAL - I',663),(5243,'CHANCHAL - II',663),(5244,'RATUA - I',663),(5245,'RATUA - II',663),(5246,'GAZOLE',663),(5247,'BAMANGOLA',663),(5248,'HABIBPUR',663),(5249,'MALDAH (OLD)',663),(5250,'ENGLISH BAZAR',663),(5251,'MANIKCHAK',663),(5252,'KALIACHAK - I',663),(5253,'KALIACHAK - II',663),(5254,'KALIACHAK - III',663),(5255,'FARAKKA',664),(5256,'SAMSERGANJ',664),(5257,'SUTI - I',664),(5258,'SUTI - II',664),(5259,'RAGHUNATHGANJ - I',664),(5260,'RAGHUNATHGANJ - II',664),(5261,'LALGOLA',664),(5262,'SAGARDIGHI',664),(5263,'BHAGAWANGOLA - I',664),(5264,'BHAGAWANGOLA - II',664),(5265,'RANINAGAR - II',664),(5266,'JALANGI',664),(5267,'DOMKAL',664),(5268,'RANINAGAR - I',664),(5269,'MURSHIDABAD JIAGANJ',664),(5270,'NABAGRAM',664),(5271,'KHARGRAM',664),(5272,'KANDI',664),(5273,'BERHAMPORE',664),(5274,'HARIHARPARA',664),(5275,'NAWDA',664),(5276,'BELDANGA - I',664),(5277,'BELDANGA - II',664),(5278,'BHARATPUR - II',664),(5279,'BHARATPUR - I',664),(5280,'BURWAN',664),(5281,'KARIMPUR - I',665),(5282,'KARIMPUR - II',665),(5283,'TEHATTA - I',665),(5284,'TEHATTA - II',665),(5285,'KALIGANJ',665),(5286,'NAKASHIPARA',665),(5287,'CHAPRA',665),(5288,'KRISHNAGAR - II',665),(5289,'NABADWIP',665),(5290,'KRISHNAGAR - I',665),(5291,'KRISHNAGANJ',665),(5292,'HANSKHALI',665),(5293,'SANTIPUR',665),(5294,'RANAGHAT - I',665),(5295,'RANAGHAT - II',665),(5296,'CHAKDAH',665),(5297,'HARINGHATA',665),(5298,'BAGDA',666),(5299,'BONGAON',666),(5300,'GAIGHATA',666),(5301,'SWARUPNAGAR',666),(5302,'HABRA - I',666),(5303,'HABRA - II',666),(5304,'AMDANGA',666),(5305,'BARRACKPUR - I',666),(5306,'BARRACKPUR - II',666),(5307,'BARASAT - I',666),(5308,'BARASAT - II',666),(5309,'DEGANGA',666),(5310,'BADURIA',666),(5311,'BASIRHAT - I',666),(5312,'BASIRHAT - II',666),(5313,'HAROA',666),(5314,'RAJARHAT',666),(5315,'MINAKHAN',666),(5316,'SANDESHKHALI - I',666),(5317,'SANDESHKHALI - II',666),(5318,'HASNABAD',666),(5319,'HINGALGANJ',666),(5320,'BINPUR - II',667),(5321,'BINPUR - I',667),(5322,'GARBETA - II',667),(5323,'GARBETA - I',667),(5324,'GARBETA - III',667),(5325,'CHANDRAKONA - I',667),(5326,'CHANDRAKONA - II',667),(5327,'GHATAL',667),(5328,'DASPUR - I',667),(5329,'DASPUR - II',667),(5330,'KESHPUR',667),(5331,'SALBANI',667),(5332,'MIDNAPORE',667),(5333,'JHARGRAM',667),(5334,'JAMBONI',667),(5335,'GOPIBALLAVPUR - II',667),(5336,'GOPIBALLAVPUR - I',667),(5337,'NAYAGRAM',667),(5338,'SANKRAIL',667),(5339,'KHARAGPUR - I',667),(5340,'KHARAGPUR - II',667),(5341,'DEBRA',667),(5342,'PINGLA',667),(5343,'SABANG',667),(5344,'NARAYANGARH',667),(5345,'KESHIARY',667),(5346,'DANTAN - I',667),(5347,'DANTAN - II',667),(5348,'MOHANPUR',667),(5349,'PANSKURA',668),(5350,'KOLAGHAT',668),(5351,'TAMLUK',668),(5352,'SAHID MATANGINI',668),(5353,'NANDA KUMAR',668),(5354,'MAHISADAL',668),(5355,'MOYNA',668),(5356,'POTASHPUR - I',668),(5357,'POTASHPUR - II',668),(5358,'BHAGAWANPUR - II',668),(5359,'BHAGAWANPUR - I',668),(5360,'CHANDIPUR',668),(5361,'SUTAHATA',668),(5362,'HALDIA',668),(5363,'NANDIGRAM - I',668),(5364,'NANDIGRAM - II',668),(5365,'KHEJURI - I',668),(5366,'KHEJURI - II',668),(5367,'CONTAI - I',668),(5368,'DESHOPRAN',668),(5369,'CONTAI - III',668),(5370,'EGRA - I',668),(5371,'EGRA - II',668),(5372,'RAMNAGAR - I',668),(5373,'RAMNAGAR - II',668),(5374,'JAIPUR',669),(5375,'PURULIA - II',669),(5376,'PARA',669),(5377,'RAGHUNATHPUR - II',669),(5378,'RAGHUNATHPUR - I',669),(5379,'NETURIA',669),(5380,'SANTURI',669),(5381,'KASHIPUR',669),(5382,'HURA',669),(5383,'PURULIA - I',669),(5384,'PUNCHA',669),(5385,'ARSHA',669),(5386,'JHALDA - I',669),(5387,'JHALDA - II',669),(5388,'BAGMUNDI',669),(5389,'BALARAMPUR',669),(5390,'BARABAZAR',669),(5391,'MANBAZAR - I',669),(5392,'MANBAZAR - II',669),(5393,'BUNDWAN',669),(5394,'THAKURPUKUR MAHESTOLA',670),(5395,'BUDGE BUDGE - I',670),(5396,'BUDGE BUDGE - II',670),(5397,'BISHNUPUR - I',670),(5398,'BISHNUPUR - II',670),(5399,'SONARPUR',670),(5400,'BHANGAR - I',670),(5401,'BHANGAR - II',670),(5402,'CANNING - I',670),(5403,'CANNING - II',670),(5404,'BARUIPUR',670),(5405,'MAGRAHAT - II',670),(5406,'MAGRAHAT - I',670),(5407,'FALTA',670),(5408,'DIAMOND HARBOUR - I',670),(5409,'DIAMOND HARBOUR - II',670),(5410,'KULPI',670),(5411,'MANDIRBAZAR',670),(5412,'MATHURAPUR - I',670),(5413,'JAYNAGAR - I',670),(5414,'JAYNAGAR - II',670),(5415,'KULTALI',670),(5416,'BASANTI',670),(5417,'GOSABA',670),(5418,'MATHURAPUR - II',670),(5419,'KAKDWIP',670),(5420,'SAGAR',670),(5421,'NAMKHANA',670),(5422,'PATHARPRATIMA',670),(5423,'CHOPRA',671),(5424,'ISLAMPUR',671),(5425,'GOALPOKHAR - I',671),(5426,'GOALPOKHAR - II',671),(5427,'KARANDIGHI',671),(5428,'RAIGANJ',671),(5429,'HEMTABAD',671),(5430,'KALIAGANJ',671),(5431,'ITAHAR',671),(5432,'UDAYARPALAYAM',515),(5433,'ARIYALUR',515),(5434,'SENDURAI',515),(5435,'CHENNAI',516),(5436,'COIMBATORE SOUTH',517),(5437,'COIMBATORE NORTH',517),(5438,'POLLACHI',517),(5439,'SULUR',517),(5440,'METTUPALAYAM',517),(5441,'VALPARAI',517),(5442,'CHIDAMBARAM',518),(5443,'VIRUDHACHALAM',518),(5444,'CUDDALORE',518),(5445,'PANRUTI',518),(5446,'KURINJIPADI',518),(5447,'KATTUMANNARKOIL',518),(5448,'TITTAKUDI',518),(5449,'DHARMAPURI',519),(5450,'PALAKKODU',519),(5451,'PAPPIREDDIPATTI',519),(5452,'HARUR',519),(5453,'PENNAGARAM',519),(5454,'DINDIGUL',520),(5455,'VEDASANDUR',520),(5456,'PALANI',520),(5457,'NILAKKOTTAI',520),(5458,'ODDANCHATRAM',520),(5459,'ATTUR',520),(5460,'NATHAM',520),(5461,'KODAIKANAL',520),(5462,'ERODE',521),(5463,'BHAVANI',521),(5464,'GOBICHETTIPALAYAM',521),(5465,'SATHYAMANGALAM',521),(5466,'PERUNDURAI',521),(5467,'ALANDUR',522),(5468,'CHENGALPATTU',522),(5469,'SHOLINGANALLUR',522),(5470,'SRIPERUMBUDUR',522),(5471,'KANCHIPURAM',522),(5472,'TAMBARAM',522),(5473,'MADURANTHAKAM',522),(5474,'CHEYYUR',522),(5475,'TIRUKALUKUNDRAM',522),(5476,'UTHIRAMERUR',522),(5477,'KALKULAM',523),(5478,'VILAVANCODE',523),(5479,'AGASTHEESWARAM',523),(5480,'THOVALA',523),(5481,'KARUR',524),(5482,'KULITHALAI',524),(5483,'ARAVAKURICHI',524),(5484,'KRISHNARAYAPURAM',524),(5485,'KADAVUR',524),(5486,'KRISHNAGIRI',525),(5487,'HOSUR',525),(5488,'DENKANIKOTTAI',525),(5489,'UTHANGARAI',525),(5490,'POCHAMPALLI',525),(5491,'MADURAI SOUTH',526),(5492,'MADURAI NORTH',526),(5493,'MELUR',526),(5494,'VADIPATTI',526),(5495,'THIRUMANGALAM',526),(5496,'PERAIYUR',526),(5497,'USILAMPATTI',526),(5498,'SIRKALI',527),(5499,'NAGAPATTINAM',527),(5500,'MAYILADUTHURAI',527),(5501,'VEDARANYAM',527),(5502,'THARANGAMBADI',527),(5503,'KILVELUR',527),(5504,'KUTHALAM',527),(5505,'THIRUKKUVALAI',527),(5506,'TIRUCHENGODE',528),(5507,'NAMAKKAL',528),(5508,'RASIPURAM',528),(5509,'PARAMATHI-VELUR',528),(5510,'UDHAGAMANDALAM',529),(5511,'COONOOR',529),(5512,'PANTHALUR',529),(5513,'KOTAGIRI',529),(5514,'GUDALUR',529),(5515,'KUNDAH',529),(5516,'KUNNAM',530),(5517,'PERAMBALUR',530),(5518,'VEPPANTHATTAI',530),(5519,'PUDUKKOTTAI',531),(5520,'ILUPPUR',531),(5521,'ARANTHANGI',531),(5522,'ALANGUDI',531),(5523,'KULATHUR',531),(5524,'THIRUMAYAM',531),(5525,'KARAMBAKUDI',531),(5526,'PONNAMARAVATHI',531),(5527,'GANDARVAKKOTTAI',531),(5528,'AVUDAYARKOIL',531),(5529,'MANAMELKUDI',531),(5530,'RAMANATHAPURAM',532),(5531,'PARAMAKUDI',532),(5532,'TIRUVADANAI',532),(5533,'KADALADI',532),(5534,'KAMUTHI',532),(5535,'MUDUKULATHUR',532),(5536,'RAMESWARAM',532),(5537,'SALEM',533),(5538,'OMALUR',533),(5539,'ATTUR',533),(5540,'METTUR',533),(5541,'SANKARI',533),(5542,'EDAPPADI',533),(5543,'VAZHAPADI',533),(5544,'GANGAVALLI',533),(5545,'YERCAUD',533),(5546,'KARAIKKUDI',534),(5547,'SIVAGANGA',534),(5548,'TIRUPATHUR',534),(5549,'MANAMADURAI',534),(5550,'DEVAKOTTAI',534),(5551,'ILAYANGUDI',534),(5552,'THANJAVUR',535),(5553,'KUMBAKONAM',535),(5554,'PATTUKKOTTAI',535),(5555,'PAPANASAM',535),(5556,'ORATHANADU',535),(5557,'THIRUVIDAIMARUDUR',535),(5558,'THIRUVAIYARU',535),(5559,'PERAVURANI',535),(5560,'UTHAMAPALAYAM',536),(5561,'PERIYAKULAM',536),(5562,'ANDIPATTI',536),(5563,'THENI',536),(5564,'BODINAYAKANUR',536),(5565,'THOOTHUKKUDI',537),(5566,'KOVILPATTI',537),(5567,'TIRUCHENDUR',537),(5568,'SRIVAIKUNTAM',537),(5569,'VILATHIKULAM',537),(5570,'OTTAPIDARAM',537),(5571,'SATHANKULAM',537),(5572,'ETTAYAPURAM',537),(5573,'TIRUCHIRAPPALLI',538),(5574,'MANAPPARAI',538),(5575,'LALGUDI',538),(5576,'THURAIYUR',538),(5577,'MUSIRI',538),(5578,'THIRUVERUMBUR',538),(5579,'SRIRANGAM',538),(5580,'MANACHANALLUR',538),(5581,'THOTTIYAM',538),(5582,'TIRUNELVELI',539),(5583,'AMBASAMUDRAM',539),(5584,'TENKASI',539),(5585,'SANKARANKOIL',539),(5586,'RADHAPURAM',539),(5587,'NANGUNERI',539),(5588,'SIVAGIRI',539),(5589,'ALANGULAM',539),(5590,'SHENKOTTAI',539),(5591,'VEERAKERALAMPUTHUR',539),(5592,'PALAYAMKOTTAI',539),(5593,'TIRUPPUR',540),(5594,'AVANASHI',540),(5595,'DHARAPURAM',540),(5596,'PALLADAM',540),(5597,'UDUMALAIPETTAI',540),(5598,'KANGEYAM',540),(5599,'MADATHUKULAM',540),(5600,'AMBATTUR',541),(5601,'POONAMALLEE',541),(5602,'MATHAVARAM',541),(5603,'TIRUVALLUR',541),(5604,'PONNERI',541),(5605,'PALLIPATTU',541),(5606,'TIRUTTANI',541),(5607,'GUMMIDIPOONDI',541),(5608,'UTHUKKOTTAI',541),(5609,'TIRUVANNAMALAI',542),(5610,'POLUR',542),(5611,'CHEYYAR',542),(5612,'VANDAVASI',542),(5613,'ARANI',542),(5614,'CHENGAM',542),(5615,'THANDRAMPET',542),(5616,'MANNARGUDI',543),(5617,'THIRUTHURAIPOONDI',543),(5618,'KODAVASAL',543),(5619,'TIRUVARUR',543),(5620,'NEEDAMANGALAM',543),(5621,'NANNILAM',543),(5622,'VALANGAIMAN',543),(5623,'VELLORE',544),(5624,'TIRUPATHUR',544),(5625,'ARAKONAM',544),(5626,'WALLAJAH',544),(5627,'GUDIYATHAM',544),(5628,'KATPADI',544),(5629,'VANIYAMBADI',544),(5630,'AMBUR',544),(5631,'ARCOT',544),(5632,'VILUPPURAM',545),(5633,'KALLAKKURICHI',545),(5634,'TINDIVANAM',545),(5635,'TIRUKKOYILUR',545),(5636,'GINGEE',545),(5637,'SANKARAPURAM',545),(5638,'ULUNDURPETTAI',545),(5639,'VANUR',545),(5640,'SIVAKASI',546),(5641,'RAJAPALAYAM',546),(5642,'SRIVILLIPUTHUR',546),(5643,'VIRUDHUNAGAR',546),(5644,'ARUPPUKKOTTAI',546),(5645,'SATTUR',546),(5646,'KARIAPATTI',546),(5647,'TIRUCHULI',546),(5648,'DHARMAVARAM',4),(5649,'GOOTY',4),(5650,'GUNTAKAL',4),(5651,'HINDUPUR',4),(5652,'KADIRI',4),(5653,'KALYANDURG',4),(5654,'RAYADURG',4),(5655,'TADPATRI',4),(5656,'MADANAPALLE',5),(5657,'NAGARI',5),(5658,'PALAMANER',5),(5659,'PUNGANUR',5),(5660,'PUTTUR',5),(5661,'SRIKALAHASTI',5),(5662,'AMALAPURAM',7),(5663,'MANDAPETA',7),(5664,'PEDDAPURAM',7),(5665,'PITHAPURAM',7),(5666,'RAMACHANDRAPURAM',7),(5667,'SAMALKOT',7),(5668,'TUNI',7),(5669,'BAPATLA',8),(5670,'CHILAKALURIPET',8),(5671,'MACHERLA',8),(5672,'MANGALAGIRI',8),(5673,'NARASARAOPET',8),(5674,'PIDUGURALLA',8),(5675,'PONNUR',8),(5676,'REPALLE',8),(5677,'SATTENAPALLE',8),(5678,'TADEPALLE',8),(5679,'TENALI',8),(5680,'VINUKONDA',8),(5681,'BADVEL',6),(5682,'MYDUKUR',6),(5683,'PRODDATUR',6),(5684,'PULIVENDULA',6),(5685,'RAYACHOTI',6),(5686,'GUDIVADA',9),(5687,'JAGGAIAHPET',9),(5688,'NUZVID',9),(5689,'PEDANA',9),(5690,'ADONI',10),(5691,'NANDYAL',10),(5692,'YEMMIGANUR',10),(5693,'GUDUR',11),(5694,'KAVALI',11),(5695,'SULLURPETA',11),(5696,'VENKATAGIRI',11),(5697,'ATMAKUR',11),(5698,'CHIRALA',12),(5699,'KANDUKUR',12),(5700,'MARKAPUR',12),(5701,'AMUDALAVALASA',13),(5702,'ICHCHAPURAM',13),(5703,'PALASA-KASIBUGGA',13),(5704,'BHIMAVARAM',16),(5705,'JANGAREDDYGUDEM',16),(5706,'KOVVUR',16),(5707,'NARASAPURAM',16),(5708,'NIDADAVOLE',16),(5709,'PALAKOLLU',16),(5710,'TADEPALLIGUDEM',16),(5711,'TANUKU',16),(5712,'NARSIPATNAM',14),(5713,'YELAMANCHILI',14),(5714,'BOBBILI',15),(5715,'PARVATHIPURAM',15),(5716,'SALUR',15),(5717,'LONGDING',24),(5718,'KANUBARI',24),(5719,'PONGCHAU',24),(5720,'WAKKA',24),(5721,'PUMAO',24),(5722,'LAWNU',24),(5723,'BALOD',100),(5724,'GURUR',100),(5725,'GUNDERDEHI',100),(5726,'DOUNDI',100),(5727,'DOUNDI LOHARA',100),(5728,'PRATAPPUR',125),(5729,'ODAGI',125),(5730,'BHAIYA THAN',125),(5731,'SURAJPUR',125),(5732,'RAMANUJ NAGAR',125),(5733,'PREM NAGAR',125),(5734,'MODASA',144),(5735,'MALPUR',144),(5736,'DHANSURA',144),(5737,'MEGHRAJ',144),(5738,'BHILODA',144),(5739,'BAYAD',144),(5740,'BOTAD',148),(5741,'GADHADA',148),(5742,'BARVALA',148),(5743,'RANPUR',148),(5744,'CHHOTA UDEPUR',149),(5745,'PAVI JETPUR',149),(5746,'KAWANT',149),(5747,'NASWADI',149),(5748,'SANKHEDA',149),(5749,'BODELI',149),(5750,'DWARKA',152),(5751,'BHANVAD',152),(5752,'KALYANPUR',152),(5753,'KHAMBHALIA',152),(5754,'VERAVAL',154),(5755,'TALALA',154),(5756,'SUTRAPADA',154),(5757,'KODINAR',154),(5758,'UNA',154),(5759,'GIR-GADHADA',154),(5760,'BALASINOR',159),(5761,'LUNAVADA',159),(5762,'KADANA',159),(5763,'VIRPUR',159),(5764,'SANTRAMPUR',159),(5765,'KHANPUR',159),(5766,'MORBI',161),(5767,'MALIA',161),(5768,'TANKARA',161),(5769,'HALVAD',161),(5770,'WANKANER',161),(5771,'CHAIBASA',252),(5772,'KHUNTIPANI',252),(5773,'JHINKPANI',252),(5774,'TONTO',252),(5775,'KUMARDUNGI',252),(5776,'TANTNAGAR',252),(5777,'JAGANNATHPUR',252),(5778,'MANJHARI',252),(5779,'MANJHGAON',252),(5780,'NOAMUNDI',252),(5781,'CHAKRADHARPUR',252),(5782,'BANDGAON',252),(5783,'MANOHARPUR',252),(5784,'GOILKERA',252),(5785,'SONUA',252),(5786,'GUDRI',252),(5787,'ANANDPUR',252),(5788,'HATGAMHARIA',252),(5789,'BHANDARA',353),(5790,'TUMSAR',353),(5791,'PAUNI',353),(5792,'MOHADI',353),(5793,'KURLA',365),(5794,'ANDHERI',365),(5795,'BORIVALI',365),(5796,'KHLIEHRIAT',393),(5797,'SAIPUNG',393),(5798,'KHARKUTTA',395),(5799,'MENDIPATHAR',395),(5800,'RESUBELPARA',395),(5801,'BAJENGDOBA',395),(5802,'NARTIANG',401),(5803,'JOWAI',401),(5804,'RALIANG',401),(5805,'MOWKAIAW',401),(5806,'AMLAREM',401),(5807,'AMPATI',398),(5808,'MAHENDRAGANJ',398),(5809,'SALMANPARA',398),(5810,'RANIKOR',399),(5811,'MAWKYRWAT',399),(5812,'KOLKATA PORT',662),(5813,'BHABANIPUR',662),(5814,'RASHBEHARI',662),(5815,'BALLYGUNGE',662),(5816,'CHOWRINGHEE',662),(5817,'ENTALLY',662),(5818,'BELEGHATA',662),(5819,'JORASANKO',662),(5820,'SHYAMPUKUR',662),(5821,'MANIKTALA',662),(5822,'KASHIPUR-BELGACHHIA',662),(5823,'AMBERPET',548),(5824,'AMEERPET',548),(5825,'ASIFNAGAR',548),(5826,'BAHADURPURA',548),(5827,'BANDLAGUDA',548),(5828,'CHARMINAR',548),(5829,'GOLCONDA',548),(5830,'HIMAYATHNAGAR',548),(5831,'KHAIRTABAD',548),(5832,'MARREDPALLY',548),(5833,'MUSHEERABAD',548),(5834,'NAMPALLY',548),(5835,'SAIDABAD',548),(5836,'SECUNDERABAD',548),(5837,'SHAIKPET',548),(5838,'TRIMULGHERRY',548),(5839,'ADILABAD',547),(5840,'NIRMAL',547),(5841,'UTNOOR',547),(5842,'ASIFABAD',547),(5843,'MANCHERIAL',547),(5844,'KARIMNAGAR',549),(5845,'JAGTIAL',549),(5846,'SIRCILLA',549),(5847,'PEDDAPALLI',549),(5848,'MANTHANI',549),(5849,'PINAPAKA',550),(5850,'YELLANDU',550),(5851,'KHAMMAM',550),(5852,'PALAIR',550),(5853,'MADHIRA',550),(5854,'WYRA',550),(5855,'SATHUPALLI',550),(5856,'KOTHAGUDEM',550),(5857,'ASWARAOPETA',550),(5858,'BHADRACHALAM',550),(5859,'KODANGAL',551),(5860,'NARAYANPET',551),(5861,'MAHBUBNAGAR',551),(5862,'JADCHERLA',551),(5863,'DEVARKADRA',551),(5864,'MAKTHAL',551),(5865,'WANAPARTHY',551),(5866,'GADWAL',551),(5867,'ALAMPUR',551),(5868,'NAGARKURNOOL',551),(5869,'ACHAMPET',551),(5870,'KALWAKURTHY',551),(5871,'SHADNAGAR',551),(5872,'KOLLAPUR',551),(5873,'SIDDIPET',552),(5874,'MEDAK',552),(5875,'NARAYANKHED',552),(5876,'ANDOLE',552),(5877,'NARSAPUR',552),(5878,'ZAHIRABAD',552),(5879,'SANGAREDDY',552),(5880,'PATANCHERU',552),(5881,'DUBBAK',552),(5882,'GAJWEL',552),(5883,'DEVARAKONDA',553),(5884,'NAGARJUNA SAGAR',553),(5885,'MIRYALAGUDA',553),(5886,'HUZURNAGAR',553),(5887,'KODAD',553),(5888,'SURYAPET',553),(5889,'NALGONDA',553),(5890,'MUNUGODE',553),(5891,'BHONGIR',553),(5892,'NAKREKAL',553),(5893,'THUNGATHURTHI',553),(5894,'ALAIR',553),(5895,'ARMUR',554),(5896,'BODHAN',554),(5897,'JUKKAL',554),(5898,'BANSWADA',554),(5899,'YELLAREDDY',554),(5900,'KAMAREDDY',554),(5901,'NIZAMABAD (URBAN)',554),(5902,'NIZAMABAD (RURAL)',554),(5903,'BALKONDA',554),(5904,'MEDCHAL',555),(5905,'MALKAJGIRI',555),(5906,'QUTHBULLAPUR',555),(5907,'KUKATPALLY',555),(5908,'UPPAL',555),(5909,'IBRAHIMPATNAM',555),(5910,'L. B. NAGAR',555),(5911,'MAHESHWARAM',555),(5912,'RAJENDRANAGAR',555),(5913,'SERILINGAMPALLY',555),(5914,'CHEVELLA',555),(5915,'PARGI',555),(5916,'VICARABAD',555),(5917,'TANDUR',555),(5918,'JANGAON',556),(5919,'GHANPUR(STATION)',556),(5920,'PALAKURTHI',556),(5921,'DORNAKAL',556),(5922,'MAHABUBABAD',556),(5923,'NARSAMPET',556),(5924,'PARKAL',556),(5925,'WARANGAL WEST',556),(5926,'WARANGAL EAST',556),(5927,'WARADHANAPET',556),(5928,'BHUPALPALLE',556),(5929,'MULUG',556),(5930,'SIRPUR',547),(5931,'CHENNUR',547),(5932,'BELLAMPALLI',547),(5933,'ASIFABAD',547),(5934,'KHANAPUR',547),(5935,'BOATH',547),(5936,'MUDHOLE',547),(5937,'KORATLA',549),(5938,'DHARMAPURI',549),(5939,'RAMAGUNDAM',549),(5940,'CHOPPADANDI',549),(5941,'MAHABUBABAD',549),(5942,'VEMULAWADA',549),(5943,'MANAKONDUR',549),(5944,'HUZURABAD',549),(5945,'HUSNABAD',549),(5946,'SAMBHAL',579),(5947,'ASMOLI',579),(5948,'CHANDAUSI',579),(5949,'GUNNAUR',579),(5950,'GAURIGANJ',584),(5951,'JAGDISHPUR',584),(5952,'AMETHI',584),(5953,'TILOI',584),(5954,'SALON',584),(5955,'SASNI',600),(5956,'HATHRAS',600),(5957,'MURSAN',600),(5958,'SADABAD',600),(5959,'SEHPAU',600),(5962,'SIKANDRA RAO',600),(5963,'HASAYAN',600),(5964,'HASANPUR BARU',600),(5965,'PABIACHERRA',563),(5966,'FATIKROY',563),(5967,'CHANDIPUR',563),(5968,'KAILASHAHAR',563),(5969,'BISHALGARH',561),(5970,'SONAMURA',561),(5971,'JAMPAIJALA',561),(5972,'ANANDPURI',480),(5973,'BAGIDORA',480),(5974,'BANSWARA',480),(5975,'CHHOTI SARWAN',480),(5976,'GARHI',480),(5977,'GHATOL',480),(5978,'KUSHALGARH',480),(5979,'SAJJANGARH',480),(5980,'BARI',490),(5981,'BASERI',490),(5982,'DHAULPUR',490),(5983,'DHOLPUR',490),(5984,'RAJAKHERA',490),(5985,'ITAWA',500),(5986,'KHAIRABAD',500),(5987,'KOTA',500),(5988,'LADPURA',500),(5989,'SANGOD',500),(5990,'SULTANPUR',500),(5991,'BARGAON',510),(5992,'BHINDER',510),(5993,'GIRWA',510),(5994,'GOGUNDA',510),(5995,'JHADOL',510),(5996,'KHERWARA',510),(5997,'KOTRA',510),(5998,'MAVLI',510),(5999,'SALUMBAR',510),(6000,'SARADA',510),(6001,'UDAIPUR',510),(6002,'AUR',471),(6003,'BALACHAUR',471),(6004,'BANGA',471),(6005,'NAWANSHAHR',471),(6006,'SAROYA',471),(6007,'BADERAJPUR',103),(6008,'BAKAWAND',103),(6009,'BASTANAR',103),(6010,'BASTAR',103),(6011,'DARBHA',103),(6012,'JAGDALPUR',103),(6013,'KESHKAL',103),(6014,'KONDAGAON',103),(6015,'LOHANDIGUDA',103),(6016,'MAKDI',103),(6017,'PHARASGAON',103),(6018,'TOKAPAL',103),(6019,'NAWAGARH',104),(6020,'SAJA',104),(6021,'BERLA',104),(6022,'BEMETARA',104),(6023,'THAN KHAMHARIA',104),(6024,'BALODA BAZAR',101),(6025,'BHATAPARA',101),(6026,'BALRAMPUR',102),(6027,'PACHPERWA',102),(6028,'TULSIPUR',102),(6029,'UTRAULA',102),(6030,'KESKAL',115),(6031,'BADERAJPUR',115),(6032,'PHARASGOAN',115),(6033,'KONDAGAON',115),(6034,'RAJIM',110),(6035,'BINDRANVAGAD',110),(6036,'LORMI',119),(6037,'MUNGELI',119),(6038,'KONTA',124);

/*Table structure for table `college_contact_details` */

DROP TABLE IF EXISTS `college_contact_details`;

CREATE TABLE `college_contact_details` (
  `college_ct_id` int(11) NOT NULL AUTO_INCREMENT,
  `college_id` int(11) NOT NULL,
  `contact_name` varchar(64) CHARACTER SET latin1 DEFAULT NULL,
  `designation` varchar(64) DEFAULT NULL,
  `responsibility` varchar(64) DEFAULT NULL,
  `contact_mobile` varchar(15) CHARACTER SET latin1 DEFAULT NULL,
  `contact_alternate_mobile` varchar(15) DEFAULT NULL,
  `contact_phone` varchar(15) CHARACTER SET latin1 DEFAULT NULL,
  `contact_email` varchar(100) CHARACTER SET latin1 DEFAULT NULL,
  `contact_alternate_email` varchar(45) CHARACTER SET latin1 DEFAULT NULL,
  `status` tinyint(1) DEFAULT '1',
  `created_on` timestamp NOT NULL DEFAULT CURRENT_TIMESTAMP,
  `created_by` int(11) DEFAULT NULL,
  `modified_on` timestamp NULL DEFAULT NULL,
  `modified_by` int(11) DEFAULT NULL,
  `remarks` text CHARACTER SET latin1,
  PRIMARY KEY (`college_ct_id`)
) ENGINE=InnoDB DEFAULT CHARSET=utf8;

/*Data for the table `college_contact_details` */

/*Table structure for table `college_course_master` */

DROP TABLE IF EXISTS `college_course_master`;

CREATE TABLE `college_course_master` (
  `id` int(11) NOT NULL AUTO_INCREMENT,
  `college_id` int(11) NOT NULL,
  `degree_type_id` int(11) DEFAULT NULL,
  `degree_subtype_id` int(11) DEFAULT NULL,
  `course_id` int(11) NOT NULL,
  `staff_count` int(11) DEFAULT NULL,
  `hod_name` text,
  `hod_email` varchar(128) DEFAULT NULL,
  `hod_mobile` varchar(15) DEFAULT NULL,
  `status` tinyint(1) DEFAULT NULL,
  `created_on` timestamp NOT NULL DEFAULT CURRENT_TIMESTAMP,
  `created_by` int(11) DEFAULT NULL,
  `modified_on` timestamp NULL DEFAULT NULL,
  `modified_by` int(11) DEFAULT NULL,
  `deactive_on` timestamp NULL DEFAULT NULL,
  `deactivate_by` int(11) DEFAULT NULL,
  `remarks` text,
  PRIMARY KEY (`id`),
  KEY `id` (`id`)
) ENGINE=InnoDB DEFAULT CHARSET=utf8;

/*Data for the table `college_course_master` */

/*Table structure for table `college_master` */

DROP TABLE IF EXISTS `college_master`;

CREATE TABLE `college_master` (
  `college_id` int(11) unsigned NOT NULL AUTO_INCREMENT,
  `college_name` varchar(128) CHARACTER SET latin1 NOT NULL,
  `university` int(11) DEFAULT NULL,
  `email` varchar(128) DEFAULT NULL,
  `phone` varchar(15) DEFAULT NULL,
  `state` int(11) DEFAULT NULL,
  `district` int(11) DEFAULT NULL,
  `city` int(11) DEFAULT NULL,
  `address` text,
  `landmark` text,
  `pincode` varchar(6) DEFAULT NULL,
  PRIMARY KEY (`college_id`)
) ENGINE=InnoDB AUTO_INCREMENT=2 DEFAULT CHARSET=utf8;

/*Data for the table `college_master` */

insert  into `college_master`(`college_id`,`college_name`,`university`,`email`,`phone`,`state`,`district`,`city`,`address`,`landmark`,`pincode`) values (1,'SMK college of enggineering',13,'demo@email.in','95776546',1,1,1,'shhdhdhdhdhd','hdhdhdhdhdhd','123123');

/*Table structure for table `company_contact_details` */

DROP TABLE IF EXISTS `company_contact_details`;

CREATE TABLE `company_contact_details` (
  `company_ct_id` int(11) NOT NULL AUTO_INCREMENT,
  `company_id` int(11) NOT NULL,
  `contact_name` varchar(64) CHARACTER SET latin1 DEFAULT NULL,
  `desination` varchar(64) DEFAULT NULL,
  `responsibility` varchar(64) DEFAULT NULL,
  `contact_mobile` varchar(15) CHARACTER SET latin1 DEFAULT NULL,
  `contact_alternate_mobile` varchar(15) DEFAULT NULL,
  `contact_phone` varchar(15) CHARACTER SET latin1 DEFAULT NULL,
  `contact_email` varchar(100) CHARACTER SET latin1 DEFAULT NULL,
  `contact_alternate_email` varchar(45) CHARACTER SET latin1 DEFAULT NULL,
  `status` tinyint(1) DEFAULT '1',
  `created_on` timestamp NOT NULL DEFAULT CURRENT_TIMESTAMP,
  `created_by` int(11) DEFAULT NULL,
  `modified_on` timestamp NULL DEFAULT NULL,
  `modified_by` int(11) DEFAULT NULL,
  `remarks` text CHARACTER SET latin1,
  PRIMARY KEY (`company_ct_id`)
) ENGINE=InnoDB DEFAULT CHARSET=utf8;

/*Data for the table `company_contact_details` */

/*Table structure for table `company_type` */

DROP TABLE IF EXISTS `company_type`;

CREATE TABLE `company_type` (
  `id` int(11) NOT NULL AUTO_INCREMENT,
  `name` varchar(64) NOT NULL,
  PRIMARY KEY (`id`)
) ENGINE=InnoDB AUTO_INCREMENT=97 DEFAULT CHARSET=utf8;

/*Data for the table `company_type` */

insert  into `company_type`(`id`,`name`) values (1,'Accounting/Auditing'),(2,'Administration'),(3,'Advertising'),(4,'Aerospace and Defense'),(5,'Agriculture/Forestry/Fishing'),(6,'Airlines/Aviation'),(7,'Architecture'),(8,'Arts/Entertainment/and Media'),(9,'Automotive'),(10,'Aviation/Marine Refueling'),(11,'Banking'),(12,'Biotechnology'),(13,'Business Support'),(14,'Catering/Food Services/Restaurants'),(15,'Community/Social Services/and Nonprofit'),(16,'Computer/Hardware'),(17,'Computer/Software'),(18,'Construction'),(19,'Construction/Civil Engineering'),(20,'Consulting Services'),(21,'Contracts/Purchasing'),(22,'Customer Service'),(23,'Distributions and Logistics'),(24,'Education, Training, and Library'),(25,'Employment Placement Agencies/Recruiting'),(26,'Energy'),(27,'Engineering'),(28,'Entertainment'),(29,'Facilities Management'),(30,'Fashion Design'),(31,'Finance/Economics'),(32,'Financial Services'),(33,'FMCG'),(34,'Government Sector'),(35,'Graphic Design'),(36,'Healthcare, other'),(37,'Healthcare, Practitioner and Technician'),(38,'Hospitality/Tourism/Travel'),(39,'Human Resources'),(40,'Industrial'),(41,'Information Technology '),(42,'Installation, Maintenance, and Repair'),(43,'Insurance'),(44,'Interior design'),(45,'Internet/E-commerce'),(46,'Islamic Banking'),(47,'Journalism'),(48,'Laboratory/QC'),(49,'Law Enforcement/Security Services'),(50,'Legal'),(51,'LPG Bottling'),(52,'Lubricants/Greases Blending'),(53,'Management'),(54,'Manufacturing'),(55,'Manufacturing and Production'),(56,'Marine Services'),(57,'Marketing'),(58,'Mechanical'),(59,'Medical/Hospital'),(60,'Merchandising'),(61,'Military'),(62,'Mining'),(63,'Modeling'),(64,'Natural Gas Distribution'),(65,'Nursing'),(66,'Oil/Gas'),(68,'Personal Care and Service'),(69,'Petrochemicals'),(70,'Pharmaceutical'),(71,'Photography'),(72,'Planning'),(73,'Public Relations'),(74,'Publishing'),(75,'Quantity Survey'),(76,'Real Estate'),(77,'Retail/Wholesale'),(78,'Safety/Environment'),(79,'Sales'),(80,'Science'),(81,'Secretarial'),(82,'Security'),(83,'Shipping'),(84,'Sports and Recreation'),(85,'Support Services'),(86,'Technical/Maintenance'),(87,'Telecommunications'),(88,'Telemarketing'),(89,'Textiles'),(90,'Translation'),(91,'Transportation'),(92,'Utilities'),(93,'Vehicle Inspection'),(94,'Warehousing'),(96,'Others');

/*Table structure for table `country_masters` */

DROP TABLE IF EXISTS `country_masters`;

CREATE TABLE `country_masters` (
  `CountryId` int(11) NOT NULL AUTO_INCREMENT,
  `CountryCode` varchar(3) NOT NULL,
  `CountryName` varchar(150) NOT NULL,
  PRIMARY KEY (`CountryId`)
) ENGINE=InnoDB AUTO_INCREMENT=247 DEFAULT CHARSET=utf8;

/*Data for the table `country_masters` */

insert  into `country_masters`(`CountryId`,`CountryCode`,`CountryName`) values (1,'IN','INDIA'),(2,'AL','ALBANIA'),(3,'DZ','ALGERIA'),(4,'AS','AMERICAN SAMOA'),(5,'AD','ANDORRA'),(6,'AO','ANGOLA'),(7,'AI','ANGUILLA'),(8,'AQ','ANTARCTICA'),(9,'AG','ANTIGUA AND BARBUDA'),(10,'AR','ARGENTINA'),(11,'AM','ARMENIA'),(12,'AW','ARUBA'),(13,'AU','AUSTRALIA'),(14,'AT','AUSTRIA'),(15,'AZ','AZERBAIJAN'),(16,'BS','BAHAMAS THE'),(17,'BH','BAHRAIN'),(18,'BD','BANGLADESH'),(19,'BB','BARBADOS'),(20,'BY','BELARUS'),(21,'BE','BELGIUM'),(22,'BZ','BELIZE'),(23,'BJ','BENIN'),(24,'BM','BERMUDA'),(25,'BT','BHUTAN'),(26,'BO','BOLIVIA'),(27,'BA','BOSNIA AND HERZEGOVINA'),(28,'BW','BOTSWANA'),(29,'BV','BOUVET ISLAND'),(30,'BR','BRAZIL'),(31,'IO','BRITISH INDIAN OCEAN TERRITORY'),(32,'BN','BRUNEI'),(33,'BG','BULGARIA'),(34,'BF','BURKINA FASO'),(35,'BI','BURUNDI'),(36,'KH','CAMBODIA'),(37,'CM','CAMEROON'),(38,'CA','CANADA'),(39,'CV','CAPE VERDE'),(40,'KY','CAYMAN ISLANDS'),(41,'CF','CENTRAL AFRICAN REPUBLIC'),(42,'TD','CHAD'),(43,'CL','CHILE'),(44,'CN','CHINA'),(45,'CX','CHRISTMAS ISLAND'),(46,'CC','COCOS (KEELING) ISLANDS'),(47,'CO','COLOMBIA'),(48,'KM','COMOROS'),(49,'CG','CONGO'),(50,'CD','CONGO THE DEMOCRATIC REPUBLIC OF THE'),(51,'CK','COOK ISLANDS'),(52,'CR','COSTA RICA'),(53,'CI','COTE D\'IVOIRE (IVORY COAST)'),(54,'HR','CROATIA (HRVATSKA)'),(55,'CU','CUBA'),(56,'CY','CYPRUS'),(57,'CZ','CZECH REPUBLIC'),(58,'DK','DENMARK'),(59,'DJ','DJIBOUTI'),(60,'DM','DOMINICA'),(61,'DO','DOMINICAN REPUBLIC'),(62,'TP','EAST TIMOR'),(63,'EC','ECUADOR'),(64,'EG','EGYPT'),(65,'SV','EL SALVADOR'),(66,'GQ','EQUATORIAL GUINEA'),(67,'ER','ERITREA'),(68,'EE','ESTONIA'),(69,'ET','ETHIOPIA'),(70,'XA','EXTERNAL TERRITORIES OF AUSTRALIA'),(71,'FK','FALKLAND ISLANDS'),(72,'FO','FAROE ISLANDS'),(73,'FJ','FIJI ISLANDS'),(74,'FI','FINLAND'),(75,'FR','FRANCE'),(76,'GF','FRENCH GUIANA'),(77,'PF','FRENCH POLYNESIA'),(78,'TF','FRENCH SOUTHERN TERRITORIES'),(79,'GA','GABON'),(80,'GM','GAMBIA THE'),(81,'GE','GEORGIA'),(82,'DE','GERMANY'),(83,'GH','GHANA'),(84,'GI','GIBRALTAR'),(85,'GR','GREECE'),(86,'GL','GREENLAND'),(87,'GD','GRENADA'),(88,'GP','GUADELOUPE'),(89,'GU','GUAM'),(90,'GT','GUATEMALA'),(91,'XU','GUERNSEY AND ALDERNEY'),(92,'GN','GUINEA'),(93,'GW','GUINEA-BISSAU'),(94,'GY','GUYANA'),(95,'HT','HAITI'),(96,'HM','HEARD AND MCDONALD ISLANDS'),(97,'HN','HONDURAS'),(98,'HK','HONG KONG S.A.R.'),(99,'HU','HUNGARY'),(100,'IS','ICELAND'),(101,'AF','AFGHANISTAN'),(102,'ID','INDONESIA'),(103,'IR','IRAN'),(104,'IQ','IRAQ'),(105,'IE','IRELAND'),(106,'IL','ISRAEL'),(107,'IT','ITALY'),(108,'JM','JAMAICA'),(109,'JP','JAPAN'),(110,'XJ','JERSEY'),(111,'JO','JORDAN'),(112,'KZ','KAZAKHSTAN'),(113,'KE','KENYA'),(114,'KI','KIRIBATI'),(115,'KP','KOREA NORTH'),(116,'KR','KOREA SOUTH'),(117,'KW','KUWAIT'),(118,'KG','KYRGYZSTAN'),(119,'LA','LAOS'),(120,'LV','LATVIA'),(121,'LB','LEBANON'),(122,'LS','LESOTHO'),(123,'LR','LIBERIA'),(124,'LY','LIBYA'),(125,'LI','LIECHTENSTEIN'),(126,'LT','LITHUANIA'),(127,'LU','LUXEMBOURG'),(128,'MO','MACAU S.A.R.'),(129,'MK','MACEDONIA'),(130,'MG','MADAGASCAR'),(131,'MW','MALAWI'),(132,'MY','MALAYSIA'),(133,'MV','MALDIVES'),(134,'ML','MALI'),(135,'MT','MALTA'),(136,'XM','MAN (ISLE OF)'),(137,'MH','MARSHALL ISLANDS'),(138,'MQ','MARTINIQUE'),(139,'MR','MAURITANIA'),(140,'MU','MAURITIUS'),(141,'YT','MAYOTTE'),(142,'MX','MEXICO'),(143,'FM','MICRONESIA'),(144,'MD','MOLDOVA'),(145,'MC','MONACO'),(146,'MN','MONGOLIA'),(147,'MS','MONTSERRAT'),(148,'MA','MOROCCO'),(149,'MZ','MOZAMBIQUE'),(150,'MM','MYANMAR'),(151,'NA','NAMIBIA'),(152,'NR','NAURU'),(153,'NP','NEPAL'),(154,'AN','NETHERLANDS ANTILLES'),(155,'NL','NETHERLANDS THE'),(156,'NC','NEW CALEDONIA'),(157,'NZ','NEW ZEALAND'),(158,'NI','NICARAGUA'),(159,'NE','NIGER'),(160,'NG','NIGERIA'),(161,'NU','NIUE'),(162,'NF','NORFOLK ISLAND'),(163,'MP','NORTHERN MARIANA ISLANDS'),(164,'NO','NORWAY'),(165,'OM','OMAN'),(166,'PK','PAKISTAN'),(167,'PW','PALAU'),(168,'PS','PALESTINIAN TERRITORY OCCUPIED'),(169,'PA','PANAMA'),(170,'PG','PAPUA NEW GUINEA'),(171,'PY','PARAGUAY'),(172,'PE','PERU'),(173,'PH','PHILIPPINES'),(174,'PN','PITCAIRN ISLAND'),(175,'PL','POLAND'),(176,'PT','PORTUGAL'),(177,'PR','PUERTO RICO'),(178,'QA','QATAR'),(179,'RE','REUNION'),(180,'RO','ROMANIA'),(181,'RU','RUSSIA'),(182,'RW','RWANDA'),(183,'SH','SAINT HELENA'),(184,'KN','SAINT KITTS AND NEVIS'),(185,'LC','SAINT LUCIA'),(186,'PM','SAINT PIERRE AND MIQUELON'),(187,'VC','SAINT VINCENT AND THE GRENADINES'),(188,'WS','SAMOA'),(189,'SM','SAN MARINO'),(190,'ST','SAO TOME AND PRINCIPE'),(191,'SA','SAUDI ARABIA'),(192,'SN','SENEGAL'),(193,'RS','SERBIA'),(194,'SC','SEYCHELLES'),(195,'SL','SIERRA LEONE'),(196,'SG','SINGAPORE'),(197,'SK','SLOVAKIA'),(198,'SI','SLOVENIA'),(199,'XG','SMALLER TERRITORIES OF THE UK'),(200,'SB','SOLOMON ISLANDS'),(201,'SO','SOMALIA'),(202,'ZA','SOUTH AFRICA'),(203,'GS','SOUTH GEORGIA'),(204,'SS','SOUTH SUDAN'),(205,'ES','SPAIN'),(206,'LK','SRI LANKA'),(207,'SD','SUDAN'),(208,'SR','SURINAME'),(209,'SJ','SVALBARD AND JAN MAYEN ISLANDS'),(210,'SZ','SWAZILAND'),(211,'SE','SWEDEN'),(212,'CH','SWITZERLAND'),(213,'SY','SYRIA'),(214,'TW','TAIWAN'),(215,'TJ','TAJIKISTAN'),(216,'TZ','TANZANIA'),(217,'TH','THAILAND'),(218,'TG','TOGO'),(219,'TK','TOKELAU'),(220,'TO','TONGA'),(221,'TT','TRINIDAD AND TOBAGO'),(222,'TN','TUNISIA'),(223,'TR','TURKEY'),(224,'TM','TURKMENISTAN'),(225,'TC','TURKS AND CAICOS ISLANDS'),(226,'TV','TUVALU'),(227,'UG','UGANDA'),(228,'UA','UKRAINE'),(229,'AE','UNITED ARAB EMIRATES'),(230,'GB','UNITED KINGDOM'),(231,'US','UNITED STATES'),(232,'UM','UNITED STATES MINOR OUTLYING ISLANDS'),(233,'UY','URUGUAY'),(234,'UZ','UZBEKISTAN'),(235,'VU','VANUATU'),(236,'VA','VATICAN CITY STATE (HOLY SEE)'),(237,'VE','VENEZUELA'),(238,'VN','VIETNAM'),(239,'VG','VIRGIN ISLANDS (BRITISH)'),(240,'VI','VIRGIN ISLANDS (US)'),(241,'WF','WALLIS AND FUTUNA ISLANDS'),(242,'EH','WESTERN SAHARA'),(243,'YE','YEMEN'),(244,'YU','YUGOSLAVIA'),(245,'ZM','ZAMBIA'),(246,'ZW','ZIMBABWE');

/*Table structure for table `course_master` */

DROP TABLE IF EXISTS `course_master`;

CREATE TABLE `course_master` (
  `id` int(11) NOT NULL AUTO_INCREMENT,
  `degree_subtype_id` int(11) DEFAULT NULL,
  `course_name` varchar(255) DEFAULT NULL,
  PRIMARY KEY (`id`)
) ENGINE=InnoDB AUTO_INCREMENT=297 DEFAULT CHARSET=utf8;

/*Data for the table `course_master` */

insert  into `course_master`(`id`,`degree_subtype_id`,`course_name`) values (-11,24,'Any Degree ( M.Sc )'),(-10,17,'Any Degree ( M.B.A )'),(-9,16,'Any Degree ( M.E )'),(-8,15,'Any Degree ( M.Tech )'),(-7,14,'Any Degree ( B.A )'),(-6,11,'Any Degree ( B.Sc )'),(-5,6,'Any Degree ( B.Com )'),(-4,2,'Any Degree ( B.E )'),(-3,30,'Any Degree ( Diploma )'),(-2,27,'Any Degree ( M.A )'),(-1,1,'Any Degree ( B. Tech )'),(10,1,'Automobile Engineering'),(11,1,'Information Technology'),(12,1,'Food Technology'),(13,1,'Pharmaceutical technology'),(14,1,'Textile Technology'),(15,1,'Ceramic Technology'),(16,1,'Industrial Bio-technology'),(17,1,'Rubber and Plastic Technology'),(18,1,'Petroleum Refining and Petrochemicals Engineering'),(19,2,'Aeronautical and Aerospace'),(20,2,'Agricultural and Irrigation'),(21,2,'Civil'),(22,2,'Chemical engineering'),(23,2,'Computer Science'),(24,2,'Electronics and Communication'),(25,2,'Electrical and Electronics'),(26,2,'Automobile engineering'),(27,2,'Applied Electronics and Instrumentation'),(28,2,'Manufacturing'),(29,2,'Marine'),(30,2,'Mechanical'),(31,2,'Production'),(32,2,'Bio-Medical'),(33,2,'Bio-Technology/Bio-Chemistry'),(34,2,'Instrumentation and Control'),(35,2,'Fashion'),(36,2,'Petro Chemical'),(39,2,'Textile Engineering'),(40,11,'Biology'),(41,11,'Chemistry'),(42,11,'Mathematics'),(43,11,'Occupational Therapy'),(44,11,'Agriculture & forestry'),(45,11,'Discrete Mathematics\r\n'),(46,11,'Physics'),(47,11,'Psychology'),(48,11,'Nautical Science'),(49,11,'Nursing'),(50,11,'Microbiology'),(51,11,'Mass Communication'),(52,11,'Hospitality & Tourism'),(53,11,'Home Science'),(54,11,'Fashion Technology'),(55,11,'Economics'),(56,11,'Computer Science'),(57,11,'Bioinformatics'),(58,11,'Biochemistry'),(59,11,'Applied Chemistry'),(60,14,'Tamil'),(61,14,'English'),(62,14,'History'),(63,14,'Economics'),(64,14,'Sociology'),(65,14,'Political science'),(66,14,'Public Administration'),(67,14,'Tourism & Travel Management'),(68,14,'Performing Arts'),(69,14,'Economics with CA'),(70,14,'Defence Studies '),(71,6,'Corporate Secretaryship '),(72,6,'General'),(73,6,'Finance'),(74,6,'Banking and Insurance '),(75,6,'Foreign Trade\r'),(76,15,'Remote Sensing'),(77,15,'Coastal Management'),(78,15,'Geo-technical Engineering'),(79,15,'Environmental science and Engineering'),(80,15,'Renewable Energy'),(81,15,'Quality Engineering'),(82,15,'Energy Conservation and Management'),(83,15,'Power Management'),(84,15,'Information Technology'),(85,15,'Web and Mobile Technology'),(86,15,'Chemical Engineering'),(87,15,'Textile Technology '),(88,15,'Ceramic Technology'),(89,15,'Petroleum Refining & Petro Chemicals'),(90,15,'Polymer Science and Engineering'),(91,15,'Environmental Science and Technology'),(92,15,'Bio-Technology'),(93,15,'Bio-Pharmaceutical Technology'),(94,15,'Electro-Chemical Engineering'),(95,15,'Footwear Science and Engineering'),(96,15,'Nano-Science and Technology'),(97,15,'Polymer Technology'),(98,15,'Plastic Technology'),(100,15,'Nano Technology'),(101,15,'Apparel Technology Management'),(102,15,'Food Technology'),(103,15,'Leather Technology'),(104,15,'Nano-Science and Technology'),(105,16,'Environmental Engineering'),(106,16,'Structural Engineering'),(107,16,'Hydrology and Water Resources Engineering'),(108,16,'Soil Mechanics and Foundation Engineering'),(109,16,'Transportation Engineering'),(110,16,'Irrigation Water Management'),(111,16,'Construction Engineering and Management'),(112,16,'Environmental Management'),(113,16,'Integrated Water Resources Management'),(114,16,'Infrastructure Engineering'),(115,16,'Engineering Design'),(116,16,'Industrial Engineering'),(117,16,'Computer Integrated Manufacturing'),(118,16,'Energy Engineering'),(119,16,'Product Design & Development'),(120,16,'Computer Aided Design'),(121,16,'Quality Engineering and Management'),(122,16,'Mechatronics'),(123,16,'Printing and Packaging Technology'),(124,16,'Aeronautical Engineering'),(125,16,'Manufacturing & Engineering'),(126,16,'Manufacturing Systems Management'),(127,16,'Automobile Engineering'),(128,16,'Thermal Engineering'),(129,16,'Industrial Safety Engineering'),(130,16,'Welding Technology'),(131,16,'Product Design and Commerce'),(132,16,'Production Engineering'),(133,16,'Heat Power Engineering'),(134,16,'Advanced Manufacturing Technology'),(135,16,'Aerospace Technology'),(136,16,'Solar Energy'),(137,16,'Automotive Engineering'),(138,16,'Robotics'),(139,16,'Power Systems Engineering'),(140,16,'High Voltage Engineering'),(141,16,'Control & Instrumentation Engineering'),(142,16,'Electrical Drives and Embedded Controls'),(143,16,'Embedded System Technologies'),(144,16,'Instrumentation Engineering'),(145,16,'Control Systems'),(146,16,'Electrical Machines'),(147,16,'Optical Communication'),(148,16,'Communication & Networking'),(149,16,'Communication Engineering'),(150,16,'Software Engineering'),(151,16,'VLSI Design'),(152,16,'Multimedia Technology'),(153,16,'Systems Engineering & Operations Research'),(154,16,'Biomedical Engineering'),(155,16,'Digital Communication & Network Engineering'),(156,16,'Network Engineering'),(157,16,'Wireless Technologies'),(158,16,'Space Science & Engineering'),(159,16,'Pervasive Computing Technologies'),(160,16,'Mobile & Pervasive Computing'),(161,16,'Biometrics and Cyber Security'),(162,16,'Wireless Communication'),(163,30,'Mechanical '),(164,30,'Electrical & Eletronics'),(165,30,'Civil'),(166,30,'Computer Science'),(167,30,'Aeronautical '),(168,30,'Eletrical & Communication'),(169,30,'Information Technology'),(170,30,'Hotel Management'),(171,30,'Marine'),(172,30,'Hospital Management'),(173,30,'Web Designing'),(174,30,'Physical Education'),(175,30,'Nautical Science'),(176,30,'Banking and Insurance'),(177,30,'Food Processing'),(178,30,'Agriculture'),(179,30,'Animal Husbandry'),(180,30,'Fashion Technology'),(181,30,'Fire Engineering'),(182,30,'Fire Safety Engineering'),(183,30,'Automation'),(184,30,'Robotics'),(185,30,'Food & Nutrition'),(186,30,'Advanced Computing'),(187,3,'Business Administration'),(188,4,'Business Management'),(190,7,'Eletronic Science'),(191,8,'Education'),(192,9,'Hotel Management'),(193,10,'Literature'),(194,12,'Business Economics'),(195,13,'Computer Application'),(197,18,'Business Management'),(199,20,'Commerce'),(200,17,'Human Resource'),(201,17,'Marketing'),(202,17,'Systems'),(203,17,'Finance'),(204,17,'HR&Finance'),(205,17,'HR&Marketing'),(206,17,'HR&Systems'),(207,21,'Electronic Science'),(208,22,'Education'),(209,23,'Hotel Management'),(210,24,'Biology'),(211,24,'Chemistry'),(212,24,'Mathematics'),(213,24,'Occupational Therapy'),(214,24,'Agriculture & Forestry'),(215,24,'Discrete Mathematics'),(216,24,'Physics'),(217,24,'Psychology'),(218,24,'Nautical Science'),(219,24,'Nursing'),(220,24,'Microbiology'),(221,24,'Mass Communication'),(222,24,'Hospitality&Tourism'),(223,24,'Home Science'),(224,24,'Fashion Technology'),(225,24,'Economics'),(226,24,'Computer Science'),(227,24,'Bioinformatics'),(228,24,'Biochemistry'),(229,24,'Applied Chemistry'),(230,25,'Business Economics'),(231,26,'Computer Application'),(232,27,'Tamil'),(233,27,'English'),(234,27,'History'),(235,27,'Hindi'),(236,27,'Economics'),(237,27,'Sociology'),(238,27,'Political Science'),(239,27,'Public Administration'),(240,27,'Tourism & Travel Management'),(241,27,'Performing Arts'),(242,27,'Economics with CA'),(243,27,'Defence Studies'),(244,2,'Instrumentation'),(245,33,'Architecture'),(246,31,'Bachelor in Law'),(247,32,'Master in Law'),(248,14,'Home Science'),(249,14,'Psycology'),(250,14,'Maths'),(251,14,'Statistics'),(252,36,'Pharmacy'),(253,37,'Pharmacy'),(254,34,'Architecture'),(255,6,'Commerce'),(257,6,'Computer Application'),(258,6,'Accounting Finance'),(259,6,'Honours'),(260,6,'Bank management'),(261,11,'Nutrition'),(262,11,'Information Technology'),(263,11,'Bio-Technology'),(264,11,'Botany'),(265,11,'Zoology'),(266,6,'E-commerce'),(267,11,'Electronics'),(268,11,'Electronics & Communication'),(269,11,'Textile&Fashion Designing'),(270,6,'Statistics'),(271,11,'Statistics'),(272,11,'Costume design and fashion'),(273,11,'Software Technology'),(274,11,'Visual Communication'),(275,6,'Information system management'),(276,11,'Interior Design & Decor'),(277,14,'Corporate-Economics'),(278,11,'MPCS-Maths,Physics,Computer Science,Statistics'),(279,11,'MSCS-Maths,Statistics and Computer Science'),(280,11,'MPE-Maths,Physics and Electronics'),(281,11,'MECS-Maths,Electronics and Computer Science'),(282,11,'CBZ-Chemistry,Botany and Zoology '),(283,11,'CMBBT-Chemistry,Microbiology and Biotechnology'),(284,11,'MPC-Maths,Physics and Chemistry'),(285,11,'Digital Printing Media'),(286,14,'Indian Culture and Tourism'),(287,11,'Geography'),(288,2,'Mechatronics'),(289,2,'Geo Informatics'),(290,2,'Mining Engineering'),(291,2,'Printing Technology'),(292,1,'Chemical engineering'),(293,16,'Geoinformatics'),(294,16,'Applied Electronics'),(295,2,'Metallurgy Engineering'),(296,1,'Polymer Technology');

/*Table structure for table `degree_subtype` */

DROP TABLE IF EXISTS `degree_subtype`;

CREATE TABLE `degree_subtype` (
  `id` int(11) NOT NULL AUTO_INCREMENT,
  `degree_type_id` int(11) NOT NULL,
  `degree_subtype_name` varchar(16) NOT NULL,
  PRIMARY KEY (`id`)
) ENGINE=InnoDB AUTO_INCREMENT=38 DEFAULT CHARSET=utf8;

/*Data for the table `degree_subtype` */

insert  into `degree_subtype`(`id`,`degree_type_id`,`degree_subtype_name`) values (-2,21,'ANY DEGREE (PG)'),(-1,20,'ANY DEGREE (UG)'),(1,20,'B. Tech'),(2,20,'B.E'),(3,20,'B.B.A '),(4,20,'B.B.M '),(6,20,'B.Com '),(7,20,'B.E.S '),(8,20,'B.Ed '),(9,20,'B.H.M '),(10,20,'B.Lit '),(11,20,'B.Sc '),(12,20,'B.B.E '),(13,20,'B.C.A '),(14,20,'B.A'),(15,21,'M.Tech'),(16,21,'M.E'),(17,21,'M.B.A'),(18,21,'M.B.M'),(20,21,'M.Com'),(21,21,'M.E.S'),(22,21,'M.Ed'),(23,21,'M.H.M'),(24,21,'M.Sc'),(25,21,'M.B.E'),(26,21,'M.C.A'),(27,21,'M.A'),(30,26,'Diploma'),(31,20,'B.L'),(32,21,'M.L'),(33,20,'B.Arch'),(34,21,'M.Arch'),(35,21,'M.Phil'),(36,20,'B.Pharm'),(37,21,'M.Pharm');

/*Table structure for table `degree_type` */

DROP TABLE IF EXISTS `degree_type`;

CREATE TABLE `degree_type` (
  `id` int(11) NOT NULL AUTO_INCREMENT,
  `name` varchar(32) NOT NULL,
  PRIMARY KEY (`id`),
  UNIQUE KEY `name` (`name`)
) ENGINE=InnoDB AUTO_INCREMENT=28 DEFAULT CHARSET=utf8;

/*Data for the table `degree_type` */

insert  into `degree_type`(`id`,`name`) values (27,'Doctorate(Ph.D)'),(2,'HSC'),(21,'PG'),(26,'Polytechnic'),(1,'SSLC'),(20,'UG');

/*Table structure for table `district_master` */

DROP TABLE IF EXISTS `district_master`;

CREATE TABLE `district_master` (
  `DistrictId` int(11) NOT NULL AUTO_INCREMENT,
  `DistrictName` varchar(64) NOT NULL,
  `StateId` int(11) NOT NULL,
  PRIMARY KEY (`DistrictId`)
) ENGINE=InnoDB AUTO_INCREMENT=672 DEFAULT CHARSET=utf8;

/*Data for the table `district_master` */

insert  into `district_master`(`DistrictId`,`DistrictName`,`StateId`) values (1,'NICOBAR\r\n',1),(2,'NORTH AND MIDDLE ANDAMAN',1),(3,'SOUTH ANDAMAN',1),(4,'ANANTAPUR',2),(5,'CHITTOOR',2),(6,'CUDDAPAH',2),(7,'EAST GODAVARI',2),(8,'GUNTUR',2),(9,'KRISHNA',2),(10,'KURNOOL',2),(11,'NELLORE',2),(12,'PRAKASAM',2),(13,'SRIKAKULAM',2),(14,'VISAKHAPATNAM',2),(15,'VIZIANAGARAM',2),(16,'WEST GODAVARI',2),(17,'ANJAW',3),(18,'CHANGLANG',3),(19,'DIBANG VALLEY',3),(20,'EAST KAMENG',3),(21,'EAST SIANG',3),(22,'KURUNG KUMEY',3),(23,'LOHIT',3),(24,'LONGDING',3),(25,'LOWER DIBANG VALLEY',3),(26,'LOWER SUBANSIRI',3),(27,'PAPUM PARE',3),(28,'TAWANG',3),(29,'TIRAP',3),(30,'UPPER SIANG',3),(31,'UPPER SUBANSIRI',3),(32,'WEST KAMENG',3),(33,'WEST SIANG',3),(34,'BAKSA',4),(35,'BARPETA',4),(36,'BONGAIGAON',4),(37,'CACHAR',4),(38,'CHIRANG',4),(39,'DARRANG',4),(40,'DHEMAJI',4),(41,'DHUBRI',4),(42,'DIBRUGARH',4),(43,'DIMA HASAO',4),(44,'GOALPARA',4),(45,'GOLAGHAT',4),(46,'HAILAKANDI',4),(47,'JORHAT',4),(48,'KAMRUP METROPOLITAN',4),(49,'KAMRUP',4),(50,'KARBI ANGLONG',4),(51,'KARIMGANJ',4),(52,'KOKRAJHAR',4),(53,'LAKHIMPUR',4),(54,'MORIGAON',4),(55,'NAGAON',4),(56,'NALBARI',4),(57,'SIVASAGAR',4),(58,'SONITPUR',4),(59,'TINSUKIA',4),(60,'UDALGURI',4),(61,'ARARIA',5),(62,'ARWAL',5),(63,'AURANGABAD',5),(64,'BANKA',5),(65,'BEGUSARAI',5),(66,'BHAGALPUR',5),(67,'BHOJPUR',5),(68,'BUXAR',5),(69,'DARBHANGA',5),(70,'EAST CHAMPARAN (MOTIHARI)',5),(71,'GAYA',5),(72,'GOPALGANJ',5),(73,'JAMUI',5),(74,'JEHANABAD',5),(75,'KAIMUR (BHABUA)',5),(76,'KATIHAR',5),(77,'KHAGARIA',5),(78,'KISHANGANJ',5),(79,'LAKHISARAI',5),(80,'MADHEPURA',5),(81,'MADHUBANI',5),(82,'MUNGER (MONGHYR)',5),(83,'MUZAFFARPUR',5),(84,'NALANDA',5),(85,'NAWADA',5),(86,'PATNA',5),(87,'PURNIA (PURNEA)',5),(88,'ROHTAS',5),(89,'SAHARSA',5),(90,'SAMASTIPUR',5),(91,'SARAN',5),(92,'SHEIKHPURA',5),(93,'SHEOHAR',5),(94,'SITAMARHI',5),(95,'SIWAN',5),(96,'SUPAUL',5),(97,'VAISHALI',5),(98,'WEST CHAMPARAN',5),(99,'CHANDIGARH',6),(100,'BALOD',7),(101,'BALODA BAZAR',7),(102,'BALRAMPUR',7),(103,'BASTAR',7),(104,'BEMETARA',7),(105,'BIJAPUR',7),(106,'BILASPUR',7),(107,'DANTEWADA (SOUTH BASTAR)',7),(108,'DHAMTARI',7),(109,'DURG',7),(110,'GARIABAND',7),(111,'JANJGIR-CHAMPA',7),(112,'JASHPUR',7),(113,'KABIRDHAM (KAWARDHA)',7),(114,'KANKER (NORTH BASTAR)',7),(115,'KONDAGAON',7),(116,'KORBA',7),(117,'KOREA (KORIYA)',7),(118,'MAHASAMUND',7),(119,'MUNGELI',7),(120,'NARAYANPUR',7),(121,'RAIGARH',7),(122,'RAIPUR',7),(123,'RAJNANDGAON',7),(124,'SUKMA',7),(125,'SURAJPUR',7),(126,'SURGUJA',7),(127,'DADRA & NAGAR HAVELI',8),(128,'DAMAN',9),(129,'DIU',9),(130,'CENTRAL DELHI',10),(131,'EAST DELHI',10),(132,'NEW DELHI',10),(133,'NORTH DELHI',10),(134,'NORTH EAST DELHI',10),(135,'NORTH WEST DELHI',10),(136,'SOUTH DELHI',10),(137,'SOUTH WEST DELHI',10),(138,'WEST DELHI',10),(139,'NORTH GOA',11),(140,'SOUTH GOA',11),(141,'AHMEDABAD',12),(142,'AMRELI',12),(143,'ANAND',12),(144,'ARAVALLI',12),(145,'BANASKANTHA (PALANPUR)',12),(146,'BHARUCH',12),(147,'BHAVNAGAR',12),(148,'BOTAD',12),(149,'CHHOTA UDEPUR',12),(150,'DAHOD',12),(151,'DANGS (AHWA)',12),(152,'DEVBHOOMI DWARKA',12),(153,'GANDHINAGAR',12),(154,'GIR SOMNATH',12),(155,'JAMNAGAR',12),(156,'JUNAGADH',12),(157,'KACHCHH',12),(158,'KHEDA (NADIAD)',12),(159,'MAHISAGAR',12),(160,'MEHSANA',12),(161,'MORBI',12),(162,'NARMADA (RAJPIPLA)',12),(163,'NAVSARI',12),(164,'PANCHMAHAL (GODHRA)',12),(165,'PATAN',12),(166,'PORBANDAR',12),(167,'RAJKOT',12),(168,'SABARKANTHA (HIMMATNAGAR)',12),(169,'SURAT',12),(170,'SURENDRANAGAR',12),(171,'TAPI (VYARA)',12),(172,'VADODARA',12),(173,'VALSAD',12),(174,'AMBALA',13),(175,'BHIWANI',13),(176,'FARIDABAD',13),(177,'FATEHABAD',13),(178,'GURGAON',13),(179,'HISAR',13),(180,'JHAJJAR',13),(181,'JIND',13),(182,'KAITHAL',13),(183,'KARNAL',13),(184,'KURUKSHETRA',13),(185,'MAHENDRAGARH',13),(186,'MEWAT',13),(187,'PALWAL',13),(188,'PANCHKULA',13),(189,'PANIPAT',13),(190,'REWARI',13),(191,'ROHTAK',13),(192,'SIRSA',13),(193,'SONIPAT',13),(194,'YAMUNANAGAR',13),(195,'BILASPUR',14),(196,'CHAMBA',14),(197,'HAMIRPUR',14),(198,'KANGRA',14),(199,'KINNAUR',14),(200,'KULLU',14),(201,'LAHAUL & SPITI',14),(202,'MANDI',14),(203,'SHIMLA',14),(204,'SIRMAUR (SIRMOUR)',14),(205,'SOLAN',14),(206,'UNA',14),(207,'ANANTNAG',15),(208,'BANDIPORA',15),(209,'BARAMULLA',15),(210,'BUDGAM',15),(211,'DODA',15),(212,'GANDERBAL',15),(213,'JAMMU',15),(214,'KARGIL',15),(215,'KATHUA',15),(216,'KISHTWAR',15),(217,'KULGAM',15),(218,'KUPWARA',15),(219,'LEH',15),(220,'POONCH',15),(221,'PULWAMA',15),(222,'RAJOURI',15),(223,'RAMBAN',15),(224,'REASI',15),(225,'SAMBA',15),(226,'SHOPIAN',15),(227,'SRINAGAR',15),(228,'UDHAMPUR',15),(229,'BOKARO',16),(230,'CHATRA',16),(231,'DEOGHAR',16),(232,'DHANBAD',16),(233,'DUMKA',16),(234,'EAST SINGHBHUM',16),(235,'GARHWA',16),(236,'GIRIDIH',16),(237,'GODDA',16),(238,'GUMLA',16),(239,'HAZARIBAG',16),(240,'JAMTARA',16),(241,'KHUNTI',16),(242,'KODERMA',16),(243,'LATEHAR',16),(244,'LOHARDAGA',16),(245,'PAKUR',16),(246,'PALAMU',16),(247,'RAMGARH',16),(248,'RANCHI',16),(249,'SAHIBGANJ',16),(250,'SERAIKELA-KHARSAWAN',16),(251,'SIMDEGA',16),(252,'WEST SINGHBHUM',16),(253,'BAGALKOT',17),(254,'BANGALORE RURAL',17),(255,'BANGALORE URBAN',17),(256,'BELGAUM',17),(257,'BELLARY',17),(258,'BIDAR',17),(259,'BIJAPUR',17),(260,'CHAMARAJANAGAR',17),(261,'CHICKMAGALUR',17),(262,'CHIKBALLAPUR',17),(263,'CHITRADURGA',17),(264,'DAKSHINA KANNADA',17),(265,'DAVANGERE',17),(266,'DHARWAD',17),(267,'GADAG',17),(268,'GULBARGA',17),(269,'HASSAN',17),(270,'HAVERI',17),(271,'KODAGU',17),(272,'KOLAR',17),(273,'KOPPAL',17),(274,'MANDYA',17),(275,'MYSORE',17),(276,'RAICHUR',17),(277,'RAMNAGARA',17),(278,'SHIMOGA',17),(279,'TUMKUR',17),(280,'UDUPI',17),(281,'UTTARA KANNADA (KARWAR)',17),(282,'YADGIR',17),(283,'ALAPPUZHA',18),(284,'ERNAKULAM',18),(285,'IDUKKI',18),(286,'KANNUR',18),(287,'KASARAGOD',18),(288,'KOLLAM',18),(289,'KOTTAYAM',18),(290,'KOZHIKODE',18),(291,'MALAPPURAM',18),(292,'PALAKKAD',18),(293,'PATHANAMTHITTA',18),(294,'THIRUVANANTHAPURAM',18),(295,'THRISSUR',18),(296,'WAYANAD',18),(297,'LAKSHADWEEP',19),(298,'ALIRAJPUR',20),(299,'ANUPPUR',20),(300,'ASHOKNAGAR',20),(301,'BALAGHAT',20),(302,'BARWANI',20),(303,'BETUL',20),(304,'BHIND',20),(305,'BHOPAL',20),(306,'BURHANPUR',20),(307,'CHHATARPUR',20),(308,'CHHINDWARA',20),(309,'DAMOH',20),(310,'DATIA',20),(311,'DEWAS',20),(312,'DHAR',20),(313,'DINDORI',20),(314,'GUNA',20),(315,'GWALIOR',20),(316,'HARDA',20),(317,'HOSHANGABAD',20),(318,'INDORE',20),(319,'JABALPUR',20),(320,'JHABUA',20),(321,'KATNI',20),(322,'KHANDWA',20),(323,'KHARGONE',20),(324,'MANDLA',20),(325,'MANDSAUR',20),(326,'MORENA',20),(327,'NARSINGHPUR',20),(328,'NEEMUCH',20),(329,'PANNA',20),(330,'RAISEN',20),(331,'RAJGARH',20),(332,'RATLAM',20),(333,'REWA',20),(334,'SAGAR',20),(335,'SATNA',20),(336,'SEHORE',20),(337,'SEONI',20),(338,'SHAHDOL',20),(339,'SHAJAPUR',20),(340,'SHEOPUR',20),(341,'SHIVPURI',20),(342,'SIDHI',20),(343,'SINGRAULI',20),(344,'TIKAMGARH',20),(345,'UJJAIN',20),(346,'UMARIA',20),(347,'VIDISHA',20),(348,'AHMEDNAGAR',21),(349,'AKOLA',21),(350,'AMRAVATI',21),(351,'AURANGABAD',21),(352,'BEED',21),(353,'BHANDARA',21),(354,'BULDHANA',21),(355,'CHANDRAPUR',21),(356,'DHULE',21),(357,'GADCHIROLI',21),(358,'GONDIA',21),(359,'HINGOLI',21),(360,'JALGAON',21),(361,'JALNA',21),(362,'KOLHAPUR',21),(363,'LATUR',21),(364,'MUMBAI CITY',21),(365,'MUMBAI SUBURBAN',21),(366,'NAGPUR',21),(367,'NANDED',21),(368,'NANDURBAR',21),(369,'NASHIK',21),(370,'OSMANABAD',21),(371,'PARBHANI',21),(372,'PUNE',21),(373,'RAIGAD',21),(374,'RATNAGIRI',21),(375,'SANGLI',21),(376,'SATARA',21),(377,'SINDHUDURG',21),(378,'SOLAPUR',21),(379,'THANE',21),(380,'WARDHA',21),(381,'WASHIM',21),(382,'YAVATMAL',21),(383,'BISHNUPUR',22),(384,'CHANDEL',22),(385,'CHURACHANDPUR',22),(386,'IMPHAL EAST',22),(387,'IMPHAL WEST',22),(388,'SENAPATI',22),(389,'TAMENGLONG',22),(390,'THOUBAL',22),(391,'UKHRUL',22),(392,'EAST GARO HILLS',23),(393,'EAST JAINTIA HILLS',23),(394,'EAST KHASI HILLS',23),(395,'NORTH GARO HILLS',23),(396,'RI BHOI',23),(397,'SOUTH GARO HILLS',23),(398,'SOUTH WEST GARO HILLS',23),(399,'SOUTH WEST KHASI HILLS',23),(400,'WEST GARO HILLS',23),(401,'WEST JAINTIA HILLS',23),(402,'WEST KHASI HILLS',23),(403,'AIZAWL',24),(404,'CHAMPHAI',24),(405,'KOLASIB',24),(406,'LAWNGTLAI',24),(407,'LUNGLEI',24),(408,'MAMIT',24),(409,'SAIHA',24),(410,'SERCHHIP',24),(411,'DIMAPUR',25),(412,'KIPHIRE',25),(413,'KOHIMA',25),(414,'LONGLENG',25),(415,'MOKOKCHUNG',25),(416,'MON',25),(417,'PEREN',25),(418,'PHEK',25),(419,'TUENSANG',25),(420,'WOKHA',25),(421,'ZUNHEBOTO',25),(422,'ANGUL',26),(423,'BALANGIR',26),(424,'BALASORE',26),(425,'BARGARH',26),(426,'BHADRAK',26),(427,'BOUDH',26),(428,'CUTTACK',26),(429,'DEOGARH',26),(430,'DHENKANAL',26),(431,'GAJAPATI',26),(432,'GANJAM',26),(433,'JAGATSINGHAPUR',26),(434,'JAJPUR',26),(435,'JHARSUGUDA',26),(436,'KALAHANDI',26),(437,'KANDHAMAL',26),(438,'KENDRAPARA',26),(439,'KENDUJHAR (KEONJHAR)',26),(440,'KHORDHA',26),(441,'KORAPUT',26),(442,'MALKANGIRI',26),(443,'MAYURBHANJ',26),(444,'NABARANGPUR',26),(445,'NAYAGARH',26),(446,'NUAPADA',26),(447,'PURI',26),(448,'RAYAGADA',26),(449,'SAMBALPUR',26),(450,'SONEPUR',26),(451,'SUNDARGARH',26),(452,'KARAIKAL',27),(453,'MAHE',27),(454,'PONDICHERRY',27),(455,'YANAM',27),(456,'AMRITSAR',28),(457,'BARNALA',28),(458,'BATHINDA',28),(459,'FARIDKOT',28),(460,'FATEHGARH SAHIB',28),(461,'FAZILKA',28),(462,'FEROZEPUR',28),(463,'GURDASPUR',28),(464,'HOSHIARPUR',28),(465,'JALANDHAR',28),(466,'KAPURTHALA',28),(467,'LUDHIANA',28),(468,'MANSA',28),(469,'MOGA',28),(470,'MUKTSAR',28),(471,'NAWANSHAHR',28),(472,'PATHANKOT',28),(473,'PATIALA',28),(474,'RUPNAGAR',28),(475,'SANGRUR',28),(476,'SAS NAGAR (MOHALI)',28),(477,'TARN TARAN',28),(478,'AJMER',29),(479,'ALWAR',29),(480,'BANSWARA',29),(481,'BARAN',29),(482,'BARMER',29),(483,'BHARATPUR',29),(484,'BHILWARA',29),(485,'BIKANER',29),(486,'BUNDI',29),(487,'CHITTORGARH',29),(488,'CHURU',29),(489,'DAUSA',29),(490,'DHOLPUR',29),(491,'DUNGARPUR',29),(492,'HANUMANGARH',29),(493,'JAIPUR',29),(494,'JAISALMER',29),(495,'JALORE',29),(496,'JHALAWAR',29),(497,'JHUNJHUNU',29),(498,'JODHPUR',29),(499,'KARAULI',29),(500,'KOTA',29),(501,'NAGAUR',29),(502,'PALI',29),(503,'PRATAPGARH',29),(504,'RAJSAMAND',29),(505,'SAWAI MADHOPUR',29),(506,'SIKAR',29),(507,'SIROHI',29),(508,'SRI GANGANAGAR',29),(509,'TONK',29),(510,'UDAIPUR',29),(511,'EAST SIKKIM',30),(512,'NORTH SIKKIM',30),(513,'SOUTH SIKKIM',30),(514,'WEST SIKKIM',30),(515,'ARIYALUR',31),(516,'CHENNAI',31),(517,'COIMBATORE',31),(518,'CUDDALORE',31),(519,'DHARMAPURI',31),(520,'DINDIGUL',31),(521,'ERODE',31),(522,'KANCHIPURAM',31),(523,'KANYAKUMARI',31),(524,'KARUR',31),(525,'KRISHNAGIRI',31),(526,'MADURAI',31),(527,'NAGAPATTINAM',31),(528,'NAMAKKAL',31),(529,'NILGIRIS',31),(530,'PERAMBALUR',31),(531,'PUDUKKOTTAI',31),(532,'RAMANATHAPURAM',31),(533,'SALEM',31),(534,'SIVAGANGA',31),(535,'THANJAVUR',31),(536,'THENI',31),(537,'THOOTHUKUDI (TUTICORIN)',31),(538,'TIRUCHIRAPPALLI',31),(539,'TIRUNELVELI',31),(540,'TIRUPPUR',31),(541,'TIRUVALLUR',31),(542,'TIRUVANNAMALAI',31),(543,'TIRUVARUR',31),(544,'VELLORE',31),(545,'VILUPPURAM',31),(546,'VIRUDHUNAGAR',31),(547,'ADILABAD',32),(548,'HYDERABAD',32),(549,'KARIMNAGAR',32),(550,'KHAMMAM',32),(551,'MAHABUBNAGAR',32),(552,'MEDAK',32),(553,'NALGONDA',32),(554,'NIZAMABAD',32),(555,'RANGAREDDY',32),(556,'WARANGAL',32),(557,'DHALAI',33),(558,'GOMATI',33),(559,'KHOWAI',33),(560,'NORTH TRIPURA',33),(561,'SEPAHIJALA',33),(562,'SOUTH TRIPURA',33),(563,'UNAKOTI',33),(564,'WEST TRIPURA',33),(565,'AGRA',34),(566,'ALIGARH',34),(567,'ALLAHABAD',34),(568,'AMBEDKAR NAGAR',34),(569,'AURAIYA',34),(570,'AZAMGARH',34),(571,'BAGHPAT',34),(572,'BAHRAICH',34),(573,'BALLIA',34),(574,'BALRAMPUR',34),(575,'BANDA',34),(576,'BARABANKI',34),(577,'BAREILLY',34),(578,'BASTI',34),(579,'SAMBHAL (BHIM NAGAR)',34),(580,'BIJNOR',34),(581,'BUDAUN',34),(582,'BULANDSHAHR',34),(583,'CHANDAULI',34),(584,'AMETHI (CHATRAPATI SAHUJI MAHRAJ NAGAR)',34),(585,'CHITRAKOOT',34),(586,'DEORIA',34),(587,'ETAH',34),(588,'ETAWAH',34),(589,'FAIZABAD',34),(590,'FARRUKHABAD',34),(591,'FATEHPUR',34),(592,'FIROZABAD',34),(593,'GAUTAM BUDDHA NAGAR',34),(594,'GHAZIABAD',34),(595,'GHAZIPUR',34),(596,'GONDA',34),(597,'GORAKHPUR',34),(598,'HAMIRPUR',34),(599,'HARDOI',34),(600,'HATHRAS',34),(601,'JALAUN',34),(602,'JAUNPUR',34),(603,'JHANSI',34),(604,'AMROHA (J.P. NAGAR)',34),(605,'KANNAUJ',34),(606,'KANPUR DEHAT',34),(607,'KANPUR NAGAR',34),(608,'KANSHIRAM NAGAR (KASGANJ)',34),(609,'KAUSHAMBI',34),(610,'KUSHINAGAR (PADRAUNA)',34),(611,'LAKHIMPUR - KHERI',34),(612,'LALITPUR',34),(613,'LUCKNOW',34),(614,'MAHARAJGANJ',34),(615,'MAHOBA',34),(616,'MAINPURI',34),(617,'MATHURA',34),(618,'MAU',34),(619,'MEERUT',34),(620,'MIRZAPUR',34),(621,'MORADABAD',34),(622,'MUZAFFARNAGAR',34),(623,'HAPUR (PANCHSHEEL NAGAR)',34),(624,'PILIBHIT',34),(625,'SHAMALI (PRABUDDH NAGAR)',34),(626,'PRATAPGARH',34),(627,'RAEBARELI',34),(628,'RAMPUR',34),(629,'SAHARANPUR',34),(630,'SANT KABIR NAGAR',34),(631,'SANT RAVIDAS NAGAR',34),(632,'SHAHJAHANPUR',34),(633,'SHRAVASTI',34),(634,'SIDDHARTH NAGAR',34),(635,'SITAPUR',34),(636,'SONBHADRA',34),(637,'SULTANPUR',34),(638,'UNNAO',34),(639,'VARANASI',34),(640,'ALMORA',35),(641,'BAGESHWAR',35),(642,'CHAMOLI',35),(643,'CHAMPAWAT',35),(644,'DEHRADUN',35),(645,'HARIDWAR',35),(646,'NAINITAL',35),(647,'PAURI GARHWAL',35),(648,'PITHORAGARH',35),(649,'RUDRAPRAYAG',35),(650,'TEHRI GARHWAL',35),(651,'UDHAM SINGH NAGAR',35),(652,'UTTARKASHI',35),(653,'BANKURA',36),(654,'BIRBHUM',36),(655,'BURDWAN (BARDHAMAN)',36),(656,'COOCH BEHAR',36),(657,'DAKSHIN DINAJPUR (SOUTH DINAJPUR)',36),(658,'DARJEELING',36),(659,'HOOGHLY',36),(660,'HOWRAH',36),(661,'JALPAIGURI',36),(662,'KOLKATA',36),(663,'MALDA',36),(664,'MURSHIDABAD',36),(665,'NADIA',36),(666,'NORTH 24 PARGANAS',36),(667,'PASCHIM MEDINIPUR (WEST MEDINIPUR)',36),(668,'PURBA MEDINIPUR (EAST MEDINIPUR)',36),(669,'PURULIA',36),(670,'SOUTH 24 PARGANAS',36),(671,'UTTAR DINAJPUR (NORTH DINAJPUR)',36);

/*Table structure for table `enquiry` */

DROP TABLE IF EXISTS `enquiry`;

CREATE TABLE `enquiry` (
  `enquiry_id` int(11) NOT NULL AUTO_INCREMENT,
  `name` varchar(255) DEFAULT NULL,
  `mobile` varchar(15) DEFAULT NULL,
  `email` varchar(128) DEFAULT NULL,
  `subject` tinyint(1) DEFAULT NULL,
  `message` varchar(1024) DEFAULT NULL,
  `created_on` timestamp NOT NULL DEFAULT CURRENT_TIMESTAMP,
  PRIMARY KEY (`enquiry_id`)
) ENGINE=InnoDB DEFAULT CHARSET=utf8;

/*Data for the table `enquiry` */

/*Table structure for table `language_master` */

DROP TABLE IF EXISTS `language_master`;

CREATE TABLE `language_master` (
  `id` int(11) NOT NULL AUTO_INCREMENT,
  `name` varchar(32) NOT NULL,
  PRIMARY KEY (`id`)
) ENGINE=InnoDB AUTO_INCREMENT=104 DEFAULT CHARSET=utf8;

/*Data for the table `language_master` */

insert  into `language_master`(`id`,`name`) values (1,'TAMIL'),(2,'TELUGU'),(3,'MALAYALAM'),(4,'KANNADA'),(5,'ENGLISH'),(6,'HINDI'),(7,'SANSKRIT'),(8,'URDU'),(9,'FRENCH'),(10,'GERMAN'),(11,'AKAN'),(12,'AMHARIC'),(13,'ARABIC'),(14,'ASSAMESE'),(15,'AWADHI'),(16,'AZERBAIJANI'),(17,'BALOCHI'),(18,'BELARUSIAN'),(19,'BENGALI'),(20,'BHOJPURI'),(21,'BURMESE'),(22,'CEBUANO(VISAYAN)'),(23,'CHATTISGARHI'),(24,'CHEWA'),(25,'CHITTAGONIAN'),(26,'CREOLE MIN'),(27,'CZECH'),(28,'DECCAN'),(29,'DHUNDHARI'),(30,'DUTCH'),(31,'FULA'),(32,'GAN CHINESE'),(33,'GREEK'),(34,'GUJARATI'),(35,'HAITIAN CREOLE'),(36,'HAKKA'),(37,'HARYANVI'),(38,'HAUSA'),(39,'HILIGAYNON'),(40,'HMONG'),(41,'HUNGARIAN'),(42,'IGBO'),(43,'ILOCANO'),(44,'ITALIAN'),(45,'JAPANESE'),(46,'JAPANESE'),(47,'JIN'),(48,'KAZAKH'),(49,'KHMER'),(50,'KINYARWANDA'),(51,'KIRUNDI'),(52,'KONKANI'),(53,'KOREAN'),(54,'KURDISH'),(55,'MADURESE'),(56,'MAGAHI'),(57,'MAITHILI'),(58,'MALAGASY'),(59,'MALAY/INDONESIAN'),(60,'MANDARIN'),(61,'MARATHI'),(62,'MARWARI'),(63,'MOSSI'),(64,'NEPALI'),(65,'NORTHERN MIN'),(66,'ODIA(ORIYA)'),(67,'OROMO'),(68,'OTHERS'),(69,'PASHTO'),(70,'PERSIAN'),(71,'POLISH'),(72,'PORTUGUESE'),(73,'PUNJABI'),(74,'QUECHUA'),(75,'ROMANIAN'),(76,'RUSSIAN'),(77,'SARAIKI'),(78,'SERBO-CROATIAN'),(79,'SHONA'),(80,'SINDHI'),(81,'SINHALESE'),(82,'SOMALI'),(83,'SOUTHERN MIN'),(84,'SPANISH'),(85,'SUNDANESE'),(86,'SWEDISH'),(87,'SYLHETI'),(88,'TAGALOG'),(89,'TAMAZIGHT'),(90,'THAI'),(91,'TURKISH'),(92,'TURKMEN'),(93,'UKRAINIAN'),(94,'UYGHUR'),(95,'UZBEK'),(96,'VIETNAMESE'),(97,'WU(SHANGHAINESE)'),(98,'XHOSA'),(99,'XIANG(HUNNANESE)'),(100,'YORUBA'),(101,'YUE(CANTONESE)'),(102,'ZHUANG'),(103,'ZULU');

/*Table structure for table `medium_of_instructions_masters` */

DROP TABLE IF EXISTS `medium_of_instructions_masters`;

CREATE TABLE `medium_of_instructions_masters` (
  `id` int(11) NOT NULL AUTO_INCREMENT,
  `name` varchar(255) CHARACTER SET latin1 NOT NULL,
  PRIMARY KEY (`id`)
) ENGINE=InnoDB AUTO_INCREMENT=20 DEFAULT CHARSET=utf8;

/*Data for the table `medium_of_instructions_masters` */

insert  into `medium_of_instructions_masters`(`id`,`name`) values (1,'Assamese / Asomiya'),(2,'Bengali / Bangla'),(3,'English'),(4,'Gujarati'),(5,'Hindi'),(6,'Kannada'),(7,'Kashmiri'),(8,'Konkani'),(9,'Malayalam'),(10,'Manipuri'),(11,'Marathi'),(12,'Oriya'),(13,'Punjabi'),(14,'Sanskrit'),(15,'Tamil'),(16,'Telugu'),(17,'Urdu'),(18,'French'),(19,'Other');

/*Table structure for table `new_college_masters` */

DROP TABLE IF EXISTS `new_college_masters`;

CREATE TABLE `new_college_masters` (
  `new_institution_id` int(11) NOT NULL AUTO_INCREMENT,
  `new_institution_name` text,
  `new_institution_location` text,
  `new_institution_degree_type` int(11) DEFAULT NULL,
  `status` tinyint(1) DEFAULT '0',
  `created_on` timestamp NOT NULL DEFAULT CURRENT_TIMESTAMP,
  `created_by` int(11) DEFAULT NULL,
  `modified_on` timestamp NULL DEFAULT NULL,
  `modified_by` tinyint(4) DEFAULT NULL,
  `deactive_on` timestamp NULL DEFAULT NULL,
  `deactivate_by` tinyint(1) DEFAULT NULL,
  `remarks` text,
  PRIMARY KEY (`new_institution_id`)
) ENGINE=InnoDB DEFAULT CHARSET=utf8;

/*Data for the table `new_college_masters` */

/*Table structure for table `preferred_location` */

DROP TABLE IF EXISTS `preferred_location`;

CREATE TABLE `preferred_location` (
  `id` int(11) NOT NULL AUTO_INCREMENT,
  `name` varchar(255) NOT NULL,
  PRIMARY KEY (`id`)
) ENGINE=InnoDB AUTO_INCREMENT=24 DEFAULT CHARSET=utf8;

/*Data for the table `preferred_location` */

insert  into `preferred_location`(`id`,`name`) values (1,'CHENNAI'),(2,'BANGLORE'),(3,'HYDERABAD'),(4,'TRIVANDRUM'),(5,'MUMBAI'),(6,'NEW DELHI'),(7,'KOLKATTA'),(8,'AHMADABAD'),(9,'PUNE'),(10,'SURAT'),(11,'JAIPUR'),(12,'- ANYWHERE IN INDIA -'),(13,'COIMBATORE'),(14,'VISHAKAPATNAM'),(15,'KUPPAM'),(16,'ERODE'),(17,'MADURAI'),(18,'TRICHY'),(19,'VIRUDHUNAGAR'),(20,'PERAMBALUR'),(21,'COCHIN'),(22,'NAMAKKAL'),(23,'- NEAR BY NATIVE -');

/*Table structure for table `question_paper_masters` */

DROP TABLE IF EXISTS `question_paper_masters`;

CREATE TABLE `question_paper_masters` (
  `qp_id` int(11) NOT NULL AUTO_INCREMENT,
  `college_id` int(11) DEFAULT NULL,
  `title` varchar(255) NOT NULL,
  `number_of_questions` int(3) NOT NULL,
  `number_of_section` int(3) DEFAULT NULL,
  `total_marks` int(3) NOT NULL,
  `duration` int(3) NOT NULL,
  `is_negative` tinyint(1) NOT NULL,
  `if_negative_marks` double DEFAULT NULL,
  `terms_conditions` text,
  `status` tinyint(1) DEFAULT '1',
  `created_on` timestamp NOT NULL DEFAULT CURRENT_TIMESTAMP,
  `created_by` int(1) DEFAULT NULL,
  `updated_on` timestamp NULL DEFAULT '0000-00-00 00:00:00',
  `updated_by` int(11) DEFAULT NULL,
  `deleted_on` timestamp NULL DEFAULT NULL,
  `deleted_by` int(11) DEFAULT NULL,
  `remarks` varchar(255) DEFAULT NULL,
  PRIMARY KEY (`qp_id`)
) ENGINE=InnoDB AUTO_INCREMENT=9 DEFAULT CHARSET=utf8;

/*Data for the table `question_paper_masters` */

insert  into `question_paper_masters`(`qp_id`,`college_id`,`title`,`number_of_questions`,`number_of_section`,`total_marks`,`duration`,`is_negative`,`if_negative_marks`,`terms_conditions`,`status`,`created_on`,`created_by`,`updated_on`,`updated_by`,`deleted_on`,`deleted_by`,`remarks`) values (1,1,'Question Paper 2',60,NULL,60,60,0,NULL,'<p>1. Please attempt every question.</p>\r\n<p>2. Each question carries 1 mark.</p>\r\n<p>3. Use of calculator and cell phone is prohibited.</p>\r\n<p>4. If you do not know to solve the questions, DO NOT quess the answer.</p>\r\n<p>5. Please do not mark anything on the question paper.</p>\r\n<p>6. Please return the question paper and answer sheet to the invigilator.</p>\r\n<p>&nbsp;</p>',1,'2016-01-28 10:12:31',NULL,'0000-00-00 00:00:00',NULL,NULL,NULL,NULL),(2,NULL,'Question Paper 1',50,NULL,50,60,0,NULL,'<p>1.Please attempt every Question.</p>\r\n<p>2.Each question carries 1 Mark.</p>\r\n<p>3.Use of calculator and cell phone is prohibited.</p>\r\n<p>4.If you do not know to solve the questions,DO NOT guess the answer.</p>\r\n<p>5.Please do not mark anything on the question paper.</p>\r\n<p>6.Please return the question paper and answer sheet to the invigilator.</p>',1,'2016-01-27 12:37:05',NULL,'0000-00-00 00:00:00',NULL,NULL,NULL,NULL),(3,1,'Question Paper 3',60,NULL,60,60,0,NULL,'<p>1. Please attempt every question.</p>\r\n<p>2. Each question carries 1 mark.</p>\r\n<p>3. Use of calculator and cell phone is prohibited.</p>\r\n<p>4. If you do not know to solve the questions, DO NOT quess the answer.</p>\r\n<p>5. Please do not mark anything on the question paper.</p>\r\n<p>6. Please return the question paper and answer sheet to the invigilator.</p>',1,'2016-01-28 12:16:31',NULL,'0000-00-00 00:00:00',NULL,NULL,NULL,NULL),(4,1,'Question Paper 4',60,NULL,60,60,0,NULL,'<p>1. Please attempt every question.</p>\r\n<p>2. Each question carries 1 mark.</p>\r\n<p>3. Use of calculator and cell phone is prohibited.</p>\r\n<p>4. If you do not know to solve the questions, DO NOT quess the answer.</p>\r\n<p>5. Please do not mark anything on the question paper.</p>\r\n<p>6. Please return the question paper and answer sheet to the invigilator.</p>',1,'2016-01-28 15:19:18',NULL,'0000-00-00 00:00:00',NULL,NULL,NULL,NULL),(5,1,'Technical Questions 1',40,NULL,40,60,0,NULL,'',1,'2016-03-07 04:52:06',NULL,'0000-00-00 00:00:00',NULL,NULL,NULL,NULL),(6,1,'sample qns',10,NULL,10,10,0,NULL,'gsgsgsgs',1,'2016-06-18 10:58:08',NULL,'0000-00-00 00:00:00',NULL,NULL,NULL,NULL),(8,1,'New question paper',10,NULL,10,10,0,NULL,'Same instructions',1,'2016-07-08 16:04:04',NULL,'0000-00-00 00:00:00',NULL,NULL,NULL,NULL);

/*Table structure for table `question_paper_question_answers_masters` */

DROP TABLE IF EXISTS `question_paper_question_answers_masters`;

CREATE TABLE `question_paper_question_answers_masters` (
  `qpq_order_id` int(11) DEFAULT NULL,
  `answer_text` varchar(255) DEFAULT NULL,
  `answer_image` varchar(255) DEFAULT NULL,
  `is_correct` tinyint(1) DEFAULT '0',
  `qp_id` int(11) DEFAULT NULL,
  `qpq_id` int(11) DEFAULT NULL,
  `qpqa_id` int(11) NOT NULL AUTO_INCREMENT,
  `answer_type` int(11) DEFAULT NULL,
  `answer_option_type` int(11) DEFAULT NULL,
  `section_order_id` int(11) DEFAULT NULL,
  `section_id` int(11) DEFAULT NULL,
  `status` tinyint(1) DEFAULT NULL,
  `created_on` timestamp NULL DEFAULT CURRENT_TIMESTAMP,
  `created_by` int(11) DEFAULT NULL,
  `updated_on` timestamp NULL DEFAULT NULL,
  `updated_by` int(11) DEFAULT NULL,
  `deleted_on` timestamp NULL DEFAULT NULL,
  `deleted_by` int(11) DEFAULT NULL,
  `remarks` varchar(255) DEFAULT NULL,
  PRIMARY KEY (`qpqa_id`)
) ENGINE=InnoDB AUTO_INCREMENT=1118 DEFAULT CHARSET=utf8;

/*Data for the table `question_paper_question_answers_masters` */

insert  into `question_paper_question_answers_masters`(`qpq_order_id`,`answer_text`,`answer_image`,`is_correct`,`qp_id`,`qpq_id`,`qpqa_id`,`answer_type`,`answer_option_type`,`section_order_id`,`section_id`,`status`,`created_on`,`created_by`,`updated_on`,`updated_by`,`deleted_on`,`deleted_by`,`remarks`) values (1,'23514',NULL,0,2,1,1,2,1,1,1,NULL,'2016-01-27 13:05:10',NULL,NULL,NULL,NULL,NULL,NULL),(1,'14352',NULL,0,2,1,2,2,1,1,1,NULL,'2016-01-27 13:05:11',NULL,NULL,NULL,NULL,NULL,NULL),(1,'32514',NULL,1,2,1,3,2,1,1,1,NULL,'2016-01-27 13:05:11',NULL,NULL,NULL,NULL,NULL,NULL),(1,'53214',NULL,0,2,1,4,2,1,1,1,NULL,'2016-01-27 13:05:11',NULL,NULL,NULL,NULL,NULL,NULL),(2,'35142',NULL,0,2,2,5,2,1,1,1,NULL,'2016-01-27 13:10:54',NULL,NULL,NULL,NULL,NULL,NULL),(2,'53142',NULL,1,2,2,6,2,1,1,1,NULL,'2016-01-27 13:10:54',NULL,NULL,NULL,NULL,NULL,NULL),(2,'53241',NULL,0,2,2,7,2,1,1,1,NULL,'2016-01-27 13:10:54',NULL,NULL,NULL,NULL,NULL,NULL),(2,'35124',NULL,0,2,2,8,2,1,1,1,NULL,'2016-01-27 13:10:54',NULL,NULL,NULL,NULL,NULL,NULL),(3,'you must at least plan well than you will not fail',NULL,0,2,3,9,2,1,1,1,NULL,'2016-01-27 13:14:06',NULL,NULL,NULL,NULL,NULL,NULL),(3,'hardly you will fail if you do not desire so',NULL,0,2,3,10,2,1,1,1,NULL,'2016-01-27 13:14:06',NULL,NULL,NULL,NULL,NULL,NULL),(3,'if you do not put more efforts, you will fail',NULL,1,2,3,11,2,1,1,1,NULL,'2016-01-27 13:14:06',NULL,NULL,NULL,NULL,NULL,NULL),(3,'if you only work and work alone, you will fail',NULL,0,2,3,12,2,1,1,1,NULL,'2016-01-27 13:14:06',NULL,NULL,NULL,NULL,NULL,NULL),(4,'cannot depend on others for getting his work done',NULL,0,2,4,13,2,1,1,1,NULL,'2016-01-27 13:16:09',NULL,NULL,NULL,NULL,NULL,NULL),(4,'can seldom complete his work on time',NULL,1,2,4,14,2,1,1,1,NULL,'2016-01-27 13:16:09',NULL,NULL,NULL,NULL,NULL,NULL),(4,'dislike to postpone the work that he undertakes to do ',NULL,0,2,4,15,2,1,1,1,NULL,'2016-01-27 13:16:09',NULL,NULL,NULL,NULL,NULL,NULL),(4,'always help others to complete their work',NULL,0,2,4,16,2,1,1,1,NULL,'2016-01-27 13:16:09',NULL,NULL,NULL,NULL,NULL,NULL),(1,'cryptanalysis',NULL,1,2,5,17,2,1,2,2,NULL,'2016-01-27 13:21:19',NULL,NULL,NULL,NULL,NULL,NULL),(1,'Arabic language',NULL,0,2,5,18,2,1,2,2,NULL,'2016-01-27 13:21:19',NULL,NULL,NULL,NULL,NULL,NULL),(1,'religion',NULL,0,2,5,19,2,1,2,2,NULL,'2016-01-27 13:21:19',NULL,NULL,NULL,NULL,NULL,NULL),(1,'Mathematics',NULL,0,2,5,20,2,1,2,2,NULL,'2016-01-27 13:21:19',NULL,NULL,NULL,NULL,NULL,NULL),(2,'by determining the chronological order of events	',NULL,0,2,6,21,2,1,2,2,NULL,'2016-01-27 13:22:31',NULL,NULL,NULL,NULL,NULL,NULL),(2,'with the help of Arabic mathematicians',NULL,0,2,6,22,2,1,2,2,NULL,'2016-01-27 13:22:31',NULL,NULL,NULL,NULL,NULL,NULL),(2,'by using the frequency of modern and ancient words',NULL,1,2,6,23,2,1,2,2,NULL,'2016-01-27 13:22:31',NULL,NULL,NULL,NULL,NULL,NULL),(2,'by breaking the cryptic code contained in the messages',NULL,0,2,6,24,2,1,2,2,NULL,'2016-01-27 13:22:31',NULL,NULL,NULL,NULL,NULL,NULL),(3,'encrypting messages',NULL,0,2,7,25,2,1,2,2,NULL,'2016-01-27 13:23:32',NULL,NULL,NULL,NULL,NULL,NULL),(3,'cryptanalysis	',NULL,1,2,7,26,2,1,2,2,NULL,'2016-01-27 13:23:32',NULL,NULL,NULL,NULL,NULL,NULL),(3,'language analysis',NULL,0,2,7,27,2,1,2,2,NULL,'2016-01-27 13:23:32',NULL,NULL,NULL,NULL,NULL,NULL),(3,'preparing a manuscript',NULL,0,2,7,28,2,1,2,2,NULL,'2016-01-27 13:23:32',NULL,NULL,NULL,NULL,NULL,NULL),(4,'deciphering',NULL,0,2,8,29,2,1,2,2,NULL,'2016-01-27 13:25:08',NULL,NULL,NULL,NULL,NULL,NULL),(4,'encrypted',NULL,1,2,8,30,2,1,2,2,NULL,'2016-01-27 13:25:08',NULL,NULL,NULL,NULL,NULL,NULL),(4,'revelation',NULL,0,2,8,31,2,1,2,2,NULL,'2016-01-27 13:25:08',NULL,NULL,NULL,NULL,NULL,NULL),(4,'Scrambled',NULL,0,2,8,32,2,1,2,2,NULL,'2016-01-27 13:25:08',NULL,NULL,NULL,NULL,NULL,NULL),(1,'Perform',NULL,1,2,9,33,2,1,3,3,NULL,'2016-01-27 13:32:32',NULL,NULL,NULL,NULL,NULL,NULL),(1,'Performs',NULL,0,2,9,34,2,1,3,3,NULL,'2016-01-27 13:32:32',NULL,NULL,NULL,NULL,NULL,NULL),(1,'Performing',NULL,0,2,9,35,2,1,3,3,NULL,'2016-01-27 13:32:32',NULL,NULL,NULL,NULL,NULL,NULL),(1,'Performed',NULL,0,2,9,36,2,1,3,3,NULL,'2016-01-27 13:32:32',NULL,NULL,NULL,NULL,NULL,NULL),(2,'Used',NULL,0,2,10,37,2,1,3,3,NULL,'2016-01-27 13:35:18',NULL,NULL,NULL,NULL,NULL,NULL),(2,'Are Used',NULL,1,2,10,38,2,1,3,3,NULL,'2016-01-27 13:35:18',NULL,NULL,NULL,NULL,NULL,NULL),(2,'Use',NULL,0,2,10,39,2,1,3,3,NULL,'2016-01-27 13:35:18',NULL,NULL,NULL,NULL,NULL,NULL),(2,'Useful',NULL,0,2,10,40,2,1,3,3,NULL,'2016-01-27 13:35:18',NULL,NULL,NULL,NULL,NULL,NULL),(3,'Desires',NULL,1,2,11,41,2,1,3,3,NULL,'2016-01-27 13:36:00',NULL,NULL,NULL,NULL,NULL,NULL),(3,'Desire',NULL,0,2,11,42,2,1,3,3,NULL,'2016-01-27 13:36:00',NULL,NULL,NULL,NULL,NULL,NULL),(3,'Desirous',NULL,0,2,11,43,2,1,3,3,NULL,'2016-01-27 13:36:00',NULL,NULL,NULL,NULL,NULL,NULL),(3,'Desired',NULL,0,2,11,44,2,1,3,3,NULL,'2016-01-27 13:36:00',NULL,NULL,NULL,NULL,NULL,NULL),(4,'Having',NULL,0,2,12,45,2,1,3,3,NULL,'2016-01-27 13:37:22',NULL,NULL,NULL,NULL,NULL,NULL),(4,'Have',NULL,1,2,12,46,2,1,3,3,NULL,'2016-01-27 13:37:23',NULL,NULL,NULL,NULL,NULL,NULL),(4,'Haves',NULL,0,2,12,47,2,1,3,3,NULL,'2016-01-27 13:37:23',NULL,NULL,NULL,NULL,NULL,NULL),(4,'Has',NULL,0,2,12,48,2,1,3,3,NULL,'2016-01-27 13:37:23',NULL,NULL,NULL,NULL,NULL,NULL),(1,'20 days',NULL,0,2,13,49,2,1,4,4,NULL,'2016-01-27 14:19:15',NULL,NULL,NULL,NULL,NULL,NULL),(1,'22   days',NULL,1,2,13,50,2,1,4,4,NULL,'2016-01-27 14:19:15',NULL,NULL,NULL,NULL,NULL,NULL),(1,'25 days',NULL,0,2,13,51,2,1,4,4,NULL,'2016-01-27 14:19:15',NULL,NULL,NULL,NULL,NULL,NULL),(1,'30 days',NULL,0,2,13,52,2,1,4,4,NULL,'2016-01-27 14:19:15',NULL,NULL,NULL,NULL,NULL,NULL),(2,'6 days',NULL,0,2,14,53,2,1,4,4,NULL,'2016-01-27 14:21:01',NULL,NULL,NULL,NULL,NULL,NULL),(2,'10 days',NULL,1,2,14,54,2,1,4,4,NULL,'2016-01-27 14:21:01',NULL,NULL,NULL,NULL,NULL,NULL),(2,'15 days',NULL,0,2,14,55,2,1,4,4,NULL,'2016-01-27 14:21:01',NULL,NULL,NULL,NULL,NULL,NULL),(2,'20 days',NULL,0,2,14,56,2,1,4,4,NULL,'2016-01-27 14:21:01',NULL,NULL,NULL,NULL,NULL,NULL),(3,'45',NULL,0,2,15,57,2,1,4,4,NULL,'2016-01-27 14:23:02',NULL,NULL,NULL,NULL,NULL,NULL),(3,'60',NULL,0,2,15,58,2,1,4,4,NULL,'2016-01-27 14:23:02',NULL,NULL,NULL,NULL,NULL,NULL),(3,'75',NULL,0,2,15,59,2,1,4,4,NULL,'2016-01-27 14:23:02',NULL,NULL,NULL,NULL,NULL,NULL),(3,'90',NULL,1,2,15,60,2,1,4,4,NULL,'2016-01-27 14:23:02',NULL,NULL,NULL,NULL,NULL,NULL),(4,'20',NULL,0,2,16,61,2,1,4,4,NULL,'2016-01-27 14:23:53',NULL,NULL,NULL,NULL,NULL,NULL),(4,'80',NULL,0,2,16,62,2,1,4,4,NULL,'2016-01-27 14:23:53',NULL,NULL,NULL,NULL,NULL,NULL),(4,'100',NULL,1,2,16,63,2,1,4,4,NULL,'2016-01-27 14:23:53',NULL,NULL,NULL,NULL,NULL,NULL),(4,'200',NULL,0,2,16,64,2,1,4,4,NULL,'2016-01-27 14:23:53',NULL,NULL,NULL,NULL,NULL,NULL),(5,'10',NULL,0,2,17,65,2,1,4,4,NULL,'2016-01-27 14:25:00',NULL,NULL,NULL,NULL,NULL,NULL),(5,'35',NULL,0,2,17,66,2,1,4,4,NULL,'2016-01-27 14:25:00',NULL,NULL,NULL,NULL,NULL,NULL),(5,'62.5',NULL,1,2,17,67,2,1,4,4,NULL,'2016-01-27 14:25:00',NULL,NULL,NULL,NULL,NULL,NULL),(5,'Cannot be determined',NULL,0,2,17,68,2,1,4,4,NULL,'2016-01-27 14:25:00',NULL,NULL,NULL,NULL,NULL,NULL),(6,'120 metres',NULL,0,2,18,69,2,1,4,4,NULL,'2016-01-27 14:35:40',NULL,NULL,NULL,NULL,NULL,NULL),(6,'180 metres',NULL,0,2,18,70,2,1,4,4,NULL,'2016-01-27 14:35:40',NULL,NULL,NULL,NULL,NULL,NULL),(6,'324 metres',NULL,0,2,18,71,2,1,4,4,NULL,'2016-01-27 14:35:40',NULL,NULL,NULL,NULL,NULL,NULL),(6,'150 metres',NULL,1,2,18,72,2,1,4,4,NULL,'2016-01-27 14:35:40',NULL,NULL,NULL,NULL,NULL,NULL),(7,'100 kmph',NULL,0,2,19,73,2,1,4,4,NULL,'2016-01-27 14:38:45',NULL,NULL,NULL,NULL,NULL,NULL),(7,'110 kmph',NULL,0,2,19,74,2,1,4,4,NULL,'2016-01-27 14:38:45',NULL,NULL,NULL,NULL,NULL,NULL),(7,'120 kmph',NULL,1,2,19,75,2,1,4,4,NULL,'2016-01-27 14:38:45',NULL,NULL,NULL,NULL,NULL,NULL),(7,'130 kmph',NULL,0,2,19,76,2,1,4,4,NULL,'2016-01-27 14:38:45',NULL,NULL,NULL,NULL,NULL,NULL),(8,'66 2/3',NULL,0,2,20,77,2,1,4,4,NULL,'2016-01-27 14:44:39',NULL,NULL,NULL,NULL,NULL,NULL),(8,'100',NULL,1,2,20,78,2,1,4,4,NULL,'2016-01-27 14:44:39',NULL,NULL,NULL,NULL,NULL,NULL),(8,'105 1/3',NULL,0,2,20,79,2,1,4,4,NULL,'2016-01-27 14:44:39',NULL,NULL,NULL,NULL,NULL,NULL),(8,'120',NULL,0,2,20,80,2,1,4,4,NULL,'2016-01-27 14:44:39',NULL,NULL,NULL,NULL,NULL,NULL),(9,'3',NULL,0,2,21,81,2,1,4,4,NULL,'2016-01-27 14:45:52',NULL,NULL,NULL,NULL,NULL,NULL),(9,'4',NULL,0,2,21,82,2,1,4,4,NULL,'2016-01-27 14:45:52',NULL,NULL,NULL,NULL,NULL,NULL),(9,'5',NULL,1,2,21,83,2,1,4,4,NULL,'2016-01-27 14:45:52',NULL,NULL,NULL,NULL,NULL,NULL),(9,'6',NULL,0,2,21,84,2,1,4,4,NULL,'2016-01-27 14:45:52',NULL,NULL,NULL,NULL,NULL,NULL),(10,'45%',NULL,0,2,27,96,2,1,4,4,NULL,'2016-01-27 17:17:32',NULL,NULL,NULL,NULL,NULL,NULL),(10,'45 5/11%',NULL,1,2,27,97,2,1,4,4,NULL,'2016-01-27 17:17:32',NULL,NULL,NULL,NULL,NULL,NULL),(10,'54 6/11%',NULL,0,2,27,98,2,1,4,4,NULL,'2016-01-27 17:17:32',NULL,NULL,NULL,NULL,NULL,NULL),(10,'55%',NULL,0,2,27,99,2,1,4,4,NULL,'2016-01-27 17:17:32',NULL,NULL,NULL,NULL,NULL,NULL),(11,'1',NULL,0,2,28,100,2,1,4,4,NULL,'2016-01-27 17:18:23',NULL,NULL,NULL,NULL,NULL,NULL),(11,'14',NULL,0,2,28,101,2,1,4,4,NULL,'2016-01-27 17:18:23',NULL,NULL,NULL,NULL,NULL,NULL),(11,'20',NULL,1,2,28,102,2,1,4,4,NULL,'2016-01-27 17:18:23',NULL,NULL,NULL,NULL,NULL,NULL),(11,'21',NULL,0,2,28,103,2,1,4,4,NULL,'2016-01-27 17:18:23',NULL,NULL,NULL,NULL,NULL,NULL),(12,'A is smaller than B',NULL,0,2,29,104,2,1,4,4,NULL,'2016-01-27 17:19:39',NULL,NULL,NULL,NULL,NULL,NULL),(12,'A is greater than B',NULL,0,2,29,105,2,1,4,4,NULL,'2016-01-27 17:19:39',NULL,NULL,NULL,NULL,NULL,NULL),(12,'If x is smaller than y, then A is greater than B',NULL,0,2,29,106,2,1,4,4,NULL,'2016-01-27 17:19:39',NULL,NULL,NULL,NULL,NULL,NULL),(12,'None of these',NULL,1,2,29,107,2,1,4,4,NULL,'2016-01-27 17:19:39',NULL,NULL,NULL,NULL,NULL,NULL),(13,'35 years',NULL,0,2,30,108,2,1,4,4,NULL,'2016-01-27 17:20:41',NULL,NULL,NULL,NULL,NULL,NULL),(13,'40 years ',NULL,1,2,30,109,2,1,4,4,NULL,'2016-01-27 17:20:41',NULL,NULL,NULL,NULL,NULL,NULL),(13,'50 years',NULL,0,2,30,110,2,1,4,4,NULL,'2016-01-27 17:20:41',NULL,NULL,NULL,NULL,NULL,NULL),(13,'None of these',NULL,0,2,30,111,2,1,4,4,NULL,'2016-01-27 17:20:41',NULL,NULL,NULL,NULL,NULL,NULL),(14,'5.15 kmph',NULL,0,2,31,112,2,1,4,4,NULL,'2016-01-27 17:21:47',NULL,NULL,NULL,NULL,NULL,NULL),(14,'4.14 kmph',NULL,1,2,31,113,2,1,4,4,NULL,'2016-01-27 17:21:47',NULL,NULL,NULL,NULL,NULL,NULL),(14,'4.25 kmph',NULL,0,2,31,114,2,1,4,4,NULL,'2016-01-27 17:21:47',NULL,NULL,NULL,NULL,NULL,NULL),(14,'4.4 kmph',NULL,0,2,31,115,2,1,4,4,NULL,'2016-01-27 17:21:47',NULL,NULL,NULL,NULL,NULL,NULL),(15,'3/7',NULL,0,2,32,116,2,1,4,4,NULL,'2016-01-27 17:22:53',NULL,NULL,NULL,NULL,NULL,NULL),(15,'2/7',NULL,1,2,32,117,2,1,4,4,NULL,'2016-01-27 17:22:53',NULL,NULL,NULL,NULL,NULL,NULL),(15,'1/7',NULL,0,2,32,118,2,1,4,4,NULL,'2016-01-27 17:22:53',NULL,NULL,NULL,NULL,NULL,NULL),(15,'1/52',NULL,0,2,32,119,2,1,4,4,NULL,'2016-01-27 17:22:53',NULL,NULL,NULL,NULL,NULL,NULL),(16,'10',NULL,1,2,33,120,2,1,4,4,NULL,'2016-01-27 17:23:47',NULL,NULL,NULL,NULL,NULL,NULL),(16,'5',NULL,0,2,33,121,2,1,4,4,NULL,'2016-01-27 17:23:47',NULL,NULL,NULL,NULL,NULL,NULL),(16,'20',NULL,0,2,33,122,2,1,4,4,NULL,'2016-01-27 17:23:47',NULL,NULL,NULL,NULL,NULL,NULL),(16,'2',NULL,0,2,33,123,2,1,4,4,NULL,'2016-01-27 17:23:47',NULL,NULL,NULL,NULL,NULL,NULL),(17,'98',NULL,0,2,34,124,2,1,4,4,NULL,'2016-01-27 17:24:45',NULL,NULL,NULL,NULL,NULL,NULL),(17,'92',NULL,0,2,34,125,2,1,4,4,NULL,'2016-01-27 17:24:45',NULL,NULL,NULL,NULL,NULL,NULL),(17,'96',NULL,1,2,34,126,2,1,4,4,NULL,'2016-01-27 17:24:45',NULL,NULL,NULL,NULL,NULL,NULL),(17,'100',NULL,0,2,34,127,2,1,4,4,NULL,'2016-01-27 17:24:45',NULL,NULL,NULL,NULL,NULL,NULL),(18,'Rs 460; Rs 15',NULL,1,2,35,128,2,1,4,4,NULL,'2016-01-27 18:12:21',NULL,NULL,NULL,NULL,NULL,NULL),(18,'Rs 440; Rs 15	',NULL,0,2,35,129,2,1,4,4,NULL,'2016-01-27 18:12:21',NULL,NULL,NULL,NULL,NULL,NULL),(18,'Rs 420; Rs 15',NULL,0,2,35,130,2,1,4,4,NULL,'2016-01-27 18:12:21',NULL,NULL,NULL,NULL,NULL,NULL),(18,'Rs 410; Rs 15',NULL,0,2,35,131,2,1,4,4,NULL,'2016-01-27 18:12:21',NULL,NULL,NULL,NULL,NULL,NULL),(19,'240',NULL,0,2,36,132,2,1,4,4,NULL,'2016-01-27 18:13:15',NULL,NULL,NULL,NULL,NULL,NULL),(19,'270',NULL,1,2,36,133,2,1,4,4,NULL,'2016-01-27 18:13:15',NULL,NULL,NULL,NULL,NULL,NULL),(19,'295',NULL,0,2,36,134,2,1,4,4,NULL,'2016-01-27 18:13:15',NULL,NULL,NULL,NULL,NULL,NULL),(19,'360',NULL,0,2,36,135,2,1,4,4,NULL,'2016-01-27 18:13:15',NULL,NULL,NULL,NULL,NULL,NULL),(20,'165',NULL,0,2,37,136,2,1,4,4,NULL,'2016-01-27 18:13:52',NULL,NULL,NULL,NULL,NULL,NULL),(20,'240',NULL,0,2,37,137,2,1,4,4,NULL,'2016-01-27 18:13:52',NULL,NULL,NULL,NULL,NULL,NULL),(20,'300',NULL,0,2,37,138,2,1,4,4,NULL,'2016-01-27 18:13:52',NULL,NULL,NULL,NULL,NULL,NULL),(20,'330',NULL,1,2,37,139,2,1,4,4,NULL,'2016-01-27 18:13:52',NULL,NULL,NULL,NULL,NULL,NULL),(21,'120',NULL,1,2,38,140,2,1,4,4,NULL,'2016-01-27 18:14:36',NULL,NULL,NULL,NULL,NULL,NULL),(21,'25',NULL,0,2,38,141,2,1,4,4,NULL,'2016-01-27 18:14:36',NULL,NULL,NULL,NULL,NULL,NULL),(21,'240',NULL,0,2,38,142,2,1,4,4,NULL,'2016-01-27 18:14:36',NULL,NULL,NULL,NULL,NULL,NULL),(21,'61',NULL,0,2,38,143,2,1,4,4,NULL,'2016-01-27 18:14:36',NULL,NULL,NULL,NULL,NULL,NULL),(22,'12 km/hr',NULL,0,2,39,144,2,1,4,4,NULL,'2016-01-27 18:15:37',NULL,NULL,NULL,NULL,NULL,NULL),(22,'13 km/hr',NULL,0,2,39,145,2,1,4,4,NULL,'2016-01-27 18:15:37',NULL,NULL,NULL,NULL,NULL,NULL),(22,'15 km/hr',NULL,1,2,39,146,2,1,4,4,NULL,'2016-01-27 18:15:37',NULL,NULL,NULL,NULL,NULL,NULL),(22,'18 km/hr',NULL,0,2,39,147,2,1,4,4,NULL,'2016-01-27 18:15:37',NULL,NULL,NULL,NULL,NULL,NULL),(1,'Q - N + M x P	',NULL,0,2,40,148,2,1,5,5,NULL,'2016-01-27 18:17:05',NULL,NULL,NULL,NULL,NULL,NULL),(1,'P + S x N - Q',NULL,0,2,40,149,2,1,5,5,NULL,'2016-01-27 18:17:05',NULL,NULL,NULL,NULL,NULL,NULL),(1,'P - M + N x Q',NULL,1,2,40,150,2,1,5,5,NULL,'2016-01-27 18:17:05',NULL,NULL,NULL,NULL,NULL,NULL),(1,'Q - S % P',NULL,0,2,40,151,2,1,5,5,NULL,'2016-01-27 18:17:05',NULL,NULL,NULL,NULL,NULL,NULL),(2,'15 m West	',NULL,0,2,41,152,2,1,5,5,NULL,'2016-01-27 18:18:01',NULL,NULL,NULL,NULL,NULL,NULL),(2,'30 m East',NULL,0,2,41,153,2,1,5,5,NULL,'2016-01-27 18:18:01',NULL,NULL,NULL,NULL,NULL,NULL),(2,'30 m West',NULL,0,2,41,154,2,1,5,5,NULL,'2016-01-27 18:18:01',NULL,NULL,NULL,NULL,NULL,NULL),(2,'45 m East',NULL,1,2,41,155,2,1,5,5,NULL,'2016-01-27 18:18:01',NULL,NULL,NULL,NULL,NULL,NULL),(3,'leshsrench',NULL,0,2,42,156,2,1,5,5,NULL,'2016-01-27 18:21:56',NULL,NULL,NULL,NULL,NULL,NULL),(3,'ochhapl',NULL,0,2,42,157,2,1,5,5,NULL,'2016-01-27 18:21:56',NULL,NULL,NULL,NULL,NULL,NULL),(3,'haploch',NULL,0,2,42,158,2,1,5,5,NULL,'2016-01-27 18:21:56',NULL,NULL,NULL,NULL,NULL,NULL),(3,'haplresbo',NULL,1,2,42,159,2,1,5,5,NULL,'2016-01-27 18:21:56',NULL,NULL,NULL,NULL,NULL,NULL),(4,'P is second to the right of T who is the neighbour of R and V.',NULL,1,2,43,160,2,1,5,5,NULL,'2016-01-27 18:23:07',NULL,NULL,NULL,NULL,NULL,NULL),(4,'S is not the neighbour of P.',NULL,0,2,43,161,2,1,5,5,NULL,'2016-01-27 18:23:07',NULL,NULL,NULL,NULL,NULL,NULL),(4,'V is the neighbour of U.',NULL,0,2,43,162,2,1,5,5,NULL,'2016-01-27 18:23:07',NULL,NULL,NULL,NULL,NULL,NULL),(4,'Q is not between S and W. W is not between U and S.',NULL,0,2,43,163,2,1,5,5,NULL,'2016-01-27 18:23:07',NULL,NULL,NULL,NULL,NULL,NULL),(5,'RV',NULL,1,2,44,164,2,1,5,5,NULL,'2016-01-27 18:23:53',NULL,NULL,NULL,NULL,NULL,NULL),(5,'UV',NULL,0,2,44,165,2,1,5,5,NULL,'2016-01-27 18:23:53',NULL,NULL,NULL,NULL,NULL,NULL),(5,'RP',NULL,0,2,44,166,2,1,5,5,NULL,'2016-01-27 18:23:53',NULL,NULL,NULL,NULL,NULL,NULL),(5,'QW',NULL,0,2,44,167,2,1,5,5,NULL,'2016-01-27 18:23:53',NULL,NULL,NULL,NULL,NULL,NULL),(6,'Only conclusion (1) follows',NULL,0,2,45,168,2,1,5,5,NULL,'2016-01-27 18:25:19',NULL,NULL,NULL,NULL,NULL,NULL),(6,'Only conclusion (2) follows',NULL,1,2,45,169,2,1,5,5,NULL,'2016-01-27 18:25:19',NULL,NULL,NULL,NULL,NULL,NULL),(6,'Either (1) or (2) follows',NULL,0,2,45,170,2,1,5,5,NULL,'2016-01-27 18:25:19',NULL,NULL,NULL,NULL,NULL,NULL),(6,'Both (1) and (2) follow',NULL,0,2,45,171,2,1,5,5,NULL,'2016-01-27 18:25:19',NULL,NULL,NULL,NULL,NULL,NULL),(7,'42',NULL,0,2,46,172,2,1,5,5,NULL,'2016-01-27 18:26:04',NULL,NULL,NULL,NULL,NULL,NULL),(7,'12',NULL,1,2,46,173,2,1,5,5,NULL,'2016-01-27 18:26:04',NULL,NULL,NULL,NULL,NULL,NULL),(7,'15',NULL,0,2,46,174,2,1,5,5,NULL,'2016-01-27 18:26:04',NULL,NULL,NULL,NULL,NULL,NULL),(7,'21',NULL,0,2,46,175,2,1,5,5,NULL,'2016-01-27 18:26:04',NULL,NULL,NULL,NULL,NULL,NULL),(8,'P',NULL,0,2,47,176,2,1,5,5,NULL,'2016-01-27 18:28:06',NULL,NULL,NULL,NULL,NULL,NULL),(8,'Q',NULL,1,2,47,177,2,1,5,5,NULL,'2016-01-27 18:28:06',NULL,NULL,NULL,NULL,NULL,NULL),(8,'R',NULL,0,2,47,178,2,1,5,5,NULL,'2016-01-27 18:28:06',NULL,NULL,NULL,NULL,NULL,NULL),(8,'S',NULL,0,2,47,179,2,1,5,5,NULL,'2016-01-27 18:28:06',NULL,NULL,NULL,NULL,NULL,NULL),(9,'3',NULL,0,2,48,180,2,1,5,5,NULL,'2016-01-27 18:29:21',NULL,NULL,NULL,NULL,NULL,NULL),(9,'1',NULL,0,2,48,181,2,1,5,5,NULL,'2016-01-27 18:29:21',NULL,NULL,NULL,NULL,NULL,NULL),(9,'2',NULL,0,2,48,182,2,1,5,5,NULL,'2016-01-27 18:29:21',NULL,NULL,NULL,NULL,NULL,NULL),(9,'4',NULL,1,2,48,183,2,1,5,5,NULL,'2016-01-27 18:29:21',NULL,NULL,NULL,NULL,NULL,NULL),(10,'Only (1)',NULL,0,2,49,184,2,1,5,5,NULL,'2016-01-27 18:30:24',NULL,NULL,NULL,NULL,NULL,NULL),(10,'Only (2)',NULL,1,2,49,185,2,1,5,5,NULL,'2016-01-27 18:30:24',NULL,NULL,NULL,NULL,NULL,NULL),(10,'Either (1) or (2)',NULL,0,2,49,186,2,1,5,5,NULL,'2016-01-27 18:30:24',NULL,NULL,NULL,NULL,NULL,NULL),(10,'(1)& (2) both',NULL,0,2,49,187,2,1,5,5,NULL,'2016-01-27 18:30:24',NULL,NULL,NULL,NULL,NULL,NULL),(11,'cabelwir',NULL,1,2,50,188,2,1,5,5,NULL,'2016-01-27 18:34:44',NULL,NULL,NULL,NULL,NULL,NULL),(11,'conocabel',NULL,0,2,50,189,2,1,5,5,NULL,'2016-01-27 18:34:44',NULL,NULL,NULL,NULL,NULL,NULL),(11,'almamyn',NULL,0,2,50,190,2,1,5,5,NULL,'2016-01-27 18:34:44',NULL,NULL,NULL,NULL,NULL,NULL),(11,'conoalma',NULL,0,2,50,191,2,1,5,5,NULL,'2016-01-27 18:34:44',NULL,NULL,NULL,NULL,NULL,NULL),(12,'Reeta',NULL,0,2,51,192,2,1,5,5,NULL,'2016-01-27 18:35:40',NULL,NULL,NULL,NULL,NULL,NULL),(12,'Mary',NULL,0,2,51,193,2,1,5,5,NULL,'2016-01-27 18:35:40',NULL,NULL,NULL,NULL,NULL,NULL),(12,'Bindu',NULL,0,2,51,194,2,1,5,5,NULL,'2016-01-27 18:35:40',NULL,NULL,NULL,NULL,NULL,NULL),(12,'Seema',NULL,1,2,51,195,2,1,5,5,NULL,'2016-01-27 18:35:40',NULL,NULL,NULL,NULL,NULL,NULL),(13,'Only conclusion (1) follows',NULL,0,2,52,196,2,1,5,5,NULL,'2016-01-27 18:37:09',NULL,NULL,NULL,NULL,NULL,NULL),(13,'Only conclusion (2) follows',NULL,0,2,52,197,2,1,5,5,NULL,'2016-01-27 18:37:09',NULL,NULL,NULL,NULL,NULL,NULL),(13,'Either (1) or (2) follows',NULL,0,2,52,198,2,1,5,5,NULL,'2016-01-27 18:37:09',NULL,NULL,NULL,NULL,NULL,NULL),(13,'Neither (1) nor (2) follows',NULL,1,2,52,199,2,1,5,5,NULL,'2016-01-27 18:37:09',NULL,NULL,NULL,NULL,NULL,NULL),(14,' ','/testengine/question_paper/QP_ 2/QPQ_ 53/options/200.png',0,2,53,200,2,2,5,5,NULL,'2016-01-27 18:43:41',NULL,NULL,NULL,NULL,NULL,NULL),(14,' ','/testengine/question_paper/QP_ 2/QPQ_ 53/options/201.png',0,2,53,201,2,2,5,5,NULL,'2016-01-27 18:43:41',NULL,NULL,NULL,NULL,NULL,NULL),(14,' ','/testengine/question_paper/QP_ 2/QPQ_ 53/options/202.png',1,2,53,202,2,2,5,5,NULL,'2016-01-27 18:43:41',NULL,NULL,NULL,NULL,NULL,NULL),(14,' ','/testengine/question_paper/QP_ 2/QPQ_ 53/options/203.png',0,2,53,203,2,2,5,5,NULL,'2016-01-27 18:43:41',NULL,NULL,NULL,NULL,NULL,NULL),(15,'Statement I is the cause and statement II is its effect.',NULL,0,2,54,204,2,1,5,5,NULL,'2016-01-27 18:45:27',NULL,NULL,NULL,NULL,NULL,NULL),(15,'Statement II is the cause and statement I is its effect.',NULL,1,2,54,205,2,1,5,5,NULL,'2016-01-27 18:45:27',NULL,NULL,NULL,NULL,NULL,NULL),(15,'Both the statements I and II are independent causes.',NULL,0,2,54,206,2,1,5,5,NULL,'2016-01-27 18:45:27',NULL,NULL,NULL,NULL,NULL,NULL),(15,'Both the statements I and II are effects of independent causes.',NULL,0,2,54,207,2,1,5,5,NULL,'2016-01-27 18:45:27',NULL,NULL,NULL,NULL,NULL,NULL),(16,' ','/testengine/question_paper/QP_ 2/QPQ_ 55/options/208.png',0,2,55,208,2,2,5,5,NULL,'2016-01-27 18:53:30',NULL,NULL,NULL,NULL,NULL,NULL),(16,' ','/testengine/question_paper/QP_ 2/QPQ_ 55/options/209.png',0,2,55,209,2,2,5,5,NULL,'2016-01-27 18:53:30',NULL,NULL,NULL,NULL,NULL,NULL),(16,' ','/testengine/question_paper/QP_ 2/QPQ_ 55/options/210.png',0,2,55,210,2,2,5,5,NULL,'2016-01-27 18:53:30',NULL,NULL,NULL,NULL,NULL,NULL),(16,' ','/testengine/question_paper/QP_ 2/QPQ_ 55/options/211.png',1,2,55,211,2,2,5,5,NULL,'2016-01-27 18:53:30',NULL,NULL,NULL,NULL,NULL,NULL),(1,'decision making is very difficult',NULL,0,1,56,212,2,1,1,8,NULL,'2016-01-28 10:26:23',NULL,NULL,NULL,NULL,NULL,NULL),(1,'decision making needs a great skill',NULL,0,1,56,213,2,1,1,8,NULL,'2016-01-28 10:26:23',NULL,NULL,NULL,NULL,NULL,NULL),(1,'decision making affects our present and future',NULL,1,1,56,214,2,1,1,8,NULL,'2016-01-28 10:26:23',NULL,NULL,NULL,NULL,NULL,NULL),(1,'decision making is very easy',NULL,0,1,56,215,2,1,1,8,NULL,'2016-01-28 10:26:23',NULL,NULL,NULL,NULL,NULL,NULL),(2,'decisions that we avoided taking',NULL,0,1,57,216,2,1,1,8,NULL,'2016-01-28 10:28:28',NULL,NULL,NULL,NULL,NULL,NULL),(2,'decisions that we took in the past',NULL,1,1,57,217,2,1,1,8,NULL,'2016-01-28 10:28:28',NULL,NULL,NULL,NULL,NULL,NULL),(2,'decisions that we will take in the future',NULL,0,1,57,218,2,1,1,8,NULL,'2016-01-28 10:28:28',NULL,NULL,NULL,NULL,NULL,NULL),(2,'decisions taken by others',NULL,0,1,57,219,2,1,1,8,NULL,'2016-01-28 10:28:28',NULL,NULL,NULL,NULL,NULL,NULL),(3,'leave everything to chance',NULL,0,1,58,220,2,1,1,8,NULL,'2016-01-28 10:29:58',NULL,NULL,NULL,NULL,NULL,NULL),(3,'leave everything to fate',NULL,0,1,58,221,2,1,1,8,NULL,'2016-01-28 10:29:58',NULL,NULL,NULL,NULL,NULL,NULL),(3,'gather as much information as possible',NULL,1,1,58,222,2,1,1,8,NULL,'2016-01-28 10:29:58',NULL,NULL,NULL,NULL,NULL,NULL),(3,'always reverse them later',NULL,0,1,58,223,2,1,1,8,NULL,'2016-01-28 10:29:58',NULL,NULL,NULL,NULL,NULL,NULL),(4,'gather enough information	                                       ',NULL,1,1,59,224,2,1,1,8,NULL,'2016-01-28 10:31:12',NULL,NULL,NULL,NULL,NULL,NULL),(4,'take sufficient time',NULL,0,1,59,225,2,1,1,8,NULL,'2016-01-28 10:31:12',NULL,NULL,NULL,NULL,NULL,NULL),(4,'listen to others',NULL,0,1,59,226,2,1,1,8,NULL,'2016-01-28 10:31:12',NULL,NULL,NULL,NULL,NULL,NULL),(4,'review our thoughts',NULL,0,1,59,227,2,1,1,8,NULL,'2016-01-28 10:31:12',NULL,NULL,NULL,NULL,NULL,NULL),(5,'if we gather information',NULL,0,1,60,228,2,1,1,8,NULL,'2016-01-28 10:32:05',NULL,NULL,NULL,NULL,NULL,NULL),(5,'if we decide soon',NULL,0,1,60,229,2,1,1,8,NULL,'2016-01-28 10:32:05',NULL,NULL,NULL,NULL,NULL,NULL),(5,'if we reverse our decisions',NULL,0,1,60,230,2,1,1,8,NULL,'2016-01-28 10:32:05',NULL,NULL,NULL,NULL,NULL,NULL),(5,'if we gather improper information',NULL,1,1,60,231,2,1,1,8,NULL,'2016-01-28 10:32:05',NULL,NULL,NULL,NULL,NULL,NULL),(1,'poor',NULL,0,1,61,232,2,1,2,9,NULL,'2016-01-28 10:33:52',NULL,NULL,NULL,NULL,NULL,NULL),(1,'sick',NULL,0,1,61,233,2,1,2,9,NULL,'2016-01-28 10:33:52',NULL,NULL,NULL,NULL,NULL,NULL),(1,'hardy',NULL,1,1,61,234,2,1,2,9,NULL,'2016-01-28 10:33:52',NULL,NULL,NULL,NULL,NULL,NULL),(1,'weak',NULL,0,1,61,235,2,1,2,9,NULL,'2016-01-28 10:33:52',NULL,NULL,NULL,NULL,NULL,NULL),(2,'dependent',NULL,0,1,62,236,2,1,2,9,NULL,'2016-01-28 10:34:38',NULL,NULL,NULL,NULL,NULL,NULL),(2,'independent',NULL,0,1,62,237,2,1,2,9,NULL,'2016-01-28 10:34:38',NULL,NULL,NULL,NULL,NULL,NULL),(2,'exposed',NULL,1,1,62,238,2,1,2,9,NULL,'2016-01-28 10:34:38',NULL,NULL,NULL,NULL,NULL,NULL),(2,'tired',NULL,0,1,62,239,2,1,2,9,NULL,'2016-01-28 10:34:38',NULL,NULL,NULL,NULL,NULL,NULL),(3,'heralds',NULL,1,1,63,240,2,1,2,9,NULL,'2016-01-28 10:36:04',NULL,NULL,NULL,NULL,NULL,NULL),(3,'herald',NULL,0,1,63,241,2,1,2,9,NULL,'2016-01-28 10:36:04',NULL,NULL,NULL,NULL,NULL,NULL),(3,'bring',NULL,0,1,63,242,2,1,2,9,NULL,'2016-01-28 10:36:04',NULL,NULL,NULL,NULL,NULL,NULL),(3,'brings',NULL,0,1,63,243,2,1,2,9,NULL,'2016-01-28 10:36:04',NULL,NULL,NULL,NULL,NULL,NULL),(4,'hangs',NULL,0,1,64,244,2,1,2,9,NULL,'2016-01-28 10:36:35',NULL,NULL,NULL,NULL,NULL,NULL),(4,'hand',NULL,0,1,64,245,2,1,2,9,NULL,'2016-01-28 10:36:35',NULL,NULL,NULL,NULL,NULL,NULL),(4,'goes',NULL,1,1,64,246,2,1,2,9,NULL,'2016-01-28 10:36:35',NULL,NULL,NULL,NULL,NULL,NULL),(4,'shines on',NULL,0,1,64,247,2,1,2,9,NULL,'2016-01-28 10:36:35',NULL,NULL,NULL,NULL,NULL,NULL),(5,'know',NULL,0,1,65,248,2,1,2,9,NULL,'2016-01-28 10:36:58',NULL,NULL,NULL,NULL,NULL,NULL),(5,'get',NULL,1,1,65,249,2,1,2,9,NULL,'2016-01-28 10:36:58',NULL,NULL,NULL,NULL,NULL,NULL),(5,'think',NULL,0,1,65,250,2,1,2,9,NULL,'2016-01-28 10:36:58',NULL,NULL,NULL,NULL,NULL,NULL),(5,'have',NULL,0,1,65,251,2,1,2,9,NULL,'2016-01-28 10:36:58',NULL,NULL,NULL,NULL,NULL,NULL),(1,'nevertheless',NULL,1,1,66,252,2,1,3,10,NULL,'2016-01-28 10:38:33',NULL,NULL,NULL,NULL,NULL,NULL),(1,'whereas',NULL,0,1,66,253,2,1,3,10,NULL,'2016-01-28 10:38:33',NULL,NULL,NULL,NULL,NULL,NULL),(1,'so',NULL,0,1,66,254,2,1,3,10,NULL,'2016-01-28 10:38:33',NULL,NULL,NULL,NULL,NULL,NULL),(1,'because',NULL,0,1,66,255,2,1,3,10,NULL,'2016-01-28 10:38:33',NULL,NULL,NULL,NULL,NULL,NULL),(2,'whereas',NULL,0,1,67,256,2,1,3,10,NULL,'2016-01-28 10:39:41',NULL,NULL,NULL,NULL,NULL,NULL),(2,'despite',NULL,0,1,67,257,2,1,3,10,NULL,'2016-01-28 10:39:41',NULL,NULL,NULL,NULL,NULL,NULL),(2,'although',NULL,0,1,67,258,2,1,3,10,NULL,'2016-01-28 10:39:41',NULL,NULL,NULL,NULL,NULL,NULL),(2,'else',NULL,1,1,67,259,2,1,3,10,NULL,'2016-01-28 10:39:41',NULL,NULL,NULL,NULL,NULL,NULL),(3,'else',NULL,0,1,68,260,2,1,3,10,NULL,'2016-01-28 10:40:25',NULL,NULL,NULL,NULL,NULL,NULL),(3,'as',NULL,0,1,68,261,2,1,3,10,NULL,'2016-01-28 10:40:25',NULL,NULL,NULL,NULL,NULL,NULL),(3,'because',NULL,0,1,68,262,2,1,3,10,NULL,'2016-01-28 10:40:25',NULL,NULL,NULL,NULL,NULL,NULL),(3,'so',NULL,1,1,68,263,2,1,3,10,NULL,'2016-01-28 10:40:25',NULL,NULL,NULL,NULL,NULL,NULL),(4,'because',NULL,0,1,69,264,2,1,3,10,NULL,'2016-01-28 10:41:59',NULL,NULL,NULL,NULL,NULL,NULL),(4,'therefore',NULL,1,1,69,265,2,1,3,10,NULL,'2016-01-28 10:41:59',NULL,NULL,NULL,NULL,NULL,NULL),(4,'until',NULL,0,1,69,266,2,1,3,10,NULL,'2016-01-28 10:41:59',NULL,NULL,NULL,NULL,NULL,NULL),(4,'but',NULL,0,1,69,267,2,1,3,10,NULL,'2016-01-28 10:41:59',NULL,NULL,NULL,NULL,NULL,NULL),(5,'but',NULL,0,1,70,268,2,1,3,10,NULL,'2016-01-28 10:44:42',NULL,NULL,NULL,NULL,NULL,NULL),(5,'so',NULL,0,1,70,269,2,1,3,10,NULL,'2016-01-28 10:44:42',NULL,NULL,NULL,NULL,NULL,NULL),(5,'though',NULL,0,1,70,270,2,1,3,10,NULL,'2016-01-28 10:44:42',NULL,NULL,NULL,NULL,NULL,NULL),(5,'if',NULL,1,1,70,271,2,1,3,10,NULL,'2016-01-28 10:44:42',NULL,NULL,NULL,NULL,NULL,NULL),(1,'report',NULL,0,1,71,272,2,1,4,11,NULL,'2016-01-28 10:45:55',NULL,NULL,NULL,NULL,NULL,NULL),(1,'will report',NULL,0,1,71,273,2,1,4,11,NULL,'2016-01-28 10:45:55',NULL,NULL,NULL,NULL,NULL,NULL),(1,'reported',NULL,1,1,71,274,2,1,4,11,NULL,'2016-01-28 10:45:55',NULL,NULL,NULL,NULL,NULL,NULL),(1,'have report',NULL,0,1,71,275,2,1,4,11,NULL,'2016-01-28 10:45:55',NULL,NULL,NULL,NULL,NULL,NULL),(2,'will be known',NULL,1,1,72,276,2,1,4,11,NULL,'2016-01-28 10:46:41',NULL,NULL,NULL,NULL,NULL,NULL),(2,'had known',NULL,0,1,72,277,2,1,4,11,NULL,'2016-01-28 10:46:41',NULL,NULL,NULL,NULL,NULL,NULL),(2,'could be knowing',NULL,0,1,72,278,2,1,4,11,NULL,'2016-01-28 10:46:41',NULL,NULL,NULL,NULL,NULL,NULL),(2,'do know',NULL,0,1,72,279,2,1,4,11,NULL,'2016-01-28 10:46:41',NULL,NULL,NULL,NULL,NULL,NULL),(3,'will practise',NULL,1,1,73,280,2,1,4,11,NULL,'2016-01-28 10:47:46',NULL,NULL,NULL,NULL,NULL,NULL),(3,'had practise',NULL,0,1,73,281,2,1,4,11,NULL,'2016-01-28 10:47:46',NULL,NULL,NULL,NULL,NULL,NULL),(3,'do practise',NULL,0,1,73,282,2,1,4,11,NULL,'2016-01-28 10:47:46',NULL,NULL,NULL,NULL,NULL,NULL),(3,'will do practise',NULL,0,1,73,283,2,1,4,11,NULL,'2016-01-28 10:47:47',NULL,NULL,NULL,NULL,NULL,NULL),(4,'will forget',NULL,0,1,74,284,2,1,4,11,NULL,'2016-01-28 10:48:56',NULL,NULL,NULL,NULL,NULL,NULL),(4,'will forgot',NULL,0,1,74,285,2,1,4,11,NULL,'2016-01-28 10:48:56',NULL,NULL,NULL,NULL,NULL,NULL),(4,'can forgot',NULL,0,1,74,286,2,1,4,11,NULL,'2016-01-28 10:48:56',NULL,NULL,NULL,NULL,NULL,NULL),(4,'had forgotten',NULL,1,1,74,287,2,1,4,11,NULL,'2016-01-28 10:48:56',NULL,NULL,NULL,NULL,NULL,NULL),(5,'wonder, enjoy',NULL,1,1,75,288,2,1,4,11,NULL,'2016-01-28 10:49:59',NULL,NULL,NULL,NULL,NULL,NULL),(5,'wondered, enjoyed',NULL,0,1,75,289,2,1,4,11,NULL,'2016-01-28 10:49:59',NULL,NULL,NULL,NULL,NULL,NULL),(5,'wonder, will enjoy',NULL,0,1,75,290,2,1,4,11,NULL,'2016-01-28 10:49:59',NULL,NULL,NULL,NULL,NULL,NULL),(5,'will wonder, enjoy',NULL,0,1,75,291,2,1,4,11,NULL,'2016-01-28 10:49:59',NULL,NULL,NULL,NULL,NULL,NULL),(1,'4,960',NULL,0,1,76,292,2,1,5,12,NULL,'2016-01-28 10:51:08',NULL,NULL,NULL,NULL,NULL,NULL),(1,'4,980',NULL,0,1,76,293,2,1,5,12,NULL,'2016-01-28 10:51:08',NULL,NULL,NULL,NULL,NULL,NULL),(1,'5,040',NULL,1,1,76,294,2,1,5,12,NULL,'2016-01-28 10:51:08',NULL,NULL,NULL,NULL,NULL,NULL),(1,'5,060',NULL,0,1,76,295,2,1,5,12,NULL,'2016-01-28 10:51:08',NULL,NULL,NULL,NULL,NULL,NULL),(3,'4',NULL,0,1,77,296,2,1,5,12,NULL,'2016-01-28 10:57:28',NULL,NULL,NULL,NULL,NULL,NULL),(3,'5',NULL,0,1,77,297,2,1,5,12,NULL,'2016-01-28 10:57:28',NULL,NULL,NULL,NULL,NULL,NULL),(3,'6',NULL,1,1,77,298,2,1,5,12,NULL,'2016-01-28 10:57:28',NULL,NULL,NULL,NULL,NULL,NULL),(3,'8',NULL,0,1,77,299,2,1,5,12,NULL,'2016-01-28 10:57:28',NULL,NULL,NULL,NULL,NULL,NULL),(4,'42',NULL,1,1,78,300,2,1,5,12,NULL,'2016-01-28 10:58:12',NULL,NULL,NULL,NULL,NULL,NULL),(4,'36',NULL,0,1,78,301,2,1,5,12,NULL,'2016-01-28 10:58:12',NULL,NULL,NULL,NULL,NULL,NULL),(4,'30',NULL,0,1,78,302,2,1,5,12,NULL,'2016-01-28 10:58:13',NULL,NULL,NULL,NULL,NULL,NULL),(4,'24',NULL,0,1,78,303,2,1,5,12,NULL,'2016-01-28 10:58:13',NULL,NULL,NULL,NULL,NULL,NULL),(5,'24 years',NULL,0,1,79,304,2,1,5,12,NULL,'2016-01-28 10:58:55',NULL,NULL,NULL,NULL,NULL,NULL),(5,'25 years',NULL,0,1,79,305,2,1,5,12,NULL,'2016-01-28 10:58:55',NULL,NULL,NULL,NULL,NULL,NULL),(5,'30 years',NULL,1,1,79,306,2,1,5,12,NULL,'2016-01-28 10:58:55',NULL,NULL,NULL,NULL,NULL,NULL),(5,'36 years',NULL,0,1,79,307,2,1,5,12,NULL,'2016-01-28 10:58:55',NULL,NULL,NULL,NULL,NULL,NULL),(6,'60 cm*cm',NULL,0,1,80,308,2,1,5,12,NULL,'2016-01-28 11:00:49',NULL,NULL,NULL,NULL,NULL,NULL),(6,'64 cm*cm',NULL,1,1,80,309,2,1,5,12,NULL,'2016-01-28 11:00:49',NULL,NULL,NULL,NULL,NULL,NULL),(6,'80 cm*cm',NULL,0,1,80,310,2,1,5,12,NULL,'2016-01-28 11:00:49',NULL,NULL,NULL,NULL,NULL,NULL),(6,'144 cm*cm',NULL,0,1,80,311,2,1,5,12,NULL,'2016-01-28 11:00:49',NULL,NULL,NULL,NULL,NULL,NULL),(7,'15 days',NULL,0,1,81,312,2,1,5,12,NULL,'2016-01-28 11:01:42',NULL,NULL,NULL,NULL,NULL,NULL),(7,'18 days',NULL,0,1,81,313,2,1,5,12,NULL,'2016-01-28 11:01:42',NULL,NULL,NULL,NULL,NULL,NULL),(7,'21 days',NULL,1,1,81,314,2,1,5,12,NULL,'2016-01-28 11:01:42',NULL,NULL,NULL,NULL,NULL,NULL),(7,'24 days',NULL,0,1,81,315,2,1,5,12,NULL,'2016-01-28 11:01:42',NULL,NULL,NULL,NULL,NULL,NULL),(8,'3',NULL,0,1,82,316,2,1,5,12,NULL,'2016-01-28 11:02:22',NULL,NULL,NULL,NULL,NULL,NULL),(8,'4',NULL,1,1,82,317,2,1,5,12,NULL,'2016-01-28 11:02:22',NULL,NULL,NULL,NULL,NULL,NULL),(8,'6',NULL,0,1,82,318,2,1,5,12,NULL,'2016-01-28 11:02:22',NULL,NULL,NULL,NULL,NULL,NULL),(8,'12',NULL,0,1,82,319,2,1,5,12,NULL,'2016-01-28 11:02:22',NULL,NULL,NULL,NULL,NULL,NULL),(9,'102 minutes',NULL,0,1,83,320,2,1,5,12,NULL,'2016-01-28 11:03:47',NULL,NULL,NULL,NULL,NULL,NULL),(9,'112 minutes',NULL,1,1,83,321,2,1,5,12,NULL,'2016-01-28 11:03:47',NULL,NULL,NULL,NULL,NULL,NULL),(9,'180 minutes',NULL,0,1,83,322,2,1,5,12,NULL,'2016-01-28 11:03:47',NULL,NULL,NULL,NULL,NULL,NULL),(9,'184 minutes',NULL,0,1,83,323,2,1,5,12,NULL,'2016-01-28 11:03:47',NULL,NULL,NULL,NULL,NULL,NULL),(10,'7',NULL,0,1,84,324,2,1,5,12,NULL,'2016-01-28 11:04:19',NULL,NULL,NULL,NULL,NULL,NULL),(10,'5',NULL,0,1,84,325,2,1,5,12,NULL,'2016-01-28 11:04:19',NULL,NULL,NULL,NULL,NULL,NULL),(10,'4',NULL,1,1,84,326,2,1,5,12,NULL,'2016-01-28 11:04:19',NULL,NULL,NULL,NULL,NULL,NULL),(10,'3',NULL,0,1,84,327,2,1,5,12,NULL,'2016-01-28 11:04:19',NULL,NULL,NULL,NULL,NULL,NULL),(11,'11',NULL,0,1,85,328,2,1,5,12,NULL,'2016-01-28 11:04:55',NULL,NULL,NULL,NULL,NULL,NULL),(11,'23',NULL,0,1,85,329,2,1,5,12,NULL,'2016-01-28 11:04:55',NULL,NULL,NULL,NULL,NULL,NULL),(11,'33',NULL,0,1,85,330,2,1,5,12,NULL,'2016-01-28 11:04:55',NULL,NULL,NULL,NULL,NULL,NULL),(11,'40',NULL,1,1,85,331,2,1,5,12,NULL,'2016-01-28 11:04:56',NULL,NULL,NULL,NULL,NULL,NULL),(12,'1.5',NULL,0,1,86,332,2,1,5,12,NULL,'2016-01-28 11:05:47',NULL,NULL,NULL,NULL,NULL,NULL),(12,'2.1',NULL,0,1,86,333,2,1,5,12,NULL,'2016-01-28 11:05:47',NULL,NULL,NULL,NULL,NULL,NULL),(12,'3.2',NULL,0,1,86,334,2,1,5,12,NULL,'2016-01-28 11:05:47',NULL,NULL,NULL,NULL,NULL,NULL),(12,'4.8',NULL,1,1,86,335,2,1,5,12,NULL,'2016-01-28 11:05:47',NULL,NULL,NULL,NULL,NULL,NULL),(13,'Rs. 6,000',NULL,0,1,87,336,2,1,5,12,NULL,'2016-01-28 11:07:00',NULL,NULL,NULL,NULL,NULL,NULL),(13,'Rs. 5,000',NULL,0,1,87,337,2,1,5,12,NULL,'2016-01-28 11:07:00',NULL,NULL,NULL,NULL,NULL,NULL),(13,'Rs. 4,000',NULL,1,1,87,338,2,1,5,12,NULL,'2016-01-28 11:07:00',NULL,NULL,NULL,NULL,NULL,NULL),(13,'Rs. 2,500',NULL,0,1,87,339,2,1,5,12,NULL,'2016-01-28 11:07:00',NULL,NULL,NULL,NULL,NULL,NULL),(14,'5 litres',NULL,0,1,88,340,2,1,5,12,NULL,'2016-01-28 11:07:53',NULL,NULL,NULL,NULL,NULL,NULL),(14,'6 litres',NULL,1,1,88,341,2,1,5,12,NULL,'2016-01-28 11:07:53',NULL,NULL,NULL,NULL,NULL,NULL),(14,'7.2 litres',NULL,0,1,88,342,2,1,5,12,NULL,'2016-01-28 11:07:53',NULL,NULL,NULL,NULL,NULL,NULL),(14,'11 litres',NULL,0,1,88,343,2,1,5,12,NULL,'2016-01-28 11:07:53',NULL,NULL,NULL,NULL,NULL,NULL),(15,'Rs. 1,800',NULL,0,1,89,344,2,1,5,12,NULL,'2016-01-28 11:09:01',NULL,NULL,NULL,NULL,NULL,NULL),(15,'Rs. 1,600',NULL,1,1,89,345,2,1,5,12,NULL,'2016-01-28 11:09:01',NULL,NULL,NULL,NULL,NULL,NULL),(15,'Rs. 400',NULL,0,1,89,346,2,1,5,12,NULL,'2016-01-28 11:09:01',NULL,NULL,NULL,NULL,NULL,NULL),(15,'Rs. 200',NULL,0,1,89,347,2,1,5,12,NULL,'2016-01-28 11:09:01',NULL,NULL,NULL,NULL,NULL,NULL),(16,'350',NULL,1,1,90,348,2,1,5,12,NULL,'2016-01-28 11:09:38',NULL,NULL,NULL,NULL,NULL,NULL),(16,'345',NULL,0,1,90,349,2,1,5,12,NULL,'2016-01-28 11:09:38',NULL,NULL,NULL,NULL,NULL,NULL),(16,'275',NULL,0,1,90,350,2,1,5,12,NULL,'2016-01-28 11:09:38',NULL,NULL,NULL,NULL,NULL,NULL),(16,'271',NULL,0,1,90,351,2,1,5,12,NULL,'2016-01-28 11:09:38',NULL,NULL,NULL,NULL,NULL,NULL),(17,'Rs. 633.60',NULL,0,1,91,352,2,1,5,12,NULL,'2016-01-28 11:10:37',NULL,NULL,NULL,NULL,NULL,NULL),(17,'Rs. 753.60',NULL,0,1,91,353,2,1,5,12,NULL,'2016-01-28 11:10:37',NULL,NULL,NULL,NULL,NULL,NULL),(17,'Rs. 1633.60',NULL,0,1,91,354,2,1,5,12,NULL,'2016-01-28 11:10:37',NULL,NULL,NULL,NULL,NULL,NULL),(17,'Rs. 1833.60',NULL,1,1,91,355,2,1,5,12,NULL,'2016-01-28 11:10:37',NULL,NULL,NULL,NULL,NULL,NULL),(18,'2.5 kg',NULL,0,1,92,356,2,1,5,12,NULL,'2016-01-28 11:11:17',NULL,NULL,NULL,NULL,NULL,NULL),(18,'3.5 kg',NULL,1,1,92,357,2,1,5,12,NULL,'2016-01-28 11:11:17',NULL,NULL,NULL,NULL,NULL,NULL),(18,'4 kg',NULL,0,1,92,358,2,1,5,12,NULL,'2016-01-28 11:11:17',NULL,NULL,NULL,NULL,NULL,NULL),(18,'4.5 kg',NULL,0,1,92,359,2,1,5,12,NULL,'2016-01-28 11:11:17',NULL,NULL,NULL,NULL,NULL,NULL),(19,'7/15',NULL,1,1,93,360,2,1,5,12,NULL,'2016-01-28 11:11:59',NULL,NULL,NULL,NULL,NULL,NULL),(19,'21/50',NULL,0,1,93,361,2,1,5,12,NULL,'2016-01-28 11:11:59',NULL,NULL,NULL,NULL,NULL,NULL),(19,'3/15',NULL,0,1,93,362,2,1,5,12,NULL,'2016-01-28 11:11:59',NULL,NULL,NULL,NULL,NULL,NULL),(19,'3/45',NULL,0,1,93,363,2,1,5,12,NULL,'2016-01-28 11:11:59',NULL,NULL,NULL,NULL,NULL,NULL),(20,'9/20',NULL,0,1,94,364,2,1,5,12,NULL,'2016-01-28 11:12:36',NULL,NULL,NULL,NULL,NULL,NULL),(20,'8/45',NULL,0,1,94,365,2,1,5,12,NULL,'2016-01-28 11:12:36',NULL,NULL,NULL,NULL,NULL,NULL),(20,'16/45',NULL,0,1,94,366,2,1,5,12,NULL,'2016-01-28 11:12:36',NULL,NULL,NULL,NULL,NULL,NULL),(20,'4/25',NULL,1,1,94,367,2,1,5,12,NULL,'2016-01-28 11:12:36',NULL,NULL,NULL,NULL,NULL,NULL),(1,'Son',NULL,0,1,95,368,2,1,6,13,NULL,'2016-01-28 11:13:44',NULL,NULL,NULL,NULL,NULL,NULL),(1,'Cousin',NULL,1,1,95,369,2,1,6,13,NULL,'2016-01-28 11:13:44',NULL,NULL,NULL,NULL,NULL,NULL),(1,'Uncle',NULL,0,1,95,370,2,1,6,13,NULL,'2016-01-28 11:13:44',NULL,NULL,NULL,NULL,NULL,NULL),(1,'Nephew',NULL,0,1,95,371,2,1,6,13,NULL,'2016-01-28 11:13:44',NULL,NULL,NULL,NULL,NULL,NULL),(2,'C and A',NULL,1,1,96,372,2,1,6,13,NULL,'2016-01-28 11:15:15',NULL,NULL,NULL,NULL,NULL,NULL),(2,'C and G',NULL,0,1,96,373,2,1,6,13,NULL,'2016-01-28 11:15:15',NULL,NULL,NULL,NULL,NULL,NULL),(2,'F and H',NULL,0,1,96,374,2,1,6,13,NULL,'2016-01-28 11:15:15',NULL,NULL,NULL,NULL,NULL,NULL),(2,'A and B',NULL,0,1,96,375,2,1,6,13,NULL,'2016-01-28 11:15:15',NULL,NULL,NULL,NULL,NULL,NULL),(3,'RUT',NULL,0,1,97,376,2,1,6,13,NULL,'2016-01-28 11:16:02',NULL,NULL,NULL,NULL,NULL,NULL),(3,'RTU',NULL,0,1,97,377,2,1,6,13,NULL,'2016-01-28 11:16:02',NULL,NULL,NULL,NULL,NULL,NULL),(3,'RUX',NULL,1,1,97,378,2,1,6,13,NULL,'2016-01-28 11:16:02',NULL,NULL,NULL,NULL,NULL,NULL),(3,'RSU',NULL,0,1,97,379,2,1,6,13,NULL,'2016-01-28 11:16:02',NULL,NULL,NULL,NULL,NULL,NULL),(4,'295',NULL,0,1,98,380,2,1,6,13,NULL,'2016-01-28 11:18:53',NULL,NULL,NULL,NULL,NULL,NULL),(4,'326',NULL,0,1,98,381,2,1,6,13,NULL,'2016-01-28 11:18:53',NULL,NULL,NULL,NULL,NULL,NULL),(4,'245',NULL,0,1,98,382,2,1,6,13,NULL,'2016-01-28 11:18:53',NULL,NULL,NULL,NULL,NULL,NULL),(4,'315',NULL,1,1,98,383,2,1,6,13,NULL,'2016-01-28 11:18:53',NULL,NULL,NULL,NULL,NULL,NULL),(5,'120',NULL,1,1,99,384,2,1,6,13,NULL,'2016-01-28 11:19:36',NULL,NULL,NULL,NULL,NULL,NULL),(5,'160',NULL,0,1,99,385,2,1,6,13,NULL,'2016-01-28 11:19:36',NULL,NULL,NULL,NULL,NULL,NULL),(5,'203',NULL,0,1,99,386,2,1,6,13,NULL,'2016-01-28 11:19:36',NULL,NULL,NULL,NULL,NULL,NULL),(5,'197',NULL,0,1,99,387,2,1,6,13,NULL,'2016-01-28 11:19:36',NULL,NULL,NULL,NULL,NULL,NULL),(6,'150',NULL,0,1,100,388,2,1,6,13,NULL,'2016-01-28 11:20:29',NULL,NULL,NULL,NULL,NULL,NULL),(6,'75',NULL,0,1,100,389,2,1,6,13,NULL,'2016-01-28 11:20:29',NULL,NULL,NULL,NULL,NULL,NULL),(6,'225',NULL,1,1,100,390,2,1,6,13,NULL,'2016-01-28 11:20:29',NULL,NULL,NULL,NULL,NULL,NULL),(6,'115',NULL,0,1,100,391,2,1,6,13,NULL,'2016-01-28 11:20:29',NULL,NULL,NULL,NULL,NULL,NULL),(7,'WYPDFEV',NULL,0,1,101,392,2,1,6,13,NULL,'2016-01-28 11:21:39',NULL,NULL,NULL,NULL,NULL,NULL),(7,'UZQOFIV',NULL,1,1,101,393,2,1,6,13,NULL,'2016-01-28 11:21:39',NULL,NULL,NULL,NULL,NULL,NULL),(7,'UYPDFIV',NULL,0,1,101,394,2,1,6,13,NULL,'2016-01-28 11:21:39',NULL,NULL,NULL,NULL,NULL,NULL),(7,'WZQOFEV',NULL,0,1,101,395,2,1,6,13,NULL,'2016-01-28 11:21:39',NULL,NULL,NULL,NULL,NULL,NULL),(8,'5 km North East	',NULL,0,1,102,396,2,1,6,13,NULL,'2016-01-28 11:22:50',NULL,NULL,NULL,NULL,NULL,NULL),(8,'7 km North	',NULL,0,1,102,397,2,1,6,13,NULL,'2016-01-28 11:22:50',NULL,NULL,NULL,NULL,NULL,NULL),(8,'5 km West',NULL,0,1,102,398,2,1,6,13,NULL,'2016-01-28 11:22:50',NULL,NULL,NULL,NULL,NULL,NULL),(8,'5 km North West',NULL,1,1,102,399,2,1,6,13,NULL,'2016-01-28 11:22:50',NULL,NULL,NULL,NULL,NULL,NULL),(9,'Rs 15,400',NULL,0,1,103,400,2,1,6,13,NULL,'2016-01-28 11:28:53',NULL,NULL,NULL,NULL,NULL,NULL),(9,'Rs 11,520',NULL,0,1,103,401,2,1,6,13,NULL,'2016-01-28 11:28:53',NULL,NULL,NULL,NULL,NULL,NULL),(9,'Rs 3,880',NULL,1,1,103,402,2,1,6,13,NULL,'2016-01-28 11:28:53',NULL,NULL,NULL,NULL,NULL,NULL),(9,'Rs 5,760',NULL,0,1,103,403,2,1,6,13,NULL,'2016-01-28 11:28:53',NULL,NULL,NULL,NULL,NULL,NULL),(10,'Anu',NULL,0,1,104,404,2,1,6,13,NULL,'2016-01-28 11:30:02',NULL,NULL,NULL,NULL,NULL,NULL),(10,'Beena',NULL,1,1,104,405,2,1,6,13,NULL,'2016-01-28 11:30:02',NULL,NULL,NULL,NULL,NULL,NULL),(10,'Charu',NULL,0,1,104,406,2,1,6,13,NULL,'2016-01-28 11:30:02',NULL,NULL,NULL,NULL,NULL,NULL),(10,'Daisy',NULL,0,1,104,407,2,1,6,13,NULL,'2016-01-28 11:30:02',NULL,NULL,NULL,NULL,NULL,NULL),(11,' ','/testengine/question_paper/QP_ 6/QPQ_ 105/options/408.png',1,1,105,408,2,2,6,13,NULL,'2016-01-28 11:33:42',NULL,NULL,NULL,NULL,NULL,NULL),(11,' ','/testengine/question_paper/QP_ 6/QPQ_ 105/options/409.png',0,1,105,409,2,2,6,13,NULL,'2016-01-28 11:33:42',NULL,NULL,NULL,NULL,NULL,NULL),(11,' ','/testengine/question_paper/QP_ 6/QPQ_ 105/options/410.png',0,1,105,410,2,2,6,13,NULL,'2016-01-28 11:33:42',NULL,NULL,NULL,NULL,NULL,NULL),(11,' ','/testengine/question_paper/QP_ 6/QPQ_ 105/options/411.png',0,1,105,411,2,2,6,13,NULL,'2016-01-28 11:33:42',NULL,NULL,NULL,NULL,NULL,NULL),(12,'4',NULL,0,1,106,412,2,1,6,13,NULL,'2016-01-28 11:38:29',NULL,NULL,NULL,NULL,NULL,NULL),(12,'6',NULL,1,1,106,413,2,1,6,13,NULL,'2016-01-28 11:38:29',NULL,NULL,NULL,NULL,NULL,NULL),(12,'7',NULL,0,1,106,414,2,1,6,13,NULL,'2016-01-28 11:38:29',NULL,NULL,NULL,NULL,NULL,NULL),(12,'9',NULL,0,1,106,415,2,1,6,13,NULL,'2016-01-28 11:38:29',NULL,NULL,NULL,NULL,NULL,NULL),(13,'Only I',NULL,0,1,107,416,2,1,6,13,NULL,'2016-01-28 11:40:08',NULL,NULL,NULL,NULL,NULL,NULL),(13,'Only I or Only II',NULL,0,1,107,417,2,1,6,13,NULL,'2016-01-28 11:40:08',NULL,NULL,NULL,NULL,NULL,NULL),(13,'Only II',NULL,0,1,107,418,2,1,6,13,NULL,'2016-01-28 11:40:08',NULL,NULL,NULL,NULL,NULL,NULL),(13,'I and II together or I and III together',NULL,1,1,107,419,2,1,6,13,NULL,'2016-01-28 11:40:08',NULL,NULL,NULL,NULL,NULL,NULL),(14,'Data in statement I alone is sufficient to answer the question.',NULL,0,1,108,420,2,1,6,13,NULL,'2016-01-28 11:41:49',NULL,NULL,NULL,NULL,NULL,NULL),(14,'Data in statement II alone is sufficient to answer the question.',NULL,0,1,108,421,2,1,6,13,NULL,'2016-01-28 11:41:49',NULL,NULL,NULL,NULL,NULL,NULL),(14,'Data in both the statements together are needed to answer the question.',NULL,1,1,108,422,2,1,6,13,NULL,'2016-01-28 11:41:49',NULL,NULL,NULL,NULL,NULL,NULL),(14,'Data either in I or II alone are sufficient to answer the question.',NULL,0,1,108,423,2,1,6,13,NULL,'2016-01-28 11:41:49',NULL,NULL,NULL,NULL,NULL,NULL),(15,'5',NULL,0,1,109,424,2,1,6,13,NULL,'2016-01-28 11:43:03',NULL,NULL,NULL,NULL,NULL,NULL),(15,'10',NULL,0,1,109,425,2,1,6,13,NULL,'2016-01-28 11:43:03',NULL,NULL,NULL,NULL,NULL,NULL),(15,'15',NULL,0,1,109,426,2,1,6,13,NULL,'2016-01-28 11:43:03',NULL,NULL,NULL,NULL,NULL,NULL),(15,'13',NULL,1,1,109,427,2,1,6,13,NULL,'2016-01-28 11:43:03',NULL,NULL,NULL,NULL,NULL,NULL),(16,'First',NULL,0,1,110,428,2,1,6,13,NULL,'2016-01-28 11:43:46',NULL,NULL,NULL,NULL,NULL,NULL),(16,'Second',NULL,1,1,110,429,2,1,6,13,NULL,'2016-01-28 11:43:46',NULL,NULL,NULL,NULL,NULL,NULL),(16,'Third',NULL,0,1,110,430,2,1,6,13,NULL,'2016-01-28 11:43:46',NULL,NULL,NULL,NULL,NULL,NULL),(16,'Fourth',NULL,0,1,110,431,2,1,6,13,NULL,'2016-01-28 11:43:47',NULL,NULL,NULL,NULL,NULL,NULL),(17,'2000 and 2001',NULL,0,1,111,432,2,1,6,13,NULL,'2016-01-28 11:45:24',NULL,NULL,NULL,NULL,NULL,NULL),(17,'2002 and 2003',NULL,0,1,111,433,2,1,6,13,NULL,'2016-01-28 11:45:24',NULL,NULL,NULL,NULL,NULL,NULL),(17,'2003 and 2004',NULL,1,1,111,434,2,1,6,13,NULL,'2016-01-28 11:45:24',NULL,NULL,NULL,NULL,NULL,NULL),(17,'2005 and 2006',NULL,0,1,111,435,2,1,6,13,NULL,'2016-01-28 11:45:24',NULL,NULL,NULL,NULL,NULL,NULL),(18,'Both A and R are true and R is the correct explanation of A.',NULL,0,1,112,436,2,1,6,13,NULL,'2016-01-28 11:46:37',NULL,NULL,NULL,NULL,NULL,NULL),(18,'Both A and R are true but R is NOT the correct explanation of A.',NULL,1,1,112,437,2,1,6,13,NULL,'2016-01-28 11:46:37',NULL,NULL,NULL,NULL,NULL,NULL),(18,'A is true but R is false.',NULL,0,1,112,438,2,1,6,13,NULL,'2016-01-28 11:46:37',NULL,NULL,NULL,NULL,NULL,NULL),(18,'Both A and R are false.',NULL,0,1,112,439,2,1,6,13,NULL,'2016-01-28 11:46:37',NULL,NULL,NULL,NULL,NULL,NULL),(19,'D and A are sitting opposite to each other.',NULL,0,1,113,440,2,1,6,13,NULL,'2016-01-28 11:47:33',NULL,NULL,NULL,NULL,NULL,NULL),(19,'C is third to the right of D.',NULL,0,1,113,441,2,1,6,13,NULL,'2016-01-28 11:47:33',NULL,NULL,NULL,NULL,NULL,NULL),(19,'E is sitting between F and D.',NULL,1,1,113,442,2,1,6,13,NULL,'2016-01-28 11:47:33',NULL,NULL,NULL,NULL,NULL,NULL),(19,'A is sitting between C and F',NULL,0,1,113,443,2,1,6,13,NULL,'2016-01-28 11:47:33',NULL,NULL,NULL,NULL,NULL,NULL),(20,'286',NULL,0,1,114,444,2,1,6,13,NULL,'2016-01-28 11:48:13',NULL,NULL,NULL,NULL,NULL,NULL),(20,'117',NULL,0,1,114,445,2,1,6,13,NULL,'2016-01-28 11:48:13',NULL,NULL,NULL,NULL,NULL,NULL),(20,'169',NULL,1,1,114,446,2,1,6,13,NULL,'2016-01-28 11:48:13',NULL,NULL,NULL,NULL,NULL,NULL),(20,'403',NULL,0,1,114,447,2,1,6,13,NULL,'2016-01-28 11:48:13',NULL,NULL,NULL,NULL,NULL,NULL),(2,'7/9',NULL,0,1,115,448,2,1,5,12,NULL,'2016-01-28 12:06:05',NULL,NULL,NULL,NULL,NULL,NULL),(2,'2/3',NULL,0,1,115,449,2,1,5,12,NULL,'2016-01-28 12:06:05',NULL,NULL,NULL,NULL,NULL,NULL),(2,'2/7',NULL,0,1,115,450,2,1,5,12,NULL,'2016-01-28 12:06:05',NULL,NULL,NULL,NULL,NULL,NULL),(2,'4/5',NULL,1,1,115,451,2,1,5,12,NULL,'2016-01-28 12:06:05',NULL,NULL,NULL,NULL,NULL,NULL),(1,'to grow fat',NULL,0,3,116,452,2,1,1,14,NULL,'2016-01-28 12:27:22',NULL,NULL,NULL,NULL,NULL,NULL),(1,'to be lifted',NULL,0,3,116,453,2,1,1,14,NULL,'2016-01-28 12:27:22',NULL,NULL,NULL,NULL,NULL,NULL),(1,'an increase in your salary',NULL,1,3,116,454,2,1,1,14,NULL,'2016-01-28 12:27:22',NULL,NULL,NULL,NULL,NULL,NULL),(1,'to do your job',NULL,0,3,116,455,2,1,1,14,NULL,'2016-01-28 12:27:22',NULL,NULL,NULL,NULL,NULL,NULL),(2,'most people are unemployed',NULL,0,3,117,456,2,1,1,14,NULL,'2016-01-28 12:28:27',NULL,NULL,NULL,NULL,NULL,NULL),(2,'there is over employment',NULL,0,3,117,457,2,1,1,14,NULL,'2016-01-28 12:28:27',NULL,NULL,NULL,NULL,NULL,NULL),(2,'of the uncertain financial condition',NULL,1,3,117,458,2,1,1,14,NULL,'2016-01-28 12:28:27',NULL,NULL,NULL,NULL,NULL,NULL),(2,'people are not willing to work',NULL,0,3,117,459,2,1,1,14,NULL,'2016-01-28 12:28:27',NULL,NULL,NULL,NULL,NULL,NULL),(3,'a break in the work',NULL,0,3,118,460,2,1,1,14,NULL,'2016-01-28 12:29:11',NULL,NULL,NULL,NULL,NULL,NULL),(3,'an increase in the work',NULL,0,3,118,461,2,1,1,14,NULL,'2016-01-28 12:29:11',NULL,NULL,NULL,NULL,NULL,NULL),(3,'a division of the workload',NULL,1,3,118,462,2,1,1,14,NULL,'2016-01-28 12:29:11',NULL,NULL,NULL,NULL,NULL,NULL),(3,'losing your job',NULL,0,3,118,463,2,1,1,14,NULL,'2016-01-28 12:29:11',NULL,NULL,NULL,NULL,NULL,NULL),(4,'filling in a monthly record form',NULL,0,3,119,464,2,1,1,14,NULL,'2016-01-28 12:30:12',NULL,NULL,NULL,NULL,NULL,NULL),(4,'questioning yourself about your extra effort	',NULL,0,3,119,465,2,1,1,14,NULL,'2016-01-28 12:30:12',NULL,NULL,NULL,NULL,NULL,NULL),(4,'asking your boss for a feedback',NULL,0,3,119,466,2,1,1,14,NULL,'2016-01-28 12:30:12',NULL,NULL,NULL,NULL,NULL,NULL),(4,'asking others about your efficiency',NULL,1,3,119,467,2,1,1,14,NULL,'2016-01-28 12:30:12',NULL,NULL,NULL,NULL,NULL,NULL),(5,'your employer',NULL,0,3,120,468,2,1,1,14,NULL,'2016-01-28 12:31:06',NULL,NULL,NULL,NULL,NULL,NULL),(5,'your friends',NULL,1,3,120,469,2,1,1,14,NULL,'2016-01-28 12:31:06',NULL,NULL,NULL,NULL,NULL,NULL),(5,'your colleagues ',NULL,0,3,120,470,2,1,1,14,NULL,'2016-01-28 12:31:06',NULL,NULL,NULL,NULL,NULL,NULL),(5,'your subordinates',NULL,0,3,120,471,2,1,1,14,NULL,'2016-01-28 12:31:06',NULL,NULL,NULL,NULL,NULL,NULL),(1,'celebrate',NULL,0,3,121,472,2,1,2,15,NULL,'2016-01-28 12:32:01',NULL,NULL,NULL,NULL,NULL,NULL),(1,'open',NULL,1,3,121,473,2,1,2,15,NULL,'2016-01-28 12:32:01',NULL,NULL,NULL,NULL,NULL,NULL),(1,'wind up',NULL,0,3,121,474,2,1,2,15,NULL,'2016-01-28 12:32:01',NULL,NULL,NULL,NULL,NULL,NULL),(1,'run',NULL,0,3,121,475,2,1,2,15,NULL,'2016-01-28 12:32:01',NULL,NULL,NULL,NULL,NULL,NULL),(2,'went up',NULL,0,3,122,476,2,1,2,15,NULL,'2016-01-28 12:32:46',NULL,NULL,NULL,NULL,NULL,NULL),(2,'gave up',NULL,0,3,122,477,2,1,2,15,NULL,'2016-01-28 12:32:46',NULL,NULL,NULL,NULL,NULL,NULL),(2,'took up',NULL,1,3,122,478,2,1,2,15,NULL,'2016-01-28 12:32:46',NULL,NULL,NULL,NULL,NULL,NULL),(2,'retired',NULL,0,3,122,479,2,1,2,15,NULL,'2016-01-28 12:32:46',NULL,NULL,NULL,NULL,NULL,NULL),(3,'way',NULL,0,3,123,480,2,1,2,15,NULL,'2016-01-28 12:35:15',NULL,NULL,NULL,NULL,NULL,NULL),(3,'path',NULL,0,3,123,481,2,1,2,15,NULL,'2016-01-28 12:35:15',NULL,NULL,NULL,NULL,NULL,NULL),(3,'means',NULL,0,3,123,482,2,1,2,15,NULL,'2016-01-28 12:35:16',NULL,NULL,NULL,NULL,NULL,NULL),(3,'lot',NULL,1,3,123,483,2,1,2,15,NULL,'2016-01-28 12:35:16',NULL,NULL,NULL,NULL,NULL,NULL),(4,'decreasing',NULL,0,3,124,484,2,1,2,15,NULL,'2016-01-28 12:37:38',NULL,NULL,NULL,NULL,NULL,NULL),(4,'increasing',NULL,0,3,124,485,2,1,2,15,NULL,'2016-01-28 12:37:38',NULL,NULL,NULL,NULL,NULL,NULL),(4,'giving',NULL,1,3,124,486,2,1,2,15,NULL,'2016-01-28 12:37:38',NULL,NULL,NULL,NULL,NULL,NULL),(4,'improving',NULL,0,3,124,487,2,1,2,15,NULL,'2016-01-28 12:37:38',NULL,NULL,NULL,NULL,NULL,NULL),(5,'paying',NULL,1,3,125,488,2,1,2,15,NULL,'2016-01-28 12:38:01',NULL,NULL,NULL,NULL,NULL,NULL),(5,'taking',NULL,0,3,125,489,2,1,2,15,NULL,'2016-01-28 12:38:01',NULL,NULL,NULL,NULL,NULL,NULL),(5,'giving',NULL,0,3,125,490,2,1,2,15,NULL,'2016-01-28 12:38:02',NULL,NULL,NULL,NULL,NULL,NULL),(5,'going',NULL,0,3,125,491,2,1,2,15,NULL,'2016-01-28 12:38:02',NULL,NULL,NULL,NULL,NULL,NULL),(1,'will be knowing',NULL,1,3,126,492,2,1,3,16,NULL,'2016-01-28 12:39:20',NULL,NULL,NULL,NULL,NULL,NULL),(1,'will know',NULL,0,3,126,493,2,1,3,16,NULL,'2016-01-28 12:39:20',NULL,NULL,NULL,NULL,NULL,NULL),(1,'will known',NULL,0,3,126,494,2,1,3,16,NULL,'2016-01-28 12:39:20',NULL,NULL,NULL,NULL,NULL,NULL),(1,'will be known',NULL,0,3,126,495,2,1,3,16,NULL,'2016-01-28 12:39:20',NULL,NULL,NULL,NULL,NULL,NULL),(2,'cheer',NULL,0,3,127,496,2,1,3,16,NULL,'2016-01-28 12:40:52',NULL,NULL,NULL,NULL,NULL,NULL),(2,'will cheer',NULL,0,3,127,497,2,1,3,16,NULL,'2016-01-28 12:40:52',NULL,NULL,NULL,NULL,NULL,NULL),(2,'cheered',NULL,0,3,127,498,2,1,3,16,NULL,'2016-01-28 12:40:52',NULL,NULL,NULL,NULL,NULL,NULL),(2,'will be cheering',NULL,1,3,127,499,2,1,3,16,NULL,'2016-01-28 12:40:52',NULL,NULL,NULL,NULL,NULL,NULL),(3,'be inaugurated	',NULL,1,3,128,500,2,1,3,16,NULL,'2016-01-28 12:41:47',NULL,NULL,NULL,NULL,NULL,NULL),(3,'has inaugurated ',NULL,0,3,128,501,2,1,3,16,NULL,'2016-01-28 12:41:47',NULL,NULL,NULL,NULL,NULL,NULL),(3,'will inaugurate ',NULL,0,3,128,502,2,1,3,16,NULL,'2016-01-28 12:41:47',NULL,NULL,NULL,NULL,NULL,NULL),(3,'was inaugurated',NULL,0,3,128,503,2,1,3,16,NULL,'2016-01-28 12:41:47',NULL,NULL,NULL,NULL,NULL,NULL),(4,'is sleeping	',NULL,0,3,129,504,2,1,3,16,NULL,'2016-01-28 12:42:27',NULL,NULL,NULL,NULL,NULL,NULL),(4,'was sleep',NULL,0,3,129,505,2,1,3,16,NULL,'2016-01-28 12:42:27',NULL,NULL,NULL,NULL,NULL,NULL),(4,'has slept',NULL,1,3,129,506,2,1,3,16,NULL,'2016-01-28 12:42:27',NULL,NULL,NULL,NULL,NULL,NULL),(4,'had slept',NULL,0,3,129,507,2,1,3,16,NULL,'2016-01-28 12:42:27',NULL,NULL,NULL,NULL,NULL,NULL),(5,'be run out',NULL,0,3,130,508,2,1,3,16,NULL,'2016-01-28 12:43:14',NULL,NULL,NULL,NULL,NULL,NULL),(5,'has run out ',NULL,1,3,130,509,2,1,3,16,NULL,'2016-01-28 12:43:14',NULL,NULL,NULL,NULL,NULL,NULL),(5,'run out',NULL,0,3,130,510,2,1,3,16,NULL,'2016-01-28 12:43:14',NULL,NULL,NULL,NULL,NULL,NULL),(5,'does run out',NULL,0,3,130,511,2,1,3,16,NULL,'2016-01-28 12:43:14',NULL,NULL,NULL,NULL,NULL,NULL),(1,'although  ',NULL,1,3,131,512,2,1,4,17,NULL,'2016-01-28 12:44:03',NULL,NULL,NULL,NULL,NULL,NULL),(1,'until  ',NULL,0,3,131,513,2,1,4,17,NULL,'2016-01-28 12:44:03',NULL,NULL,NULL,NULL,NULL,NULL),(1,'unless  ',NULL,0,3,131,514,2,1,4,17,NULL,'2016-01-28 12:44:03',NULL,NULL,NULL,NULL,NULL,NULL),(1,'nevertheless',NULL,0,3,131,515,2,1,4,17,NULL,'2016-01-28 12:44:03',NULL,NULL,NULL,NULL,NULL,NULL),(2,'until     ',NULL,0,3,132,516,2,1,4,17,NULL,'2016-01-28 12:44:37',NULL,NULL,NULL,NULL,NULL,NULL),(2,'so',NULL,0,3,132,517,2,1,4,17,NULL,'2016-01-28 12:44:37',NULL,NULL,NULL,NULL,NULL,NULL),(2,'but',NULL,0,3,132,518,2,1,4,17,NULL,'2016-01-28 12:44:37',NULL,NULL,NULL,NULL,NULL,NULL),(2,'unless',NULL,1,3,132,519,2,1,4,17,NULL,'2016-01-28 12:44:37',NULL,NULL,NULL,NULL,NULL,NULL),(3,'but',NULL,0,3,133,520,2,1,4,17,NULL,'2016-01-28 12:45:16',NULL,NULL,NULL,NULL,NULL,NULL),(3,'because',NULL,0,3,133,521,2,1,4,17,NULL,'2016-01-28 12:45:16',NULL,NULL,NULL,NULL,NULL,NULL),(3,'yet',NULL,1,3,133,522,2,1,4,17,NULL,'2016-01-28 12:45:16',NULL,NULL,NULL,NULL,NULL,NULL),(3,'therefore',NULL,0,3,133,523,2,1,4,17,NULL,'2016-01-28 12:45:16',NULL,NULL,NULL,NULL,NULL,NULL),(4,'moreover  ',NULL,0,3,134,524,2,1,4,17,NULL,'2016-01-28 12:46:03',NULL,NULL,NULL,NULL,NULL,NULL),(4,'because  ',NULL,1,3,134,525,2,1,4,17,NULL,'2016-01-28 12:46:03',NULL,NULL,NULL,NULL,NULL,NULL),(4,'so',NULL,0,3,134,526,2,1,4,17,NULL,'2016-01-28 12:46:03',NULL,NULL,NULL,NULL,NULL,NULL),(4,'therefore',NULL,0,3,134,527,2,1,4,17,NULL,'2016-01-28 12:46:03',NULL,NULL,NULL,NULL,NULL,NULL),(5,'hence',NULL,0,3,135,528,2,1,4,17,NULL,'2016-01-28 12:46:54',NULL,NULL,NULL,NULL,NULL,NULL),(5,'and',NULL,0,3,135,529,2,1,4,17,NULL,'2016-01-28 12:46:54',NULL,NULL,NULL,NULL,NULL,NULL),(5,'so',NULL,0,3,135,530,2,1,4,17,NULL,'2016-01-28 12:46:54',NULL,NULL,NULL,NULL,NULL,NULL),(5,'but',NULL,1,3,135,531,2,1,4,17,NULL,'2016-01-28 12:46:54',NULL,NULL,NULL,NULL,NULL,NULL),(1,'9855',NULL,0,3,136,532,2,1,5,18,NULL,'2016-01-28 12:48:49',NULL,NULL,NULL,NULL,NULL,NULL),(1,'9856',NULL,0,3,136,533,2,1,5,18,NULL,'2016-01-28 12:48:49',NULL,NULL,NULL,NULL,NULL,NULL),(1,'9936',NULL,1,3,136,534,2,1,5,18,NULL,'2016-01-28 12:48:49',NULL,NULL,NULL,NULL,NULL,NULL),(1,'9937',NULL,0,3,136,535,2,1,5,18,NULL,'2016-01-28 12:48:49',NULL,NULL,NULL,NULL,NULL,NULL),(3,'9, 27',NULL,0,3,137,536,2,1,5,18,NULL,'2016-01-28 12:52:51',NULL,NULL,NULL,NULL,NULL,NULL),(3,'8, 28',NULL,1,3,137,537,2,1,5,18,NULL,'2016-01-28 12:52:51',NULL,NULL,NULL,NULL,NULL,NULL),(3,'6, 30',NULL,0,3,137,538,2,1,5,18,NULL,'2016-01-28 12:52:51',NULL,NULL,NULL,NULL,NULL,NULL),(3,'4, 32',NULL,0,3,137,539,2,1,5,18,NULL,'2016-01-28 12:52:51',NULL,NULL,NULL,NULL,NULL,NULL),(4,'10 years',NULL,0,3,138,540,2,1,5,18,NULL,'2016-01-28 12:53:33',NULL,NULL,NULL,NULL,NULL,NULL),(4,'20 years',NULL,1,3,138,541,2,1,5,18,NULL,'2016-01-28 12:53:33',NULL,NULL,NULL,NULL,NULL,NULL),(4,'30 years',NULL,0,3,138,542,2,1,5,18,NULL,'2016-01-28 12:53:33',NULL,NULL,NULL,NULL,NULL,NULL),(4,'40 years',NULL,0,3,138,543,2,1,5,18,NULL,'2016-01-28 12:53:33',NULL,NULL,NULL,NULL,NULL,NULL),(5,'9 cm',NULL,0,3,139,544,2,1,5,18,NULL,'2016-01-28 12:55:26',NULL,NULL,NULL,NULL,NULL,NULL),(5,'15 cm',NULL,1,3,139,545,2,1,5,18,NULL,'2016-01-28 12:55:26',NULL,NULL,NULL,NULL,NULL,NULL),(5,'18 cm',NULL,0,3,139,546,2,1,5,18,NULL,'2016-01-28 12:55:26',NULL,NULL,NULL,NULL,NULL,NULL),(5,'30 cm',NULL,0,3,139,547,2,1,5,18,NULL,'2016-01-28 12:55:26',NULL,NULL,NULL,NULL,NULL,NULL),(6,'8 m',NULL,0,3,140,548,2,1,5,18,NULL,'2016-01-28 12:57:55',NULL,NULL,NULL,NULL,NULL,NULL),(6,'16 m',NULL,1,3,140,549,2,1,5,18,NULL,'2016-01-28 12:57:55',NULL,NULL,NULL,NULL,NULL,NULL),(6,'18 m',NULL,0,3,140,550,2,1,5,18,NULL,'2016-01-28 12:57:55',NULL,NULL,NULL,NULL,NULL,NULL),(6,'24 m',NULL,0,3,140,551,2,1,5,18,NULL,'2016-01-28 12:57:55',NULL,NULL,NULL,NULL,NULL,NULL),(7,'75',NULL,0,3,141,552,2,1,5,18,NULL,'2016-01-28 12:58:43',NULL,NULL,NULL,NULL,NULL,NULL),(7,'80',NULL,1,3,141,553,2,1,5,18,NULL,'2016-01-28 12:58:43',NULL,NULL,NULL,NULL,NULL,NULL),(7,'85',NULL,0,3,141,554,2,1,5,18,NULL,'2016-01-28 12:58:43',NULL,NULL,NULL,NULL,NULL,NULL),(7,'150',NULL,0,3,141,555,2,1,5,18,NULL,'2016-01-28 12:58:43',NULL,NULL,NULL,NULL,NULL,NULL),(8,'12',NULL,1,3,142,556,2,1,5,18,NULL,'2016-01-28 12:59:14',NULL,NULL,NULL,NULL,NULL,NULL),(8,'25',NULL,0,3,142,557,2,1,5,18,NULL,'2016-01-28 12:59:14',NULL,NULL,NULL,NULL,NULL,NULL),(8,'40',NULL,0,3,142,558,2,1,5,18,NULL,'2016-01-28 12:59:14',NULL,NULL,NULL,NULL,NULL,NULL),(8,'60',NULL,0,3,142,559,2,1,5,18,NULL,'2016-01-28 12:59:14',NULL,NULL,NULL,NULL,NULL,NULL),(9,'75',NULL,1,3,143,560,2,1,5,18,NULL,'2016-01-28 12:59:52',NULL,NULL,NULL,NULL,NULL,NULL),(9,'100',NULL,0,3,143,561,2,1,5,18,NULL,'2016-01-28 12:59:52',NULL,NULL,NULL,NULL,NULL,NULL),(9,'115',NULL,0,3,143,562,2,1,5,18,NULL,'2016-01-28 12:59:52',NULL,NULL,NULL,NULL,NULL,NULL),(9,'125',NULL,0,3,143,563,2,1,5,18,NULL,'2016-01-28 12:59:52',NULL,NULL,NULL,NULL,NULL,NULL),(10,'50 km/hr',NULL,0,3,144,564,2,1,5,18,NULL,'2016-01-28 13:01:24',NULL,NULL,NULL,NULL,NULL,NULL),(10,'60 km/hr',NULL,0,3,144,565,2,1,5,18,NULL,'2016-01-28 13:01:24',NULL,NULL,NULL,NULL,NULL,NULL),(10,'70 km/hr',NULL,1,3,144,566,2,1,5,18,NULL,'2016-01-28 13:01:24',NULL,NULL,NULL,NULL,NULL,NULL),(10,'80 km/hr',NULL,0,3,144,567,2,1,5,18,NULL,'2016-01-28 13:01:24',NULL,NULL,NULL,NULL,NULL,NULL),(11,'20 km',NULL,0,3,145,568,2,1,5,18,NULL,'2016-01-28 13:02:07',NULL,NULL,NULL,NULL,NULL,NULL),(11,'30 km',NULL,0,3,145,569,2,1,5,18,NULL,'2016-01-28 13:02:07',NULL,NULL,NULL,NULL,NULL,NULL),(11,'40 km',NULL,1,3,145,570,2,1,5,18,NULL,'2016-01-28 13:02:07',NULL,NULL,NULL,NULL,NULL,NULL),(11,'60 km',NULL,0,3,145,571,2,1,5,18,NULL,'2016-01-28 13:02:07',NULL,NULL,NULL,NULL,NULL,NULL),(12,'162',NULL,0,3,146,572,2,1,5,18,NULL,'2016-01-28 13:03:04',NULL,NULL,NULL,NULL,NULL,NULL),(12,'108',NULL,0,3,146,573,2,1,5,18,NULL,'2016-01-28 13:03:04',NULL,NULL,NULL,NULL,NULL,NULL),(12,'72',NULL,0,3,146,574,2,1,5,18,NULL,'2016-01-28 13:03:04',NULL,NULL,NULL,NULL,NULL,NULL),(12,'54',NULL,1,3,146,575,2,1,5,18,NULL,'2016-01-28 13:03:04',NULL,NULL,NULL,NULL,NULL,NULL),(13,'20 m',NULL,1,3,147,576,2,1,5,18,NULL,'2016-01-28 13:03:38',NULL,NULL,NULL,NULL,NULL,NULL),(13,'45 m',NULL,0,3,147,577,2,1,5,18,NULL,'2016-01-28 13:03:38',NULL,NULL,NULL,NULL,NULL,NULL),(13,'55 m',NULL,0,3,147,578,2,1,5,18,NULL,'2016-01-28 13:03:38',NULL,NULL,NULL,NULL,NULL,NULL),(13,'82.5 m',NULL,0,3,147,579,2,1,5,18,NULL,'2016-01-28 13:03:38',NULL,NULL,NULL,NULL,NULL,NULL),(14,'Rs. 11,875',NULL,0,3,148,580,2,1,5,18,NULL,'2016-01-28 13:04:49',NULL,NULL,NULL,NULL,NULL,NULL),(14,'Rs. 12,500',NULL,1,3,148,581,2,1,5,18,NULL,'2016-01-28 13:04:49',NULL,NULL,NULL,NULL,NULL,NULL),(14,'Rs. 17,812.50',NULL,0,3,148,582,2,1,5,18,NULL,'2016-01-28 13:04:49',NULL,NULL,NULL,NULL,NULL,NULL),(14,'Rs. 18,750',NULL,0,3,148,583,2,1,5,18,NULL,'2016-01-28 13:04:49',NULL,NULL,NULL,NULL,NULL,NULL),(15,'8%',NULL,1,3,149,584,2,1,5,18,NULL,'2016-01-28 13:05:53',NULL,NULL,NULL,NULL,NULL,NULL),(15,'9%',NULL,0,3,149,585,2,1,5,18,NULL,'2016-01-28 13:05:53',NULL,NULL,NULL,NULL,NULL,NULL),(15,'10%',NULL,0,3,149,586,2,1,5,18,NULL,'2016-01-28 13:05:53',NULL,NULL,NULL,NULL,NULL,NULL),(15,'20%',NULL,0,3,149,587,2,1,5,18,NULL,'2016-01-28 13:05:53',NULL,NULL,NULL,NULL,NULL,NULL),(16,'33.33%',NULL,0,3,150,588,2,1,5,18,NULL,'2016-01-28 13:07:10',NULL,NULL,NULL,NULL,NULL,NULL),(16,'25%',NULL,0,3,150,589,2,1,5,18,NULL,'2016-01-28 13:07:10',NULL,NULL,NULL,NULL,NULL,NULL),(16,'20%',NULL,1,3,150,590,2,1,5,18,NULL,'2016-01-28 13:07:10',NULL,NULL,NULL,NULL,NULL,NULL),(16,'16.67%',NULL,0,3,150,591,2,1,5,18,NULL,'2016-01-28 13:07:10',NULL,NULL,NULL,NULL,NULL,NULL),(17,'Rs. 3,456',NULL,0,3,151,592,2,1,5,18,NULL,'2016-01-28 13:08:23',NULL,NULL,NULL,NULL,NULL,NULL),(17,'Rs. 3,712',NULL,0,3,151,593,2,1,5,18,NULL,'2016-01-28 13:08:23',NULL,NULL,NULL,NULL,NULL,NULL),(17,'Rs. 3,732.48',NULL,1,3,151,594,2,1,5,18,NULL,'2016-01-28 13:08:23',NULL,NULL,NULL,NULL,NULL,NULL),(17,'Rs. 4031.10',NULL,0,3,151,595,2,1,5,18,NULL,'2016-01-28 13:08:23',NULL,NULL,NULL,NULL,NULL,NULL),(18,'38C',NULL,0,3,152,596,2,1,5,18,NULL,'2016-01-28 13:10:54',NULL,NULL,NULL,NULL,NULL,NULL),(18,'40C',NULL,0,3,152,597,2,1,5,18,NULL,'2016-01-28 13:10:54',NULL,NULL,NULL,NULL,NULL,NULL),(18,'41C',NULL,1,3,152,598,2,1,5,18,NULL,'2016-01-28 13:10:54',NULL,NULL,NULL,NULL,NULL,NULL),(18,'44C',NULL,0,3,152,599,2,1,5,18,NULL,'2016-01-28 13:10:54',NULL,NULL,NULL,NULL,NULL,NULL),(19,'Rs. 45.20',NULL,0,3,153,600,2,1,5,18,NULL,'2016-01-28 13:12:32',NULL,NULL,NULL,NULL,NULL,NULL),(19,'Rs. 540',NULL,0,3,153,601,2,1,5,18,NULL,'2016-01-28 13:12:32',NULL,NULL,NULL,NULL,NULL,NULL),(19,'Rs. 542.40',NULL,0,3,153,602,2,1,5,18,NULL,'2016-01-28 13:12:32',NULL,NULL,NULL,NULL,NULL,NULL),(19,'Rs. 1080',NULL,1,3,153,603,2,1,5,18,NULL,'2016-01-28 13:12:32',NULL,NULL,NULL,NULL,NULL,NULL),(20,'1/63',NULL,0,3,154,604,2,1,5,18,NULL,'2016-01-28 13:13:21',NULL,NULL,NULL,NULL,NULL,NULL),(20,'14/23',NULL,0,3,154,605,2,1,5,18,NULL,'2016-01-28 13:13:21',NULL,NULL,NULL,NULL,NULL,NULL),(20,'7/16',NULL,1,3,154,606,2,1,5,18,NULL,'2016-01-28 13:13:21',NULL,NULL,NULL,NULL,NULL,NULL),(20,'10/13',NULL,0,3,154,607,2,1,5,18,NULL,'2016-01-28 13:13:21',NULL,NULL,NULL,NULL,NULL,NULL),(1,'Father ',NULL,0,3,155,608,2,1,6,19,NULL,'2016-01-28 14:28:08',NULL,NULL,NULL,NULL,NULL,NULL),(1,'Grandfather	',NULL,1,3,155,609,2,1,6,19,NULL,'2016-01-28 14:28:08',NULL,NULL,NULL,NULL,NULL,NULL),(1,'Uncle ',NULL,0,3,155,610,2,1,6,19,NULL,'2016-01-28 14:28:08',NULL,NULL,NULL,NULL,NULL,NULL),(1,'Brother-in-law',NULL,0,3,155,611,2,1,6,19,NULL,'2016-01-28 14:28:08',NULL,NULL,NULL,NULL,NULL,NULL),(2,'One',NULL,0,3,156,612,2,1,6,19,NULL,'2016-01-28 14:29:23',NULL,NULL,NULL,NULL,NULL,NULL),(2,'Two',NULL,0,3,156,613,2,1,6,19,NULL,'2016-01-28 14:29:23',NULL,NULL,NULL,NULL,NULL,NULL),(2,'Three',NULL,1,3,156,614,2,1,6,19,NULL,'2016-01-28 14:29:23',NULL,NULL,NULL,NULL,NULL,NULL),(2,'Four',NULL,0,3,156,615,2,1,6,19,NULL,'2016-01-28 14:29:23',NULL,NULL,NULL,NULL,NULL,NULL),(3,'219FW',NULL,1,3,157,616,2,1,6,19,NULL,'2016-01-28 14:30:52',NULL,NULL,NULL,NULL,NULL,NULL),(3,'195FU',NULL,0,3,157,617,2,1,6,19,NULL,'2016-01-28 14:30:52',NULL,NULL,NULL,NULL,NULL,NULL),(3,'220FU',NULL,0,3,157,618,2,1,6,19,NULL,'2016-01-28 14:30:52',NULL,NULL,NULL,NULL,NULL,NULL),(3,'199FW',NULL,0,3,157,619,2,1,6,19,NULL,'2016-01-28 14:30:52',NULL,NULL,NULL,NULL,NULL,NULL),(4,'Mathematics	',NULL,0,3,158,620,2,1,6,19,NULL,'2016-01-28 14:32:58',NULL,NULL,NULL,NULL,NULL,NULL),(4,'Physics ',NULL,0,3,158,621,2,1,6,19,NULL,'2016-01-28 14:32:58',NULL,NULL,NULL,NULL,NULL,NULL),(4,'Biology ',NULL,0,3,158,622,2,1,6,19,NULL,'2016-01-28 14:32:58',NULL,NULL,NULL,NULL,NULL,NULL),(4,'Computer Science',NULL,1,3,158,623,2,1,6,19,NULL,'2016-01-28 14:32:58',NULL,NULL,NULL,NULL,NULL,NULL),(5,'70.4 and 70.7 respectively ',NULL,1,3,159,624,2,1,6,19,NULL,'2016-01-28 14:34:17',NULL,NULL,NULL,NULL,NULL,NULL),(5,'70.4 and 56.5 respectively ',NULL,0,3,159,625,2,1,6,19,NULL,'2016-01-28 14:34:17',NULL,NULL,NULL,NULL,NULL,NULL),(5,'88.0 and 70.7 respectively',NULL,0,3,159,626,2,1,6,19,NULL,'2016-01-28 14:34:17',NULL,NULL,NULL,NULL,NULL,NULL),(5,'88.0 and 56.5 respectively',NULL,0,3,159,627,2,1,6,19,NULL,'2016-01-28 14:34:17',NULL,NULL,NULL,NULL,NULL,NULL),(6,'1',NULL,0,3,160,628,2,1,6,19,NULL,'2016-01-28 14:36:01',NULL,NULL,NULL,NULL,NULL,NULL),(6,'2',NULL,0,3,160,629,2,1,6,19,NULL,'2016-01-28 14:36:01',NULL,NULL,NULL,NULL,NULL,NULL),(6,'3',NULL,1,3,160,630,2,1,6,19,NULL,'2016-01-28 14:36:01',NULL,NULL,NULL,NULL,NULL,NULL),(6,'4',NULL,0,3,160,631,2,1,6,19,NULL,'2016-01-28 14:36:01',NULL,NULL,NULL,NULL,NULL,NULL),(7,'863584	',NULL,0,3,161,632,2,1,6,19,NULL,'2016-01-28 14:37:02',NULL,NULL,NULL,NULL,NULL,NULL),(7,'863063 ',NULL,0,3,161,633,2,1,6,19,NULL,'2016-01-28 14:37:02',NULL,NULL,NULL,NULL,NULL,NULL),(7,'863203	',NULL,1,3,161,634,2,1,6,19,NULL,'2016-01-28 14:37:02',NULL,NULL,NULL,NULL,NULL,NULL),(7,'863903',NULL,0,3,161,635,2,1,6,19,NULL,'2016-01-28 14:37:02',NULL,NULL,NULL,NULL,NULL,NULL),(8,'40 km',NULL,0,3,162,636,2,1,6,19,NULL,'2016-01-28 14:38:30',NULL,NULL,NULL,NULL,NULL,NULL),(8,'20 km',NULL,0,3,162,637,2,1,6,19,NULL,'2016-01-28 14:38:30',NULL,NULL,NULL,NULL,NULL,NULL),(8,'80 km',NULL,0,3,162,638,2,1,6,19,NULL,'2016-01-28 14:38:31',NULL,NULL,NULL,NULL,NULL,NULL),(8,'100 km',NULL,1,3,162,639,2,1,6,19,NULL,'2016-01-28 14:38:31',NULL,NULL,NULL,NULL,NULL,NULL),(9,'88.8',NULL,0,3,163,640,2,1,6,19,NULL,'2016-01-28 14:43:32',NULL,NULL,NULL,NULL,NULL,NULL),(9,'55.3',NULL,0,3,163,641,2,1,6,19,NULL,'2016-01-28 14:43:32',NULL,NULL,NULL,NULL,NULL,NULL),(9,'33.3',NULL,0,3,163,642,2,1,6,19,NULL,'2016-01-28 14:43:32',NULL,NULL,NULL,NULL,NULL,NULL),(9,'17.8',NULL,1,3,163,643,2,1,6,19,NULL,'2016-01-28 14:43:32',NULL,NULL,NULL,NULL,NULL,NULL),(10,'Ankita',NULL,1,3,164,644,2,1,6,19,NULL,'2016-01-28 14:45:17',NULL,NULL,NULL,NULL,NULL,NULL),(10,'Dhanya',NULL,0,3,164,645,2,1,6,19,NULL,'2016-01-28 14:45:17',NULL,NULL,NULL,NULL,NULL,NULL),(10,'Sneha',NULL,0,3,164,646,2,1,6,19,NULL,'2016-01-28 14:45:17',NULL,NULL,NULL,NULL,NULL,NULL),(10,'Nina',NULL,0,3,164,647,2,1,6,19,NULL,'2016-01-28 14:45:17',NULL,NULL,NULL,NULL,NULL,NULL),(11,'  ','/testengine/question_paper/QP_ 7/QPQ_ 165/options/650.png',0,3,165,650,2,2,6,19,NULL,'2016-01-28 14:46:40',NULL,NULL,NULL,NULL,NULL,NULL),(11,'  ','/testengine/question_paper/QP_ 7/QPQ_ 165/options/651.png',0,3,165,651,2,2,6,19,NULL,'2016-01-28 14:46:40',NULL,NULL,NULL,NULL,NULL,NULL),(11,'  ','/testengine/question_paper/QP_ 7/QPQ_ 165/options/652.png',0,3,165,652,NULL,2,6,19,NULL,'2016-01-28 14:50:42',NULL,NULL,NULL,NULL,NULL,NULL),(11,'  ','/testengine/question_paper/QP_ 7/QPQ_ 165/options/653.png',1,3,165,653,NULL,2,6,19,NULL,'2016-01-28 14:50:42',NULL,NULL,NULL,NULL,NULL,NULL),(12,'2009',NULL,1,3,166,654,2,1,6,19,NULL,'2016-01-28 14:52:55',NULL,NULL,NULL,NULL,NULL,NULL),(12,'2011',NULL,0,3,166,655,2,1,6,19,NULL,'2016-01-28 14:52:55',NULL,NULL,NULL,NULL,NULL,NULL),(12,'2013',NULL,0,3,166,656,2,1,6,19,NULL,'2016-01-28 14:52:55',NULL,NULL,NULL,NULL,NULL,NULL),(12,'2014',NULL,0,3,166,657,2,1,6,19,NULL,'2016-01-28 14:52:55',NULL,NULL,NULL,NULL,NULL,NULL),(13,'Only I ',NULL,0,3,167,658,2,1,6,19,NULL,'2016-01-28 14:54:33',NULL,NULL,NULL,NULL,NULL,NULL),(13,'Only I or Only II ',NULL,0,3,167,659,2,1,6,19,NULL,'2016-01-28 14:54:33',NULL,NULL,NULL,NULL,NULL,NULL),(13,'Only II and III',NULL,1,3,167,660,2,1,6,19,NULL,'2016-01-28 14:54:33',NULL,NULL,NULL,NULL,NULL,NULL),(13,'I, II and III together.',NULL,0,3,167,661,2,1,6,19,NULL,'2016-01-28 14:54:33',NULL,NULL,NULL,NULL,NULL,NULL),(14,'Data in statement I alone is sufficient to answer the question.	',NULL,0,3,168,662,2,1,6,19,NULL,'2016-01-28 14:56:23',NULL,NULL,NULL,NULL,NULL,NULL),(14,'Data in statement II alone is sufficient to answer the question.',NULL,0,3,168,663,2,1,6,19,NULL,'2016-01-28 14:56:23',NULL,NULL,NULL,NULL,NULL,NULL),(14,'Data in both the statements together are needed to answer the question.',NULL,1,3,168,664,2,1,6,19,NULL,'2016-01-28 14:56:23',NULL,NULL,NULL,NULL,NULL,NULL),(14,'Data either in I or II alone are sufficient to answer the question.',NULL,0,3,168,665,2,1,6,19,NULL,'2016-01-28 14:56:23',NULL,NULL,NULL,NULL,NULL,NULL),(15,'17',NULL,1,3,169,666,2,1,6,19,NULL,'2016-01-28 14:57:17',NULL,NULL,NULL,NULL,NULL,NULL),(15,'15',NULL,0,3,169,667,2,1,6,19,NULL,'2016-01-28 14:57:17',NULL,NULL,NULL,NULL,NULL,NULL),(15,'14',NULL,0,3,169,668,2,1,6,19,NULL,'2016-01-28 14:57:17',NULL,NULL,NULL,NULL,NULL,NULL),(15,'11',NULL,0,3,169,669,2,1,6,19,NULL,'2016-01-28 14:57:17',NULL,NULL,NULL,NULL,NULL,NULL),(16,'Sachin',NULL,1,3,170,670,2,1,6,19,NULL,'2016-01-28 14:59:18',NULL,NULL,NULL,NULL,NULL,NULL),(16,'Kunal',NULL,0,3,170,671,2,1,6,19,NULL,'2016-01-28 14:59:18',NULL,NULL,NULL,NULL,NULL,NULL),(16,'Anuj',NULL,0,3,170,672,2,1,6,19,NULL,'2016-01-28 14:59:18',NULL,NULL,NULL,NULL,NULL,NULL),(16,'Rohan',NULL,0,3,170,673,2,1,6,19,NULL,'2016-01-28 14:59:18',NULL,NULL,NULL,NULL,NULL,NULL),(17,'2009 and 2011',NULL,0,3,171,674,2,1,6,19,NULL,'2016-01-28 15:01:49',NULL,NULL,NULL,NULL,NULL,NULL),(17,'2010 and 2012',NULL,0,3,171,675,2,1,6,19,NULL,'2016-01-28 15:01:49',NULL,NULL,NULL,NULL,NULL,NULL),(17,'2009 and 2013',NULL,0,3,171,676,2,1,6,19,NULL,'2016-01-28 15:01:49',NULL,NULL,NULL,NULL,NULL,NULL),(17,'2008 and 2012',NULL,1,3,171,677,2,1,6,19,NULL,'2016-01-28 15:01:49',NULL,NULL,NULL,NULL,NULL,NULL),(19,'E and B are sitting opposite to each other.	',NULL,0,3,172,678,2,1,6,19,NULL,'2016-01-28 15:03:33',NULL,NULL,NULL,NULL,NULL,NULL),(19,'G is between E and D.	',NULL,0,3,172,679,2,1,6,19,NULL,'2016-01-28 15:03:33',NULL,NULL,NULL,NULL,NULL,NULL),(19,'B is sitting to the left of A.	',NULL,0,3,172,680,2,1,6,19,NULL,'2016-01-28 15:03:33',NULL,NULL,NULL,NULL,NULL,NULL),(19,'D is the neighbour of A as well as F.',NULL,1,3,172,681,2,1,6,19,NULL,'2016-01-28 15:03:33',NULL,NULL,NULL,NULL,NULL,NULL),(20,'2:1',NULL,0,3,173,682,2,1,6,19,NULL,'2016-01-28 15:07:04',NULL,NULL,NULL,NULL,NULL,NULL),(20,'1:2',NULL,0,3,173,683,2,1,6,19,NULL,'2016-01-28 15:07:04',NULL,NULL,NULL,NULL,NULL,NULL),(20,'4:3',NULL,1,3,173,684,2,1,6,19,NULL,'2016-01-28 15:07:04',NULL,NULL,NULL,NULL,NULL,NULL),(20,'3:4',NULL,0,3,173,685,2,1,6,19,NULL,'2016-01-28 15:07:04',NULL,NULL,NULL,NULL,NULL,NULL),(18,'Both A and R are true, and R is the correct explanation of A.',NULL,1,3,174,686,2,1,6,19,NULL,'2016-01-28 15:12:25',NULL,NULL,NULL,NULL,NULL,NULL),(18,'Both A and R are true, but R is NOT the correct explanation of A.',NULL,0,3,174,687,2,1,6,19,NULL,'2016-01-28 15:12:25',NULL,NULL,NULL,NULL,NULL,NULL),(18,'A is true and R is false.',NULL,0,3,174,688,2,1,6,19,NULL,'2016-01-28 15:12:25',NULL,NULL,NULL,NULL,NULL,NULL),(18,'Both, A and R are false.',NULL,0,3,174,689,2,1,6,19,NULL,'2016-01-28 15:12:25',NULL,NULL,NULL,NULL,NULL,NULL),(2,'31  inches',NULL,0,3,175,690,2,1,5,18,NULL,'2016-01-28 15:18:10',NULL,NULL,NULL,NULL,NULL,NULL),(2,'40  inches',NULL,0,3,175,691,2,1,5,18,NULL,'2016-01-28 15:18:10',NULL,NULL,NULL,NULL,NULL,NULL),(2,'41  inches',NULL,1,3,175,692,2,1,5,18,NULL,'2016-01-28 15:18:10',NULL,NULL,NULL,NULL,NULL,NULL),(2,'61  inches',NULL,0,3,175,693,2,1,5,18,NULL,'2016-01-28 15:18:10',NULL,NULL,NULL,NULL,NULL,NULL),(1,'jobless',NULL,0,4,176,694,2,1,1,20,NULL,'2016-01-28 15:24:52',NULL,NULL,NULL,NULL,NULL,NULL),(1,'homeless',NULL,0,4,176,695,2,1,1,20,NULL,'2016-01-28 15:24:52',NULL,NULL,NULL,NULL,NULL,NULL),(1,'poor',NULL,1,4,176,696,2,1,1,20,NULL,'2016-01-28 15:24:52',NULL,NULL,NULL,NULL,NULL,NULL),(1,'criminal',NULL,0,4,176,697,2,1,1,20,NULL,'2016-01-28 15:24:52',NULL,NULL,NULL,NULL,NULL,NULL),(2,'hatred',NULL,0,4,177,698,2,1,1,20,NULL,'2016-01-28 15:25:11',NULL,NULL,NULL,NULL,NULL,NULL),(2,'anger',NULL,0,4,177,699,2,1,1,20,NULL,'2016-01-28 15:25:11',NULL,NULL,NULL,NULL,NULL,NULL),(2,'pity',NULL,1,4,177,700,2,1,1,20,NULL,'2016-01-28 15:25:11',NULL,NULL,NULL,NULL,NULL,NULL),(2,'restlessness',NULL,0,4,177,701,2,1,1,20,NULL,'2016-01-28 15:25:11',NULL,NULL,NULL,NULL,NULL,NULL),(3,'factories',NULL,0,4,178,702,2,1,1,20,NULL,'2016-01-28 15:25:20',NULL,NULL,NULL,NULL,NULL,NULL),(3,'shops',NULL,0,4,178,703,2,1,1,20,NULL,'2016-01-28 15:25:20',NULL,NULL,NULL,NULL,NULL,NULL),(3,'homes',NULL,0,4,178,704,2,1,1,20,NULL,'2016-01-28 15:25:20',NULL,NULL,NULL,NULL,NULL,NULL),(3,'smelling garbage',NULL,1,4,178,705,2,1,1,20,NULL,'2016-01-28 15:25:20',NULL,NULL,NULL,NULL,NULL,NULL),(4,'women',NULL,0,4,179,706,2,1,1,20,NULL,'2016-01-28 15:25:31',NULL,NULL,NULL,NULL,NULL,NULL),(4,'men',NULL,0,4,179,707,2,1,1,20,NULL,'2016-01-28 15:25:31',NULL,NULL,NULL,NULL,NULL,NULL),(4,'beggers',NULL,0,4,179,708,2,1,1,20,NULL,'2016-01-28 15:25:31',NULL,NULL,NULL,NULL,NULL,NULL),(4,'children',NULL,1,4,179,709,2,1,1,20,NULL,'2016-01-28 15:25:31',NULL,NULL,NULL,NULL,NULL,NULL),(5,'dependence',NULL,0,4,180,710,2,1,1,20,NULL,'2016-01-28 15:25:40',NULL,NULL,NULL,NULL,NULL,NULL),(5,'anxiety',NULL,1,4,180,711,2,1,1,20,NULL,'2016-01-28 15:25:40',NULL,NULL,NULL,NULL,NULL,NULL),(5,'confidence',NULL,0,4,180,712,2,1,1,20,NULL,'2016-01-28 15:25:40',NULL,NULL,NULL,NULL,NULL,NULL),(5,'chance',NULL,0,4,180,713,2,1,1,20,NULL,'2016-01-28 15:25:40',NULL,NULL,NULL,NULL,NULL,NULL),(1,'progress',NULL,0,4,181,714,2,1,2,21,NULL,'2016-01-28 15:25:50',NULL,NULL,NULL,NULL,NULL,NULL),(1,'footprint',NULL,1,4,181,715,2,1,2,21,NULL,'2016-01-28 15:25:50',NULL,NULL,NULL,NULL,NULL,NULL),(1,'baggage',NULL,0,4,181,716,2,1,2,21,NULL,'2016-01-28 15:25:50',NULL,NULL,NULL,NULL,NULL,NULL),(1,'heights',NULL,0,4,181,717,2,1,2,21,NULL,'2016-01-28 15:25:50',NULL,NULL,NULL,NULL,NULL,NULL),(2,'weight',NULL,0,4,182,718,2,1,2,21,NULL,'2016-01-28 15:25:56',NULL,NULL,NULL,NULL,NULL,NULL),(2,'place',NULL,0,4,182,719,2,1,2,21,NULL,'2016-01-28 15:25:56',NULL,NULL,NULL,NULL,NULL,NULL),(2,'pressure',NULL,1,4,182,720,2,1,2,21,NULL,'2016-01-28 15:25:56',NULL,NULL,NULL,NULL,NULL,NULL),(2,'development',NULL,0,4,182,721,2,1,2,21,NULL,'2016-01-28 15:25:56',NULL,NULL,NULL,NULL,NULL,NULL),(3,'outsource',NULL,0,4,183,722,2,1,2,21,NULL,'2016-01-28 15:26:03',NULL,NULL,NULL,NULL,NULL,NULL),(3,'obtain',NULL,0,4,183,723,2,1,2,21,NULL,'2016-01-28 15:26:03',NULL,NULL,NULL,NULL,NULL,NULL),(3,'deal',NULL,0,4,183,724,2,1,2,21,NULL,'2016-01-28 15:26:03',NULL,NULL,NULL,NULL,NULL,NULL),(3,'manage',NULL,1,4,183,725,2,1,2,21,NULL,'2016-01-28 15:26:03',NULL,NULL,NULL,NULL,NULL,NULL),(4,'make',NULL,0,4,184,726,2,1,2,21,NULL,'2016-01-28 15:26:09',NULL,NULL,NULL,NULL,NULL,NULL),(4,'have',NULL,0,4,184,727,2,1,2,21,NULL,'2016-01-28 15:26:09',NULL,NULL,NULL,NULL,NULL,NULL),(4,'take',NULL,1,4,184,728,2,1,2,21,NULL,'2016-01-28 15:26:09',NULL,NULL,NULL,NULL,NULL,NULL),(4,'start',NULL,0,4,184,729,2,1,2,21,NULL,'2016-01-28 15:26:09',NULL,NULL,NULL,NULL,NULL,NULL),(5,'bounds',NULL,1,4,185,730,2,1,2,21,NULL,'2016-01-28 15:26:16',NULL,NULL,NULL,NULL,NULL,NULL),(5,'circle',NULL,0,4,185,731,2,1,2,21,NULL,'2016-01-28 15:26:16',NULL,NULL,NULL,NULL,NULL,NULL),(5,'geography',NULL,0,4,185,732,2,1,2,21,NULL,'2016-01-28 15:26:16',NULL,NULL,NULL,NULL,NULL,NULL),(5,'circumference',NULL,0,4,185,733,2,1,2,21,NULL,'2016-01-28 15:26:16',NULL,NULL,NULL,NULL,NULL,NULL),(1,'you will enjoy',NULL,1,4,186,734,2,1,3,22,NULL,'2016-01-28 15:26:22',NULL,NULL,NULL,NULL,NULL,NULL),(1,'you will be enjoying',NULL,0,4,186,735,2,1,3,22,NULL,'2016-01-28 15:26:22',NULL,NULL,NULL,NULL,NULL,NULL),(1,'you have enjoying',NULL,0,4,186,736,2,1,3,22,NULL,'2016-01-28 15:26:22',NULL,NULL,NULL,NULL,NULL,NULL),(1,'you enjoy',NULL,0,4,186,737,2,1,3,22,NULL,'2016-01-28 15:26:22',NULL,NULL,NULL,NULL,NULL,NULL),(2,'Has',NULL,0,4,187,738,2,1,3,22,NULL,'2016-01-28 15:26:28',NULL,NULL,NULL,NULL,NULL,NULL),(2,'Does',NULL,0,4,187,739,2,1,3,22,NULL,'2016-01-28 15:26:28',NULL,NULL,NULL,NULL,NULL,NULL),(2,'Will',NULL,0,4,187,740,2,1,3,22,NULL,'2016-01-28 15:26:28',NULL,NULL,NULL,NULL,NULL,NULL),(2,'is',NULL,1,4,187,741,2,1,3,22,NULL,'2016-01-28 15:26:28',NULL,NULL,NULL,NULL,NULL,NULL),(3,'prepared',NULL,1,4,188,742,2,1,3,22,NULL,'2016-01-28 15:26:35',NULL,NULL,NULL,NULL,NULL,NULL),(3,'had preparing ',NULL,0,4,188,743,2,1,3,22,NULL,'2016-01-28 15:26:35',NULL,NULL,NULL,NULL,NULL,NULL),(3,'did preparing ',NULL,0,4,188,744,2,1,3,22,NULL,'2016-01-28 15:26:35',NULL,NULL,NULL,NULL,NULL,NULL),(3,'have prepared',NULL,0,4,188,745,2,1,3,22,NULL,'2016-01-28 15:26:35',NULL,NULL,NULL,NULL,NULL,NULL),(4,'is finding ',NULL,0,4,189,746,2,1,3,22,NULL,'2016-01-28 15:26:41',NULL,NULL,NULL,NULL,NULL,NULL),(4,'would find',NULL,0,4,189,747,2,1,3,22,NULL,'2016-01-28 15:26:41',NULL,NULL,NULL,NULL,NULL,NULL),(4,'had found',NULL,1,4,189,748,2,1,3,22,NULL,'2016-01-28 15:26:41',NULL,NULL,NULL,NULL,NULL,NULL),(4,'will found',NULL,0,4,189,749,2,1,3,22,NULL,'2016-01-28 15:26:41',NULL,NULL,NULL,NULL,NULL,NULL),(5,'be',NULL,0,4,190,750,2,1,3,22,NULL,'2016-01-28 15:26:48',NULL,NULL,NULL,NULL,NULL,NULL),(5,'been',NULL,1,4,190,751,2,1,3,22,NULL,'2016-01-28 15:26:48',NULL,NULL,NULL,NULL,NULL,NULL),(5,'will be',NULL,0,4,190,752,2,1,3,22,NULL,'2016-01-28 15:26:48',NULL,NULL,NULL,NULL,NULL,NULL),(5,'be going',NULL,0,4,190,753,2,1,3,22,NULL,'2016-01-28 15:26:48',NULL,NULL,NULL,NULL,NULL,NULL),(1,'Until      ',NULL,1,4,191,754,2,1,4,23,NULL,'2016-01-28 15:26:55',NULL,NULL,NULL,NULL,NULL,NULL),(1,'After    ',NULL,0,4,191,755,2,1,4,23,NULL,'2016-01-28 15:26:55',NULL,NULL,NULL,NULL,NULL,NULL),(1,'Therefore    ',NULL,0,4,191,756,2,1,4,23,NULL,'2016-01-28 15:26:55',NULL,NULL,NULL,NULL,NULL,NULL),(1,'With',NULL,0,4,191,757,2,1,4,23,NULL,'2016-01-28 15:26:55',NULL,NULL,NULL,NULL,NULL,NULL),(2,'and',NULL,0,4,192,758,2,1,4,23,NULL,'2016-01-28 15:27:01',NULL,NULL,NULL,NULL,NULL,NULL),(2,'so',NULL,0,4,192,759,2,1,4,23,NULL,'2016-01-28 15:27:01',NULL,NULL,NULL,NULL,NULL,NULL),(2,'because    ',NULL,0,4,192,760,2,1,4,23,NULL,'2016-01-28 15:27:01',NULL,NULL,NULL,NULL,NULL,NULL),(2,'however',NULL,1,4,192,761,2,1,4,23,NULL,'2016-01-28 15:27:01',NULL,NULL,NULL,NULL,NULL,NULL),(3,'and ',NULL,0,4,193,762,2,1,4,23,NULL,'2016-01-28 15:27:07',NULL,NULL,NULL,NULL,NULL,NULL),(3,'so',NULL,0,4,193,763,2,1,4,23,NULL,'2016-01-28 15:27:07',NULL,NULL,NULL,NULL,NULL,NULL),(3,'till',NULL,1,4,193,764,2,1,4,23,NULL,'2016-01-28 15:27:07',NULL,NULL,NULL,NULL,NULL,NULL),(3,'hence',NULL,0,4,193,765,2,1,4,23,NULL,'2016-01-28 15:27:07',NULL,NULL,NULL,NULL,NULL,NULL),(4,'until       ',NULL,0,4,194,766,2,1,4,23,NULL,'2016-01-28 15:27:18',NULL,NULL,NULL,NULL,NULL,NULL),(4,'if',NULL,1,4,194,767,2,1,4,23,NULL,'2016-01-28 15:27:18',NULL,NULL,NULL,NULL,NULL,NULL),(4,'although    ',NULL,0,4,194,768,2,1,4,23,NULL,'2016-01-28 15:27:18',NULL,NULL,NULL,NULL,NULL,NULL),(4,'however',NULL,0,4,194,769,2,1,4,23,NULL,'2016-01-28 15:27:18',NULL,NULL,NULL,NULL,NULL,NULL),(5,'but',NULL,0,4,195,770,2,1,4,23,NULL,'2016-01-28 15:27:24',NULL,NULL,NULL,NULL,NULL,NULL),(5,'also',NULL,0,4,195,771,2,1,4,23,NULL,'2016-01-28 15:27:24',NULL,NULL,NULL,NULL,NULL,NULL),(5,'and',NULL,0,4,195,772,2,1,4,23,NULL,'2016-01-28 15:27:24',NULL,NULL,NULL,NULL,NULL,NULL),(5,'but also',NULL,1,4,195,773,2,1,4,23,NULL,'2016-01-28 15:27:24',NULL,NULL,NULL,NULL,NULL,NULL),(1,'1/5',NULL,0,4,196,774,2,1,5,24,NULL,'2016-01-28 15:27:31',NULL,NULL,NULL,NULL,NULL,NULL),(1,'3/4',NULL,0,4,196,775,2,1,5,24,NULL,'2016-01-28 15:27:31',NULL,NULL,NULL,NULL,NULL,NULL),(1,'1/4',NULL,1,4,196,776,2,1,5,24,NULL,'2016-01-28 15:27:31',NULL,NULL,NULL,NULL,NULL,NULL),(1,'1/2',NULL,0,4,196,777,2,1,5,24,NULL,'2016-01-28 15:27:31',NULL,NULL,NULL,NULL,NULL,NULL),(2,' 2 ',NULL,1,4,197,778,2,1,5,24,NULL,'2016-01-28 15:27:37',NULL,NULL,NULL,NULL,NULL,NULL),(2,' 1 1/15',NULL,0,4,197,779,2,1,5,24,NULL,'2016-01-28 15:27:37',NULL,NULL,NULL,NULL,NULL,NULL),(2,' 15/16',NULL,0,4,197,780,2,1,5,24,NULL,'2016-01-28 15:27:37',NULL,NULL,NULL,NULL,NULL,NULL),(2,' 5/12',NULL,0,4,197,781,2,1,5,24,NULL,'2016-01-28 15:27:37',NULL,NULL,NULL,NULL,NULL,NULL),(3,'14',NULL,0,4,198,782,2,1,5,24,NULL,'2016-01-28 15:27:42',NULL,NULL,NULL,NULL,NULL,NULL),(3,'6 ',NULL,1,4,198,783,2,1,5,24,NULL,'2016-01-28 15:27:42',NULL,NULL,NULL,NULL,NULL,NULL),(3,'4.6',NULL,0,4,198,784,2,1,5,24,NULL,'2016-01-28 15:27:42',NULL,NULL,NULL,NULL,NULL,NULL),(3,'3.5',NULL,0,4,198,785,2,1,5,24,NULL,'2016-01-28 15:27:42',NULL,NULL,NULL,NULL,NULL,NULL),(4,'15',NULL,0,4,199,786,2,1,5,24,NULL,'2016-01-28 15:27:50',NULL,NULL,NULL,NULL,NULL,NULL),(4,'20',NULL,1,4,199,787,2,1,5,24,NULL,'2016-01-28 15:27:51',NULL,NULL,NULL,NULL,NULL,NULL),(4,'25',NULL,0,4,199,788,2,1,5,24,NULL,'2016-01-28 15:27:51',NULL,NULL,NULL,NULL,NULL,NULL),(4,'30',NULL,0,4,199,789,2,1,5,24,NULL,'2016-01-28 15:27:51',NULL,NULL,NULL,NULL,NULL,NULL),(5,'24 years',NULL,0,4,200,790,2,1,5,24,NULL,'2016-01-28 15:27:57',NULL,NULL,NULL,NULL,NULL,NULL),(5,'30 years',NULL,1,4,200,791,2,1,5,24,NULL,'2016-01-28 15:27:57',NULL,NULL,NULL,NULL,NULL,NULL),(5,'42 years',NULL,0,4,200,792,2,1,5,24,NULL,'2016-01-28 15:27:57',NULL,NULL,NULL,NULL,NULL,NULL),(5,'48 years',NULL,0,4,200,793,2,1,5,24,NULL,'2016-01-28 15:27:57',NULL,NULL,NULL,NULL,NULL,NULL),(6,'2.6 cm',NULL,0,4,201,794,2,1,5,24,NULL,'2016-01-28 15:28:03',NULL,NULL,NULL,NULL,NULL,NULL),(6,'4.5 cm ',NULL,1,4,201,795,2,1,5,24,NULL,'2016-01-28 15:28:03',NULL,NULL,NULL,NULL,NULL,NULL),(6,'9 cm',NULL,0,4,201,796,2,1,5,24,NULL,'2016-01-28 15:28:03',NULL,NULL,NULL,NULL,NULL,NULL),(6,'10.1 cm',NULL,0,4,201,797,2,1,5,24,NULL,'2016-01-28 15:28:03',NULL,NULL,NULL,NULL,NULL,NULL),(7,'12 days',NULL,0,4,202,798,2,1,5,24,NULL,'2016-01-28 15:28:10',NULL,NULL,NULL,NULL,NULL,NULL),(7,'16 days',NULL,1,4,202,799,2,1,5,24,NULL,'2016-01-28 15:28:10',NULL,NULL,NULL,NULL,NULL,NULL),(7,'20 days',NULL,0,4,202,800,2,1,5,24,NULL,'2016-01-28 15:28:10',NULL,NULL,NULL,NULL,NULL,NULL),(7,'24 days',NULL,0,4,202,801,2,1,5,24,NULL,'2016-01-28 15:28:10',NULL,NULL,NULL,NULL,NULL,NULL),(8,'45 sec',NULL,1,4,203,802,2,1,5,24,NULL,'2016-01-28 15:28:22',NULL,NULL,NULL,NULL,NULL,NULL),(8,'12.5 sec',NULL,0,4,203,803,2,1,5,24,NULL,'2016-01-28 15:28:22',NULL,NULL,NULL,NULL,NULL,NULL),(8,'7 sec',NULL,0,4,203,804,2,1,5,24,NULL,'2016-01-28 15:28:22',NULL,NULL,NULL,NULL,NULL,NULL),(8,'5 sec',NULL,0,4,203,805,2,1,5,24,NULL,'2016-01-28 15:28:22',NULL,NULL,NULL,NULL,NULL,NULL),(9,'1 hour 20 minutes',NULL,1,4,204,806,2,1,5,24,NULL,'2016-01-28 15:28:40',NULL,NULL,NULL,NULL,NULL,NULL),(9,'1 hour 30 minutes',NULL,0,4,204,807,2,1,5,24,NULL,'2016-01-28 15:28:40',NULL,NULL,NULL,NULL,NULL,NULL),(9,'1 hour 36 minutes',NULL,0,4,204,808,2,1,5,24,NULL,'2016-01-28 15:28:40',NULL,NULL,NULL,NULL,NULL,NULL),(9,'1 hour 40 minutes',NULL,0,4,204,809,2,1,5,24,NULL,'2016-01-28 15:28:40',NULL,NULL,NULL,NULL,NULL,NULL),(10,'50 sec',NULL,0,4,205,810,2,1,5,24,NULL,'2016-01-28 15:29:13',NULL,NULL,NULL,NULL,NULL,NULL),(10,'75 sec',NULL,0,4,205,811,2,1,5,24,NULL,'2016-01-28 15:29:13',NULL,NULL,NULL,NULL,NULL,NULL),(10,'80 sec',NULL,1,4,205,812,2,1,5,24,NULL,'2016-01-28 15:29:13',NULL,NULL,NULL,NULL,NULL,NULL),(10,'100 sec',NULL,0,4,205,813,2,1,5,24,NULL,'2016-01-28 15:29:13',NULL,NULL,NULL,NULL,NULL,NULL),(11,'4',NULL,0,4,206,814,2,1,5,24,NULL,'2016-01-28 15:29:20',NULL,NULL,NULL,NULL,NULL,NULL),(11,'4.8 ',NULL,0,4,206,815,2,1,5,24,NULL,'2016-01-28 15:29:20',NULL,NULL,NULL,NULL,NULL,NULL),(11,'9.6 ',NULL,1,4,206,816,2,1,5,24,NULL,'2016-01-28 15:29:20',NULL,NULL,NULL,NULL,NULL,NULL),(11,'20',NULL,0,4,206,817,2,1,5,24,NULL,'2016-01-28 15:29:20',NULL,NULL,NULL,NULL,NULL,NULL),(13,'Rs. 2,000',NULL,1,4,208,821,2,1,5,24,NULL,'2016-01-28 15:29:34',NULL,NULL,NULL,NULL,NULL,NULL),(13,'Rs. 5,000',NULL,0,4,208,822,2,1,5,24,NULL,'2016-01-28 15:29:34',NULL,NULL,NULL,NULL,NULL,NULL),(13,'Rs. 8,000',NULL,0,4,208,823,2,1,5,24,NULL,'2016-01-28 15:29:34',NULL,NULL,NULL,NULL,NULL,NULL),(13,'Rs.10,800',NULL,0,4,208,824,2,1,5,24,NULL,'2016-01-28 15:29:34',NULL,NULL,NULL,NULL,NULL,NULL),(14,'5 litres',NULL,0,4,209,825,2,1,5,24,NULL,'2016-01-28 15:29:41',NULL,NULL,NULL,NULL,NULL,NULL),(14,'15 litres',NULL,1,4,209,826,2,1,5,24,NULL,'2016-01-28 15:29:41',NULL,NULL,NULL,NULL,NULL,NULL),(14,'20 litres',NULL,0,4,209,827,2,1,5,24,NULL,'2016-01-28 15:29:41',NULL,NULL,NULL,NULL,NULL,NULL),(14,'25 litres',NULL,0,4,209,828,2,1,5,24,NULL,'2016-01-28 15:29:41',NULL,NULL,NULL,NULL,NULL,NULL),(15,'Rs. 2,700',NULL,1,4,210,829,2,1,5,24,NULL,'2016-01-28 15:29:47',NULL,NULL,NULL,NULL,NULL,NULL),(15,'Rs. 2,979',NULL,0,4,210,830,2,1,5,24,NULL,'2016-01-28 15:29:47',NULL,NULL,NULL,NULL,NULL,NULL),(15,'Rs. 6,300',NULL,0,4,210,831,2,1,5,24,NULL,'2016-01-28 15:29:47',NULL,NULL,NULL,NULL,NULL,NULL),(15,'Rs. 11,700',NULL,0,4,210,832,2,1,5,24,NULL,'2016-01-28 15:29:47',NULL,NULL,NULL,NULL,NULL,NULL),(16,'55',NULL,0,4,211,833,2,1,5,24,NULL,'2016-01-28 15:29:56',NULL,NULL,NULL,NULL,NULL,NULL),(16,'75',NULL,0,4,211,834,2,1,5,24,NULL,'2016-01-28 15:29:56',NULL,NULL,NULL,NULL,NULL,NULL),(16,'100',NULL,1,4,211,835,2,1,5,24,NULL,'2016-01-28 15:29:56',NULL,NULL,NULL,NULL,NULL,NULL),(16,'300',NULL,0,4,211,836,2,1,5,24,NULL,'2016-01-28 15:29:56',NULL,NULL,NULL,NULL,NULL,NULL),(17,'Rs. 1,150',NULL,0,4,212,837,2,1,5,24,NULL,'2016-01-28 15:30:03',NULL,NULL,NULL,NULL,NULL,NULL),(17,'Rs. 1,200',NULL,0,4,212,838,2,1,5,24,NULL,'2016-01-28 15:30:03',NULL,NULL,NULL,NULL,NULL,NULL),(17,'Rs. 1,260',NULL,1,4,212,839,2,1,5,24,NULL,'2016-01-28 15:30:03',NULL,NULL,NULL,NULL,NULL,NULL),(17,'Rs. 1,320',NULL,0,4,212,840,2,1,5,24,NULL,'2016-01-28 15:30:03',NULL,NULL,NULL,NULL,NULL,NULL),(18,'2 years',NULL,0,4,213,841,2,1,5,24,NULL,'2016-01-28 15:30:10',NULL,NULL,NULL,NULL,NULL,NULL),(18,'10 years',NULL,0,4,213,842,2,1,5,24,NULL,'2016-01-28 15:30:10',NULL,NULL,NULL,NULL,NULL,NULL),(18,'12 years',NULL,1,4,213,843,2,1,5,24,NULL,'2016-01-28 15:30:10',NULL,NULL,NULL,NULL,NULL,NULL),(18,'15 years',NULL,0,4,213,844,2,1,5,24,NULL,'2016-01-28 15:30:10',NULL,NULL,NULL,NULL,NULL,NULL),(19,'7/11',NULL,0,4,214,845,2,1,5,24,NULL,'2016-01-28 15:30:17',NULL,NULL,NULL,NULL,NULL,NULL),(19,'7/30',NULL,0,4,214,846,2,1,5,24,NULL,'2016-01-28 15:30:17',NULL,NULL,NULL,NULL,NULL,NULL),(19,'5/11',NULL,0,4,214,847,2,1,5,24,NULL,'2016-01-28 15:30:17',NULL,NULL,NULL,NULL,NULL,NULL),(19,'7/15',NULL,1,4,214,848,2,1,5,24,NULL,'2016-01-28 15:30:17',NULL,NULL,NULL,NULL,NULL,NULL),(20,'190/435',NULL,0,4,215,849,2,1,5,24,NULL,'2016-01-28 15:30:24',NULL,NULL,NULL,NULL,NULL,NULL),(20,'28/435',NULL,0,4,215,850,2,1,5,24,NULL,'2016-01-28 15:30:24',NULL,NULL,NULL,NULL,NULL,NULL),(20,'208/435',NULL,1,4,215,851,2,1,5,24,NULL,'2016-01-28 15:30:24',NULL,NULL,NULL,NULL,NULL,NULL),(20,'218/435',NULL,0,4,215,852,2,1,5,24,NULL,'2016-01-28 15:30:24',NULL,NULL,NULL,NULL,NULL,NULL),(1,'Brother',NULL,0,4,216,853,2,1,6,25,NULL,'2016-01-28 15:30:31',NULL,NULL,NULL,NULL,NULL,NULL),(1,'Sister',NULL,1,4,216,854,2,1,6,25,NULL,'2016-01-28 15:30:31',NULL,NULL,NULL,NULL,NULL,NULL),(1,'Father',NULL,0,4,216,855,2,1,6,25,NULL,'2016-01-28 15:30:31',NULL,NULL,NULL,NULL,NULL,NULL),(1,'Uncle',NULL,0,4,216,856,2,1,6,25,NULL,'2016-01-28 15:30:31',NULL,NULL,NULL,NULL,NULL,NULL),(2,'Commissioner	',NULL,0,4,217,857,2,1,6,25,NULL,'2016-01-28 15:30:38',NULL,NULL,NULL,NULL,NULL,NULL),(2,'Actor ',NULL,0,4,217,858,2,1,6,25,NULL,'2016-01-28 15:30:38',NULL,NULL,NULL,NULL,NULL,NULL),(2,'Accountant ',NULL,1,4,217,859,2,1,6,25,NULL,'2016-01-28 15:30:38',NULL,NULL,NULL,NULL,NULL,NULL),(2,'Social worker',NULL,0,4,217,860,2,1,6,25,NULL,'2016-01-28 15:30:38',NULL,NULL,NULL,NULL,NULL,NULL),(3,'(210 + 6)',NULL,1,4,218,861,2,1,6,25,NULL,'2016-01-28 15:30:45',NULL,NULL,NULL,NULL,NULL,NULL),(3,'(216 + 6)',NULL,0,4,218,862,2,1,6,25,NULL,'2016-01-28 15:30:45',NULL,NULL,NULL,NULL,NULL,NULL),(3,'(221 + 6)',NULL,0,4,218,863,2,1,6,25,NULL,'2016-01-28 15:30:45',NULL,NULL,NULL,NULL,NULL,NULL),(3,'(258 + 6)',NULL,0,4,218,864,2,1,6,25,NULL,'2016-01-28 15:30:45',NULL,NULL,NULL,NULL,NULL,NULL),(4,'11,261',NULL,0,4,219,865,2,1,6,25,NULL,'2016-01-28 15:30:51',NULL,NULL,NULL,NULL,NULL,NULL),(4,'12,130',NULL,0,4,219,866,2,1,6,25,NULL,'2016-01-28 15:30:51',NULL,NULL,NULL,NULL,NULL,NULL),(4,'16,210',NULL,0,4,219,867,2,1,6,25,NULL,'2016-01-28 15:30:51',NULL,NULL,NULL,NULL,NULL,NULL),(4,'13,120',NULL,1,4,219,868,2,1,6,25,NULL,'2016-01-28 15:30:51',NULL,NULL,NULL,NULL,NULL,NULL),(5,'20%',NULL,1,4,220,869,2,1,6,25,NULL,'2016-01-28 15:31:02',NULL,NULL,NULL,NULL,NULL,NULL),(5,'22%',NULL,0,4,220,870,2,1,6,25,NULL,'2016-01-28 15:31:02',NULL,NULL,NULL,NULL,NULL,NULL),(5,'25%',NULL,0,4,220,871,2,1,6,25,NULL,'2016-01-28 15:31:02',NULL,NULL,NULL,NULL,NULL,NULL),(5,'28%',NULL,0,4,220,872,2,1,6,25,NULL,'2016-01-28 15:31:02',NULL,NULL,NULL,NULL,NULL,NULL),(6,'13,110',NULL,0,4,221,873,2,1,6,25,NULL,'2016-01-28 15:31:09',NULL,NULL,NULL,NULL,NULL,NULL),(6,'8,500',NULL,0,4,221,874,2,1,6,25,NULL,'2016-01-28 15:31:09',NULL,NULL,NULL,NULL,NULL,NULL),(6,'4,610',NULL,1,4,221,875,2,1,6,25,NULL,'2016-01-28 15:31:10',NULL,NULL,NULL,NULL,NULL,NULL),(6,'4,160',NULL,0,4,221,876,2,1,6,25,NULL,'2016-01-28 15:31:10',NULL,NULL,NULL,NULL,NULL,NULL),(7,'RPKVSHPM	',NULL,0,4,222,877,2,1,6,25,NULL,'2016-01-28 15:31:19',NULL,NULL,NULL,NULL,NULL,NULL),(7,'RPMSUJPO ',NULL,0,4,222,878,2,1,6,25,NULL,'2016-01-28 15:31:19',NULL,NULL,NULL,NULL,NULL,NULL),(7,'TPMVUJPO	',NULL,1,4,222,879,2,1,6,25,NULL,'2016-01-28 15:31:19',NULL,NULL,NULL,NULL,NULL,NULL),(7,'TPKVUHPO',NULL,0,4,222,880,2,1,6,25,NULL,'2016-01-28 15:31:19',NULL,NULL,NULL,NULL,NULL,NULL),(8,'Aryan	',NULL,0,4,223,881,2,1,6,25,NULL,'2016-01-28 15:31:25',NULL,NULL,NULL,NULL,NULL,NULL),(8,'Ajay	',NULL,0,4,223,882,2,1,6,25,NULL,'2016-01-28 15:31:25',NULL,NULL,NULL,NULL,NULL,NULL),(8,'Ved ',NULL,0,4,223,883,2,1,6,25,NULL,'2016-01-28 15:31:25',NULL,NULL,NULL,NULL,NULL,NULL),(8,'Sandeep',NULL,1,4,223,884,2,1,6,25,NULL,'2016-01-28 15:31:25',NULL,NULL,NULL,NULL,NULL,NULL),(9,'56%',NULL,0,4,224,885,2,1,6,25,NULL,'2016-01-28 15:31:38',NULL,NULL,NULL,NULL,NULL,NULL),(9,'65%',NULL,0,4,224,886,2,1,6,25,NULL,'2016-01-28 15:31:38',NULL,NULL,NULL,NULL,NULL,NULL),(9,'45%',NULL,0,4,224,887,2,1,6,25,NULL,'2016-01-28 15:31:38',NULL,NULL,NULL,NULL,NULL,NULL),(9,'54%',NULL,1,4,224,888,2,1,6,25,NULL,'2016-01-28 15:31:38',NULL,NULL,NULL,NULL,NULL,NULL),(10,'A',NULL,1,4,225,889,2,1,6,25,NULL,'2016-01-28 15:31:45',NULL,NULL,NULL,NULL,NULL,NULL),(10,'C',NULL,0,4,225,890,2,1,6,25,NULL,'2016-01-28 15:31:45',NULL,NULL,NULL,NULL,NULL,NULL),(10,'D',NULL,0,4,225,891,2,1,6,25,NULL,'2016-01-28 15:31:45',NULL,NULL,NULL,NULL,NULL,NULL),(10,'F',NULL,0,4,225,892,2,1,6,25,NULL,'2016-01-28 15:31:45',NULL,NULL,NULL,NULL,NULL,NULL),(11,' ','/testengine/question_paper/QP_ 8/QPQ_ 226/options/893.png',0,4,226,893,2,2,6,25,NULL,'2016-01-28 15:31:52',NULL,NULL,NULL,NULL,NULL,NULL),(11,' ','/testengine/question_paper/QP_ 8/QPQ_ 226/options/894.png',0,4,226,894,2,2,6,25,NULL,'2016-01-28 15:31:52',NULL,NULL,NULL,NULL,NULL,NULL),(11,' ','/testengine/question_paper/QP_ 8/QPQ_ 226/options/895.png',0,4,226,895,2,2,6,25,NULL,'2016-01-28 15:31:52',NULL,NULL,NULL,NULL,NULL,NULL),(11,' ','/testengine/question_paper/QP_ 8/QPQ_ 226/options/896.png',1,4,226,896,2,2,6,25,NULL,'2016-01-28 15:31:52',NULL,NULL,NULL,NULL,NULL,NULL),(12,'1',NULL,1,4,227,897,2,1,6,25,NULL,'2016-01-28 15:31:59',NULL,NULL,NULL,NULL,NULL,NULL),(12,'2',NULL,0,4,227,898,2,1,6,25,NULL,'2016-01-28 15:31:59',NULL,NULL,NULL,NULL,NULL,NULL),(12,'3',NULL,0,4,227,899,2,1,6,25,NULL,'2016-01-28 15:31:59',NULL,NULL,NULL,NULL,NULL,NULL),(12,'4',NULL,0,4,227,900,2,1,6,25,NULL,'2016-01-28 15:31:59',NULL,NULL,NULL,NULL,NULL,NULL),(12,'12',NULL,0,4,207,901,2,1,5,24,NULL,'2016-01-28 16:49:37',NULL,NULL,NULL,NULL,NULL,NULL),(12,'16',NULL,0,4,207,902,2,1,5,24,NULL,'2016-01-28 16:49:37',NULL,NULL,NULL,NULL,NULL,NULL),(12,'28',NULL,0,4,207,903,2,1,5,24,NULL,'2016-01-28 16:49:37',NULL,NULL,NULL,NULL,NULL,NULL),(12,'32',NULL,1,4,207,904,2,1,5,24,NULL,'2016-01-28 16:49:37',NULL,NULL,NULL,NULL,NULL,NULL),(13,'Only I ',NULL,0,4,229,905,2,1,6,25,NULL,'2016-01-28 17:28:04',NULL,NULL,NULL,NULL,NULL,NULL),(13,'Only I or Only II',NULL,0,4,229,906,2,1,6,25,NULL,'2016-01-28 17:28:04',NULL,NULL,NULL,NULL,NULL,NULL),(13,'I, II and III together',NULL,1,4,229,907,2,1,6,25,NULL,'2016-01-28 17:28:04',NULL,NULL,NULL,NULL,NULL,NULL),(13,'I and II together or I and III together',NULL,0,4,229,908,2,1,6,25,NULL,'2016-01-28 17:28:04',NULL,NULL,NULL,NULL,NULL,NULL),(14,'Data in statement I alone is sufficient to answer the question.',NULL,0,4,230,909,2,1,6,25,NULL,'2016-01-28 17:29:17',NULL,NULL,NULL,NULL,NULL,NULL),(14,'Data in statement II alone is sufficient to answer the question.',NULL,0,4,230,910,2,1,6,25,NULL,'2016-01-28 17:29:17',NULL,NULL,NULL,NULL,NULL,NULL),(14,'Data in both the statements together are needed to answer the question.',NULL,1,4,230,911,2,1,6,25,NULL,'2016-01-28 17:29:17',NULL,NULL,NULL,NULL,NULL,NULL),(14,'Data either in I or II alone are sufficient to answer the question.',NULL,0,4,230,912,2,1,6,25,NULL,'2016-01-28 17:29:17',NULL,NULL,NULL,NULL,NULL,NULL),(15,'4',NULL,1,4,231,913,2,1,6,25,NULL,'2016-01-28 17:30:41',NULL,NULL,NULL,NULL,NULL,NULL),(15,'5',NULL,0,4,231,914,2,1,6,25,NULL,'2016-01-28 17:30:41',NULL,NULL,NULL,NULL,NULL,NULL),(15,'8',NULL,0,4,231,915,2,1,6,25,NULL,'2016-01-28 17:30:41',NULL,NULL,NULL,NULL,NULL,NULL),(15,'14',NULL,0,4,231,916,2,1,6,25,NULL,'2016-01-28 17:30:41',NULL,NULL,NULL,NULL,NULL,NULL),(16,'A',NULL,1,4,232,917,2,1,6,25,NULL,'2016-01-28 17:31:29',NULL,NULL,NULL,NULL,NULL,NULL),(16,'B',NULL,0,4,232,918,2,1,6,25,NULL,'2016-01-28 17:31:29',NULL,NULL,NULL,NULL,NULL,NULL),(16,'D',NULL,0,4,232,919,2,1,6,25,NULL,'2016-01-28 17:31:29',NULL,NULL,NULL,NULL,NULL,NULL),(16,'E',NULL,0,4,232,920,2,1,6,25,NULL,'2016-01-28 17:31:29',NULL,NULL,NULL,NULL,NULL,NULL),(17,'Wheat',NULL,0,4,233,921,2,1,6,25,NULL,'2016-01-28 17:33:32',NULL,NULL,NULL,NULL,NULL,NULL),(17,'Rice',NULL,0,4,233,922,2,1,6,25,NULL,'2016-01-28 17:33:32',NULL,NULL,NULL,NULL,NULL,NULL),(17,'Pulses',NULL,0,4,233,923,2,1,6,25,NULL,'2016-01-28 17:33:32',NULL,NULL,NULL,NULL,NULL,NULL),(17,'Sugarcane',NULL,1,4,233,924,2,1,6,25,NULL,'2016-01-28 17:33:32',NULL,NULL,NULL,NULL,NULL,NULL),(18,'Both A and R are true and R is the correct explanation of A.',NULL,1,4,234,925,2,1,6,25,NULL,'2016-01-28 17:34:34',NULL,NULL,NULL,NULL,NULL,NULL),(18,'Both A and R are true but R is NOT the correct explanation of A.',NULL,0,4,234,926,2,1,6,25,NULL,'2016-01-28 17:34:34',NULL,NULL,NULL,NULL,NULL,NULL),(18,'A is true but R is false.',NULL,0,4,234,927,2,1,6,25,NULL,'2016-01-28 17:34:34',NULL,NULL,NULL,NULL,NULL,NULL),(18,'Both A and R are false.',NULL,0,4,234,928,2,1,6,25,NULL,'2016-01-28 17:34:34',NULL,NULL,NULL,NULL,NULL,NULL),(19,'E and F',NULL,0,4,235,929,2,1,6,25,NULL,'2016-01-28 17:35:23',NULL,NULL,NULL,NULL,NULL,NULL),(19,'A and C',NULL,0,4,235,930,2,1,6,25,NULL,'2016-01-28 17:35:23',NULL,NULL,NULL,NULL,NULL,NULL),(19,'B and G',NULL,0,4,235,931,2,1,6,25,NULL,'2016-01-28 17:35:23',NULL,NULL,NULL,NULL,NULL,NULL),(19,'H and J',NULL,1,4,235,932,2,1,6,25,NULL,'2016-01-28 17:35:23',NULL,NULL,NULL,NULL,NULL,NULL),(20,'45',NULL,0,4,236,933,2,1,6,25,NULL,'2016-01-28 17:36:09',NULL,NULL,NULL,NULL,NULL,NULL),(20,'84',NULL,0,4,236,934,2,1,6,25,NULL,'2016-01-28 17:36:09',NULL,NULL,NULL,NULL,NULL,NULL),(20,'72',NULL,1,4,236,935,2,1,6,25,NULL,'2016-01-28 17:36:09',NULL,NULL,NULL,NULL,NULL,NULL),(20,'105',NULL,0,4,236,936,2,1,6,25,NULL,'2016-01-28 17:36:09',NULL,NULL,NULL,NULL,NULL,NULL),(1,'table, view, procedure, function',NULL,1,5,237,937,2,1,1,26,NULL,'2016-03-07 04:56:12',NULL,NULL,NULL,NULL,NULL,NULL),(1,'DataTypes, Column, row, Data',NULL,0,5,237,938,2,1,1,26,NULL,'2016-03-07 04:56:12',NULL,NULL,NULL,NULL,NULL,NULL),(1,'Constraints, Indexing, Unique',NULL,0,5,237,939,2,1,1,26,NULL,'2016-03-07 04:56:12',NULL,NULL,NULL,NULL,NULL,NULL),(1,'Data',NULL,0,5,237,940,2,1,1,26,NULL,'2016-03-07 04:56:12',NULL,NULL,NULL,NULL,NULL,NULL),(2,'Columns',NULL,0,5,238,941,2,1,1,26,NULL,'2016-03-07 04:57:24',NULL,NULL,NULL,NULL,NULL,NULL),(2,'Tables',NULL,0,5,238,942,2,1,1,26,NULL,'2016-03-07 04:57:24',NULL,NULL,NULL,NULL,NULL,NULL),(2,'Rows',NULL,1,5,238,943,2,1,1,26,NULL,'2016-03-07 04:57:24',NULL,NULL,NULL,NULL,NULL,NULL),(2,'Data',NULL,0,5,238,944,2,1,1,26,NULL,'2016-03-07 04:57:24',NULL,NULL,NULL,NULL,NULL,NULL),(3,'Viewing table attributes',NULL,0,5,239,945,2,1,1,26,NULL,'2016-03-23 22:07:00',NULL,NULL,NULL,NULL,NULL,NULL),(3,'Viewing Copy of a table or a set of tables',NULL,1,5,239,946,2,1,1,26,NULL,'2016-03-23 22:07:00',NULL,NULL,NULL,NULL,NULL,NULL),(3,'Viewing table Data Types',NULL,0,5,239,947,2,1,1,26,NULL,'2016-03-23 22:07:00',NULL,NULL,NULL,NULL,NULL,NULL),(3,'Viewing Schemas',NULL,0,5,239,948,2,1,1,26,NULL,'2016-03-23 22:07:00',NULL,NULL,NULL,NULL,NULL,NULL),(4,'Best for Filtering for Columns in Tables',NULL,0,5,240,949,2,1,1,26,NULL,'2016-03-23 22:08:09',NULL,NULL,NULL,NULL,NULL,NULL),(4,'The Table Columns used for filtering or Condition',NULL,1,5,240,950,2,1,1,26,NULL,'2016-03-23 22:08:09',NULL,NULL,NULL,NULL,NULL,NULL),(4,'Tables which has no fields',NULL,0,5,240,951,2,1,1,26,NULL,'2016-03-23 22:08:09',NULL,NULL,NULL,NULL,NULL,NULL),(4,'Indexing Rows & Data',NULL,0,5,240,952,2,1,1,26,NULL,'2016-03-23 22:08:09',NULL,NULL,NULL,NULL,NULL,NULL),(5,'Data Management Language',NULL,0,5,241,953,2,1,1,26,NULL,'2016-03-23 22:16:38',NULL,NULL,NULL,NULL,NULL,NULL),(5,'Data Migration Library',NULL,0,5,241,954,2,1,1,26,NULL,'2016-03-23 22:16:38',NULL,NULL,NULL,NULL,NULL,NULL),(5,'Data Mining Library',NULL,0,5,241,955,2,1,1,26,NULL,'2016-03-23 22:16:38',NULL,NULL,NULL,NULL,NULL,NULL),(5,'Data Manipulation Language',NULL,1,5,241,956,2,1,1,26,NULL,'2016-03-23 22:16:38',NULL,NULL,NULL,NULL,NULL,NULL),(6,'Change',NULL,0,5,242,957,2,1,1,26,NULL,'2016-03-23 22:18:50',NULL,NULL,NULL,NULL,NULL,NULL),(6,'Update',NULL,0,5,242,958,2,1,1,26,NULL,'2016-03-23 22:18:50',NULL,NULL,NULL,NULL,NULL,NULL),(6,'Edit',NULL,0,5,242,959,2,1,1,26,NULL,'2016-03-23 22:18:50',NULL,NULL,NULL,NULL,NULL,NULL),(6,'Alter',NULL,1,5,242,960,2,1,1,26,NULL,'2016-03-23 22:18:50',NULL,NULL,NULL,NULL,NULL,NULL),(7,'True',NULL,1,5,243,961,3,1,1,26,NULL,'2016-03-23 22:19:55',NULL,NULL,NULL,NULL,NULL,NULL),(8,'True',NULL,1,5,244,962,3,1,1,26,NULL,'2016-03-23 22:20:52',NULL,NULL,NULL,NULL,NULL,NULL),(9,'columnlist, datatype list',NULL,0,5,245,963,2,1,1,26,NULL,'2016-03-23 22:23:22',NULL,NULL,NULL,NULL,NULL,NULL),(9,'Attribute list, Value list',NULL,1,5,245,964,2,1,1,26,NULL,'2016-03-23 22:23:22',NULL,NULL,NULL,NULL,NULL,NULL),(9,'datatype list, column list',NULL,0,5,245,965,2,1,1,26,NULL,'2016-03-23 22:23:22',NULL,NULL,NULL,NULL,NULL,NULL),(9,'Value list, Attribute list',NULL,0,5,245,966,2,1,1,26,NULL,'2016-03-23 22:23:22',NULL,NULL,NULL,NULL,NULL,NULL),(10,'Return middle value of a Column',NULL,0,5,246,967,2,1,1,26,NULL,'2016-03-23 22:25:41',NULL,NULL,NULL,NULL,NULL,NULL),(10,'Return the substring as specified',NULL,1,5,246,968,2,1,1,26,NULL,'2016-03-23 22:25:41',NULL,NULL,NULL,NULL,NULL,NULL),(10,'Return all values in a column',NULL,0,5,246,969,2,1,1,26,NULL,'2016-03-23 22:25:41',NULL,NULL,NULL,NULL,NULL,NULL),(10,'Returns middle cursor position',NULL,0,5,246,970,2,1,1,26,NULL,'2016-03-23 22:25:41',NULL,NULL,NULL,NULL,NULL,NULL),(11,'Yes',NULL,0,5,247,971,2,1,1,26,NULL,'2016-03-23 22:27:10',NULL,NULL,NULL,NULL,NULL,NULL),(11,'No',NULL,1,5,247,972,2,1,1,26,NULL,'2016-03-23 22:27:10',NULL,NULL,NULL,NULL,NULL,NULL),(12,'Signed Int range',NULL,1,5,248,973,2,1,1,26,NULL,'2016-03-23 22:28:24',NULL,NULL,NULL,NULL,NULL,NULL),(12,'Unsigned Int range',NULL,0,5,248,974,2,1,1,26,NULL,'2016-03-23 22:28:24',NULL,NULL,NULL,NULL,NULL,NULL),(12,'Signed Float range',NULL,0,5,248,975,2,1,1,26,NULL,'2016-03-23 22:28:24',NULL,NULL,NULL,NULL,NULL,NULL),(12,'Unsigned Float range',NULL,0,5,248,976,2,1,1,26,NULL,'2016-03-23 22:28:24',NULL,NULL,NULL,NULL,NULL,NULL),(13,'omit duplicate records',NULL,0,5,249,977,2,1,1,26,NULL,'2016-03-23 22:31:29',NULL,NULL,NULL,NULL,NULL,NULL),(13,'include duplicate records',NULL,1,5,249,978,2,1,1,26,NULL,'2016-03-23 22:31:29',NULL,NULL,NULL,NULL,NULL,NULL),(13,'omit all records',NULL,0,5,249,979,2,1,1,26,NULL,'2016-03-23 22:31:29',NULL,NULL,NULL,NULL,NULL,NULL),(13,'duplicates all records',NULL,0,5,249,980,2,1,1,26,NULL,'2016-03-23 22:31:29',NULL,NULL,NULL,NULL,NULL,NULL),(14,'Returns all rows from the left table, and the matched rows from the right table',NULL,0,5,250,981,2,1,1,26,NULL,'2016-03-23 22:35:25',NULL,NULL,NULL,NULL,NULL,NULL),(14,'Returns all rows from the right table, and the matched rows from the left table.',NULL,0,5,250,982,2,1,1,26,NULL,'2016-03-23 22:35:25',NULL,NULL,NULL,NULL,NULL,NULL),(14,'Returns all rows for which there is at least one match in BOTH tables.',NULL,1,5,250,983,2,1,1,26,NULL,'2016-03-23 22:35:25',NULL,NULL,NULL,NULL,NULL,NULL),(14,'Returns all rows for which there is a match in EITHER of the tables.',NULL,0,5,250,984,2,1,1,26,NULL,'2016-03-23 22:35:25',NULL,NULL,NULL,NULL,NULL,NULL),(15,'True',NULL,0,5,251,985,3,1,1,26,NULL,'2016-03-23 22:36:17',NULL,NULL,NULL,NULL,NULL,NULL),(16,'To specify the syntax and semantics of SQL data definition language',NULL,0,5,252,986,2,1,1,26,NULL,'2016-03-23 22:38:32',NULL,NULL,NULL,NULL,NULL,NULL),(16,'To specify the syntax and semantics of SQL manipulation language',NULL,0,5,252,987,2,1,1,26,NULL,'2016-03-23 22:38:32',NULL,NULL,NULL,NULL,NULL,NULL),(16,'To define the data structures',NULL,0,5,252,988,2,1,1,26,NULL,'2016-03-23 22:38:32',NULL,NULL,NULL,NULL,NULL,NULL),(16,'All of the above.',NULL,1,5,252,989,2,1,1,26,NULL,'2016-03-23 22:38:32',NULL,NULL,NULL,NULL,NULL,NULL),(17,'LIKE only',NULL,1,5,253,990,2,1,1,26,NULL,'2016-03-23 22:39:56',NULL,NULL,NULL,NULL,NULL,NULL),(17,'IN only',NULL,0,5,253,991,2,1,1,26,NULL,'2016-03-23 22:39:56',NULL,NULL,NULL,NULL,NULL,NULL),(17,'NOT IN only',NULL,0,5,253,992,2,1,1,26,NULL,'2016-03-23 22:39:56',NULL,NULL,NULL,NULL,NULL,NULL),(17,'IN and NOT IN',NULL,0,5,253,993,2,1,1,26,NULL,'2016-03-23 22:39:56',NULL,NULL,NULL,NULL,NULL,NULL),(18,'asterisk (*); percent sign (%)',NULL,1,5,254,994,2,1,1,26,NULL,'2016-03-23 22:41:13',NULL,NULL,NULL,NULL,NULL,NULL),(18,'percent sign (%); underscore (_)',NULL,0,5,254,995,2,1,1,26,NULL,'2016-03-23 22:41:13',NULL,NULL,NULL,NULL,NULL,NULL),(18,'underscore(_); question mark (?)',NULL,0,5,254,996,2,1,1,26,NULL,'2016-03-23 22:41:13',NULL,NULL,NULL,NULL,NULL,NULL),(18,'question mark (?); asterisk (*)',NULL,0,5,254,997,2,1,1,26,NULL,'2016-03-23 22:41:13',NULL,NULL,NULL,NULL,NULL,NULL),(19,'ONLY	',NULL,0,5,255,998,2,1,1,26,NULL,'2016-03-23 22:42:58',NULL,NULL,NULL,NULL,NULL,NULL),(19,'UNIQUE',NULL,0,5,255,999,2,1,1,26,NULL,'2016-03-23 22:42:58',NULL,NULL,NULL,NULL,NULL,NULL),(19,'DISTINCT	',NULL,1,5,255,1000,2,1,1,26,NULL,'2016-03-23 22:42:58',NULL,NULL,NULL,NULL,NULL,NULL),(19,'SINGLE',NULL,0,5,255,1001,2,1,1,26,NULL,'2016-03-23 22:42:58',NULL,NULL,NULL,NULL,NULL,NULL),(20,'LIKE only.',NULL,0,5,256,1002,2,1,1,26,NULL,'2016-03-23 22:45:38',NULL,NULL,NULL,NULL,NULL,NULL),(20,'IN only.',NULL,0,5,256,1003,2,1,1,26,NULL,'2016-03-23 22:45:38',NULL,NULL,NULL,NULL,NULL,NULL),(20,'NOT IN only.',NULL,0,5,256,1004,2,1,1,26,NULL,'2016-03-23 22:45:38',NULL,NULL,NULL,NULL,NULL,NULL),(20,'Both IN and NOT IN.',NULL,1,5,256,1005,2,1,1,26,NULL,'2016-03-23 22:45:38',NULL,NULL,NULL,NULL,NULL,NULL),(1,'f1, f2, f3',NULL,1,5,257,1006,2,1,2,27,NULL,'2016-03-23 22:48:12',NULL,NULL,NULL,NULL,NULL,NULL),(1,'f3, f2, f1',NULL,0,5,257,1007,2,1,2,27,NULL,'2016-03-23 22:48:12',NULL,NULL,NULL,NULL,NULL,NULL),(1,'The order may vary from compiler to compiler',NULL,0,5,257,1008,2,1,2,27,NULL,'2016-03-23 22:48:12',NULL,NULL,NULL,NULL,NULL,NULL),(1,'None of the above',NULL,0,5,257,1009,2,1,2,27,NULL,'2016-03-23 22:48:12',NULL,NULL,NULL,NULL,NULL,NULL),(2,'A mouse is an elephant built by the Japanese',NULL,1,5,258,1010,2,1,2,27,NULL,'2016-03-23 22:57:57',NULL,NULL,NULL,NULL,NULL,NULL),(2,'Breeding rabbits is a hare raising experience',NULL,0,5,258,1011,2,1,2,27,NULL,'2016-03-23 22:57:57',NULL,NULL,NULL,NULL,NULL,NULL),(2,'All of the above',NULL,0,5,258,1012,2,1,2,27,NULL,'2016-03-23 22:57:57',NULL,NULL,NULL,NULL,NULL,NULL),(2,'None of the above',NULL,0,5,258,1013,2,1,2,27,NULL,'2016-03-23 22:57:57',NULL,NULL,NULL,NULL,NULL,NULL),(3,'rem = 3.14 % 2.1;',NULL,0,5,259,1014,2,1,2,27,NULL,'2016-03-23 23:01:48',NULL,NULL,NULL,NULL,NULL,NULL),(3,'rem = modf(3.14, 2.1);',NULL,0,5,259,1015,2,1,2,27,NULL,'2016-03-23 23:01:48',NULL,NULL,NULL,NULL,NULL,NULL),(3,'rem = fmod(3.14, 2.1);',NULL,1,5,259,1016,2,1,2,27,NULL,'2016-03-23 23:01:48',NULL,NULL,NULL,NULL,NULL,NULL),(3,'Remainder cannot be obtain in floating point division.',NULL,0,5,259,1017,2,1,2,27,NULL,'2016-03-23 23:01:48',NULL,NULL,NULL,NULL,NULL,NULL),(4,'Internal and External	',NULL,0,5,260,1018,2,1,2,27,NULL,'2016-03-23 23:03:19',NULL,NULL,NULL,NULL,NULL,NULL),(4,'External, Internal and None',NULL,1,5,260,1019,2,1,2,27,NULL,'2016-03-23 23:03:19',NULL,NULL,NULL,NULL,NULL,NULL),(4,'External and None	',NULL,0,5,260,1020,2,1,2,27,NULL,'2016-03-23 23:03:19',NULL,NULL,NULL,NULL,NULL,NULL),(4,'Internal',NULL,0,5,260,1021,2,1,2,27,NULL,'2016-03-23 23:03:19',NULL,NULL,NULL,NULL,NULL,NULL),(5,'ceil(1.66)',NULL,1,5,261,1022,2,1,2,27,NULL,'2016-03-23 23:04:48',NULL,NULL,NULL,NULL,NULL,NULL),(5,'floor(1.66)',NULL,0,5,261,1023,2,1,2,27,NULL,'2016-03-23 23:04:48',NULL,NULL,NULL,NULL,NULL,NULL),(5,'roundup(1.66)',NULL,0,5,261,1024,2,1,2,27,NULL,'2016-03-23 23:04:48',NULL,NULL,NULL,NULL,NULL,NULL),(5,'roundto(1.66)',NULL,0,5,261,1025,2,1,2,27,NULL,'2016-03-23 23:04:48',NULL,NULL,NULL,NULL,NULL,NULL),(6,'Representation of NULL pointer',NULL,1,5,262,1026,2,1,2,27,NULL,'2016-03-23 23:08:11',NULL,NULL,NULL,NULL,NULL,NULL),(6,'Representation of void pointer',NULL,0,5,262,1027,2,1,2,27,NULL,'2016-03-23 23:08:11',NULL,NULL,NULL,NULL,NULL,NULL),(6,'Error',NULL,0,5,262,1028,2,1,2,27,NULL,'2016-03-23 23:08:11',NULL,NULL,NULL,NULL,NULL,NULL),(6,'None of above',NULL,0,5,262,1029,2,1,2,27,NULL,'2016-03-23 23:08:11',NULL,NULL,NULL,NULL,NULL,NULL),(7,'A keyword used to create variables',NULL,0,5,263,1030,2,1,2,27,NULL,'2016-03-23 23:09:12',NULL,NULL,NULL,NULL,NULL,NULL),(7,'A variable that stores address of an instruction',NULL,0,5,263,1031,2,1,2,27,NULL,'2016-03-23 23:09:12',NULL,NULL,NULL,NULL,NULL,NULL),(7,'A variable that stores address of other variable',NULL,1,5,263,1032,2,1,2,27,NULL,'2016-03-23 23:09:12',NULL,NULL,NULL,NULL,NULL,NULL),(7,'All of the above',NULL,0,5,263,1033,2,1,2,27,NULL,'2016-03-23 23:09:12',NULL,NULL,NULL,NULL,NULL,NULL),(8,'Value of elements in array',NULL,0,5,264,1034,2,1,2,27,NULL,'2016-03-23 23:11:04',NULL,NULL,NULL,NULL,NULL,NULL),(8,'First element of the array',NULL,0,5,264,1035,2,1,2,27,NULL,'2016-03-23 23:11:04',NULL,NULL,NULL,NULL,NULL,NULL),(8,'Base address of the array',NULL,1,5,264,1036,2,1,2,27,NULL,'2016-03-23 23:11:04',NULL,NULL,NULL,NULL,NULL,NULL),(8,'Address of the last element of array',NULL,0,5,264,1037,2,1,2,27,NULL,'2016-03-23 23:11:04',NULL,NULL,NULL,NULL,NULL,NULL),(9,'Virtual class',NULL,0,5,265,1038,2,1,2,27,NULL,'2016-03-23 23:12:32',NULL,NULL,NULL,NULL,NULL,NULL),(9,'Abstract class',NULL,0,5,265,1039,2,1,2,27,NULL,'2016-03-23 23:12:32',NULL,NULL,NULL,NULL,NULL,NULL),(9,'Singleton class',NULL,1,5,265,1040,2,1,2,27,NULL,'2016-03-23 23:12:32',NULL,NULL,NULL,NULL,NULL,NULL),(9,'Friend class',NULL,0,5,265,1041,2,1,2,27,NULL,'2016-03-23 23:12:32',NULL,NULL,NULL,NULL,NULL,NULL),(10,'Static function',NULL,0,5,266,1042,2,1,2,27,NULL,'2016-03-23 23:14:11',NULL,NULL,NULL,NULL,NULL,NULL),(10,'Friend function',NULL,1,5,266,1043,2,1,2,27,NULL,'2016-03-23 23:14:11',NULL,NULL,NULL,NULL,NULL,NULL),(10,'Const function',NULL,0,5,266,1044,2,1,2,27,NULL,'2016-03-23 23:14:11',NULL,NULL,NULL,NULL,NULL,NULL),(10,'Virtual function',NULL,0,5,266,1045,2,1,2,27,NULL,'2016-03-23 23:14:11',NULL,NULL,NULL,NULL,NULL,NULL),(11,'1',NULL,0,5,267,1046,2,1,2,27,NULL,'2016-03-23 23:14:59',NULL,NULL,NULL,NULL,NULL,NULL),(11,'5',NULL,0,5,267,1047,2,1,2,27,NULL,'2016-03-23 23:14:59',NULL,NULL,NULL,NULL,NULL,NULL),(11,'13',NULL,0,5,267,1048,2,1,2,27,NULL,'2016-03-23 23:14:59',NULL,NULL,NULL,NULL,NULL,NULL),(11,'0',NULL,1,5,267,1049,2,1,2,27,NULL,'2016-03-23 23:14:59',NULL,NULL,NULL,NULL,NULL,NULL),(12,'Encapsulation	',NULL,0,5,268,1050,2,1,2,27,NULL,'2016-03-23 23:16:13',NULL,NULL,NULL,NULL,NULL,NULL),(12,'Abstraction',NULL,0,5,268,1051,2,1,2,27,NULL,'2016-03-23 23:16:13',NULL,NULL,NULL,NULL,NULL,NULL),(12,'Composition	',NULL,1,5,268,1052,2,1,2,27,NULL,'2016-03-23 23:16:13',NULL,NULL,NULL,NULL,NULL,NULL),(12,'Inheritance',NULL,0,5,268,1053,2,1,2,27,NULL,'2016-03-23 23:16:13',NULL,NULL,NULL,NULL,NULL,NULL),(13,'A constructor is called at the time of declaration of an object.',NULL,1,5,269,1054,2,1,2,27,NULL,'2016-03-23 23:17:35',NULL,NULL,NULL,NULL,NULL,NULL),(13,'A constructor is called at the time of use of an object.',NULL,0,5,269,1055,2,1,2,27,NULL,'2016-03-23 23:17:35',NULL,NULL,NULL,NULL,NULL,NULL),(13,'A constructor is called at the time of declaration of a class.',NULL,0,5,269,1056,2,1,2,27,NULL,'2016-03-23 23:17:35',NULL,NULL,NULL,NULL,NULL,NULL),(13,'A constructor is called at the time of use of a class.',NULL,0,5,269,1057,2,1,2,27,NULL,'2016-03-23 23:17:35',NULL,NULL,NULL,NULL,NULL,NULL),(14,'Public data members',NULL,0,5,270,1058,2,1,2,27,NULL,'2016-03-23 23:18:41',NULL,NULL,NULL,NULL,NULL,NULL),(14,'Private data members',NULL,0,5,270,1059,2,1,2,27,NULL,'2016-03-23 23:18:41',NULL,NULL,NULL,NULL,NULL,NULL),(14,'Protected data members',NULL,1,5,270,1060,2,1,2,27,NULL,'2016-03-23 23:18:41',NULL,NULL,NULL,NULL,NULL,NULL),(14,'Member functions',NULL,0,5,270,1061,2,1,2,27,NULL,'2016-03-23 23:18:41',NULL,NULL,NULL,NULL,NULL,NULL),(15,'It cannot have a destructor.',NULL,0,5,271,1062,2,1,2,27,NULL,'2016-03-23 23:19:26',NULL,NULL,NULL,NULL,NULL,NULL),(15,'It cannot have a constructor.',NULL,0,5,271,1063,2,1,2,27,NULL,'2016-03-23 23:19:26',NULL,NULL,NULL,NULL,NULL,NULL),(15,'It is not allowed.',NULL,0,5,271,1064,2,1,2,27,NULL,'2016-03-23 23:19:26',NULL,NULL,NULL,NULL,NULL,NULL),(15,'Both A and B.',NULL,1,5,271,1065,2,1,2,27,NULL,'2016-03-23 23:19:26',NULL,NULL,NULL,NULL,NULL,NULL),(16,'Multilevel inheritance',NULL,0,5,272,1066,2,1,2,27,NULL,'2016-03-23 23:20:44',NULL,NULL,NULL,NULL,NULL,NULL),(16,'Multiple inheritance',NULL,1,5,272,1067,2,1,2,27,NULL,'2016-03-23 23:20:44',NULL,NULL,NULL,NULL,NULL,NULL),(16,'Hybrid inheritance',NULL,0,5,272,1068,2,1,2,27,NULL,'2016-03-23 23:20:44',NULL,NULL,NULL,NULL,NULL,NULL),(16,'Hierarchical Inheritance',NULL,0,5,272,1069,2,1,2,27,NULL,'2016-03-23 23:20:44',NULL,NULL,NULL,NULL,NULL,NULL),(17,'Abstraction',NULL,0,5,273,1070,2,1,2,27,NULL,'2016-03-23 23:21:51',NULL,NULL,NULL,NULL,NULL,NULL),(17,'Inheritance',NULL,1,5,273,1071,2,1,2,27,NULL,'2016-03-23 23:21:51',NULL,NULL,NULL,NULL,NULL,NULL),(17,'Dynamic binding',NULL,0,5,273,1072,2,1,2,27,NULL,'2016-03-23 23:21:51',NULL,NULL,NULL,NULL,NULL,NULL),(17,'Encapsulation',NULL,0,5,273,1073,2,1,2,27,NULL,'2016-03-23 23:21:51',NULL,NULL,NULL,NULL,NULL,NULL),(18,'7',NULL,1,5,274,1074,2,1,2,27,NULL,'2016-03-23 23:23:01',NULL,NULL,NULL,NULL,NULL,NULL),(18,'8',NULL,0,5,274,1075,2,1,2,27,NULL,'2016-03-23 23:23:01',NULL,NULL,NULL,NULL,NULL,NULL),(18,'Run time error',NULL,0,5,274,1076,2,1,2,27,NULL,'2016-03-23 23:23:01',NULL,NULL,NULL,NULL,NULL,NULL),(18,'None of the mentioned',NULL,0,5,274,1077,2,1,2,27,NULL,'2016-03-23 23:23:01',NULL,NULL,NULL,NULL,NULL,NULL),(19,'6 7',NULL,1,5,275,1078,2,1,2,27,NULL,'2016-03-23 23:24:22',NULL,NULL,NULL,NULL,NULL,NULL),(19,'6 6 ',NULL,0,5,275,1079,2,1,2,27,NULL,'2016-03-23 23:24:22',NULL,NULL,NULL,NULL,NULL,NULL),(19,'5 5',NULL,0,5,275,1080,2,1,2,27,NULL,'2016-03-23 23:24:22',NULL,NULL,NULL,NULL,NULL,NULL),(19,'5 6',NULL,0,5,275,1081,2,1,2,27,NULL,'2016-03-23 23:24:22',NULL,NULL,NULL,NULL,NULL,NULL),(20,'int my_num = 100,000;',NULL,0,5,276,1082,2,1,2,27,NULL,'2016-03-23 23:26:45',NULL,NULL,NULL,NULL,NULL,NULL),(20,'int my_num = 100000;',NULL,1,5,276,1083,2,1,2,27,NULL,'2016-03-23 23:26:45',NULL,NULL,NULL,NULL,NULL,NULL),(20,'int my num = 1000;',NULL,0,5,276,1084,2,1,2,27,NULL,'2016-03-23 23:26:45',NULL,NULL,NULL,NULL,NULL,NULL),(20,'int $my_num = 10000;',NULL,0,5,276,1085,2,1,2,27,NULL,'2016-03-23 23:26:45',NULL,NULL,NULL,NULL,NULL,NULL),(7,'False',NULL,0,5,243,1086,3,1,1,26,NULL,'2016-03-23 22:19:55',NULL,NULL,NULL,NULL,NULL,NULL),(8,'False',NULL,0,5,244,1087,3,1,1,26,NULL,'2016-03-23 22:20:52',NULL,NULL,NULL,NULL,NULL,NULL),(15,'False',NULL,1,5,251,1088,3,1,1,26,NULL,'2016-03-23 22:36:17',NULL,NULL,NULL,NULL,NULL,NULL),(1,'1',NULL,0,6,277,1089,2,1,1,33,NULL,'2016-06-18 15:57:23',NULL,NULL,NULL,NULL,NULL,NULL),(1,'2',NULL,0,6,277,1090,2,1,1,33,NULL,'2016-06-18 15:57:23',NULL,NULL,NULL,NULL,NULL,NULL),(1,'3',NULL,0,6,277,1091,2,1,1,33,NULL,'2016-06-18 15:57:23',NULL,NULL,NULL,NULL,NULL,NULL),(1,'50',NULL,1,6,277,1092,2,1,1,33,NULL,'2016-06-18 15:59:07',NULL,NULL,NULL,NULL,NULL,NULL),(1,'2',NULL,0,6,277,1093,2,1,1,33,NULL,'2016-06-18 15:59:07',NULL,NULL,NULL,NULL,NULL,NULL),(1,'3',NULL,0,6,277,1094,2,1,1,33,NULL,'2016-06-18 15:59:07',NULL,NULL,NULL,NULL,NULL,NULL),(2,'1',NULL,0,6,279,1095,2,1,1,33,NULL,'2016-06-18 16:11:37',NULL,NULL,NULL,NULL,NULL,NULL),(2,'2',NULL,0,6,279,1096,2,1,1,33,NULL,'2016-06-18 16:11:37',NULL,NULL,NULL,NULL,NULL,NULL),(2,'3',NULL,0,6,279,1097,2,1,1,33,NULL,'2016-06-18 16:11:37',NULL,NULL,NULL,NULL,NULL,NULL),(2,'1',NULL,0,6,279,1098,2,1,1,33,NULL,'2016-06-18 16:13:13',NULL,NULL,NULL,NULL,NULL,NULL),(2,'2',NULL,0,6,279,1099,2,1,1,33,NULL,'2016-06-18 16:13:13',NULL,NULL,NULL,NULL,NULL,NULL),(2,'3',NULL,0,6,279,1100,2,1,1,33,NULL,'2016-06-18 16:13:13',NULL,NULL,NULL,NULL,NULL,NULL),(2,'1',NULL,0,6,279,1101,2,1,1,33,NULL,'2016-06-18 16:14:19',NULL,NULL,NULL,NULL,NULL,NULL),(2,'2',NULL,0,6,279,1102,2,1,1,33,NULL,'2016-06-18 16:14:19',NULL,NULL,NULL,NULL,NULL,NULL),(2,'30',NULL,1,6,279,1103,2,1,1,33,NULL,'2016-06-18 16:14:19',NULL,NULL,NULL,NULL,NULL,NULL),(3,'1','\\testengine\\question_paper\\QP_ 6\\QPQ_ 282\\options\\1104.png',0,6,282,1104,2,2,1,33,NULL,'2016-06-18 16:15:26',NULL,NULL,NULL,NULL,NULL,NULL),(3,'2','\\testengine\\question_paper\\QP_ 6\\QPQ_ 282\\options\\1105.png',1,6,282,1105,2,2,1,33,NULL,'2016-06-18 16:15:26',NULL,NULL,NULL,NULL,NULL,NULL),(3,'3','\\testengine\\question_paper\\QP_ 6\\QPQ_ 282\\options\\1106.png',0,6,282,1106,2,2,1,33,NULL,'2016-06-18 16:15:27',NULL,NULL,NULL,NULL,NULL,NULL),(1,'1',NULL,0,7,283,1107,2,1,1,36,NULL,'2016-06-20 17:44:56',NULL,NULL,NULL,NULL,NULL,NULL),(1,'2',NULL,1,7,283,1108,2,1,1,36,NULL,'2016-06-20 17:44:56',NULL,NULL,NULL,NULL,NULL,NULL),(1,'3',NULL,0,7,283,1109,2,1,1,36,NULL,'2016-06-20 17:44:56',NULL,NULL,NULL,NULL,NULL,NULL),(1,'111',NULL,0,8,302,1114,2,1,1,37,NULL,'2016-07-08 16:53:14',NULL,NULL,NULL,NULL,NULL,NULL),(1,'1111',NULL,0,8,302,1115,2,1,1,37,NULL,'2016-07-08 16:53:14',NULL,NULL,NULL,NULL,NULL,NULL),(1,'111',NULL,1,8,302,1116,2,1,1,37,NULL,'2016-07-08 16:53:14',NULL,NULL,NULL,NULL,NULL,NULL),(1,'11',NULL,0,8,302,1117,2,1,1,37,NULL,'2016-07-08 16:53:14',NULL,NULL,NULL,NULL,NULL,NULL);

/*Table structure for table `question_paper_questions_masters` */

DROP TABLE IF EXISTS `question_paper_questions_masters`;

CREATE TABLE `question_paper_questions_masters` (
  `qpq_id` int(11) NOT NULL AUTO_INCREMENT,
  `qpq_order_id` int(11) NOT NULL,
  `qp_id` int(11) NOT NULL,
  `section_id` int(11) NOT NULL,
  `section_order_id` int(11) NOT NULL,
  `subject_id` int(1) NOT NULL,
  `chapter_id` int(11) NOT NULL,
  `question_type` int(1) NOT NULL,
  `question_text` text NOT NULL,
  `question_hint` text,
  `question_image` varchar(255) DEFAULT NULL,
  `answer_type` int(1) NOT NULL,
  `answer_option_type` int(1) NOT NULL,
  `marks` int(3) NOT NULL,
  `terms_condtions` varchar(255) DEFAULT NULL,
  `status` tinyint(1) DEFAULT NULL,
  `created_on` timestamp NOT NULL DEFAULT CURRENT_TIMESTAMP,
  `created_by` int(11) DEFAULT NULL,
  `updated_on` timestamp NULL DEFAULT NULL,
  `updated_by` int(11) DEFAULT NULL,
  `deleted_on` timestamp NULL DEFAULT NULL,
  `deleted_by` int(11) DEFAULT NULL,
  `remarks` varchar(255) DEFAULT NULL,
  PRIMARY KEY (`qpq_id`)
) ENGINE=InnoDB AUTO_INCREMENT=303 DEFAULT CHARSET=utf8;

/*Data for the table `question_paper_questions_masters` */

insert  into `question_paper_questions_masters`(`qpq_id`,`qpq_order_id`,`qp_id`,`section_id`,`section_order_id`,`subject_id`,`chapter_id`,`question_type`,`question_text`,`question_hint`,`question_image`,`answer_type`,`answer_option_type`,`marks`,`terms_condtions`,`status`,`created_on`,`created_by`,`updated_on`,`updated_by`,`deleted_on`,`deleted_by`,`remarks`) values (1,1,2,1,1,1,11,1,'<p><span style=\"line-height: 0.07in;\">The following sentence is broken into multiple parts. Join these parts to make a meaningful sentence.</span></p>\r\n<p><span style=\"line-height: 0.07in;\">1.at 2.it 3.take 4.Once 5.Away</span></p>',NULL,NULL,2,1,1,NULL,NULL,'2016-01-27 13:05:10',NULL,NULL,NULL,NULL,NULL,NULL),(2,2,2,1,1,1,11,1,'<p><span style=\"line-height: 0.07in;\">The following sentence is broken into multiple parts. Join these parts to make a meaningful sentence.</span></p>\r\n<p>1. seen 2. going 3. you 4. him 5. have</p>\r\n<p>&nbsp;</p>',NULL,NULL,2,1,1,NULL,NULL,'2016-01-27 13:10:54',NULL,NULL,NULL,NULL,NULL,NULL),(3,3,2,1,1,1,11,1,'<p><span style=\"line-height: 0.07in;\">In the question, an incomplete statement (stem) followed by fillers is given. Pick out the best one which can complete the incomplete stem correctly and meaningfully.</span></p>\r\n<p><span style=\"font-size: small;\">Unless you work harder you will fail, means __________________.</span></p>\r\n<p>&nbsp;</p>',NULL,NULL,2,1,1,NULL,NULL,'2016-01-27 13:14:06',NULL,NULL,NULL,NULL,NULL,NULL),(4,4,2,1,1,1,11,1,'<p><span style=\"line-height: 0.07in;\">In the question, an incomplete statement (stem) followed by fillers is given. Pick out the best one which can complete the incomplete stem correctly and meaningfully.</span></p>\r\n<p style=\"margin-left: -0.39in; margin-bottom: 0in; line-height: 0.07in;\" align=\"JUSTIFY\">&nbsp;</p>\r\n<p><span style=\"line-height: 0.07in;\">He is so lazy that he __________________.</span></p>',NULL,NULL,2,1,1,NULL,NULL,'2016-01-27 13:16:09',NULL,NULL,NULL,NULL,NULL,NULL),(5,1,2,2,2,1,14,1,'<p><span style=\"line-height: 0.07in;\">The art of deciphering scrambled messages has its roots in</span></p>',NULL,NULL,2,1,1,NULL,NULL,'2016-01-27 13:21:19',NULL,NULL,NULL,NULL,NULL,NULL),(6,2,2,2,2,1,14,1,'<p><span style=\"line-height: 0.07in;\">Placing the text of Koran in a sequential order was done&hellip;&hellip;&hellip;&hellip;&hellip;&hellip;&hellip;..</span></p>',NULL,NULL,2,1,1,NULL,NULL,'2016-01-27 13:22:31',NULL,NULL,NULL,NULL,NULL,NULL),(7,3,2,2,2,1,14,1,'<p><span style=\"line-height: 0.07in;\">A1-Kindi&rsquo;s contribution has been acknowledged in the field of &hellip;&hellip;&hellip;&hellip;&hellip;&hellip;..</span></p>',NULL,NULL,2,1,1,NULL,NULL,'2016-01-27 13:23:32',NULL,NULL,NULL,NULL,NULL,NULL),(8,4,2,2,2,1,14,1,'<p><span style=\"line-height: 0.07in;\">&nbsp;The word in the last paragraph that means &lsquo;coding of a clear text&rsquo; is &hellip;&hellip;&hellip;..</span></p>',NULL,NULL,2,1,1,NULL,NULL,'2016-01-27 13:25:08',NULL,NULL,NULL,NULL,NULL,NULL),(9,1,2,3,3,1,10,1,'<p>( 1 )</p>',NULL,NULL,2,1,1,NULL,NULL,'2016-01-27 13:32:32',NULL,NULL,NULL,NULL,NULL,NULL),(10,2,2,3,3,1,10,1,'<p>( 2 )</p>',NULL,NULL,2,1,1,NULL,NULL,'2016-01-27 13:35:18',NULL,NULL,NULL,NULL,NULL,NULL),(11,3,2,3,3,1,10,1,'<p>( 3 )</p>',NULL,NULL,2,1,1,NULL,NULL,'2016-01-27 13:36:00',NULL,NULL,NULL,NULL,NULL,NULL),(12,4,2,3,3,1,10,1,'<p>( 4 )</p>',NULL,NULL,2,1,1,NULL,NULL,'2016-01-27 13:37:22',NULL,NULL,NULL,NULL,NULL,NULL),(13,1,2,4,4,20,21,1,'<p><span style=\"line-height: 0.07in;\">A is thrice as good a workman as B and therefore is able to finish a job in 60 days less than B. Working together, they can do it in:</span></p>',NULL,NULL,2,1,1,NULL,NULL,'2016-01-27 14:19:15',NULL,NULL,NULL,NULL,NULL,NULL),(14,2,2,4,4,20,21,1,'<p><span style=\"line-height: 0.07in;\">X and Y can do a piece of work in 20 days and 12 days respectively. X started the work alone and then after 4 days Y joined him till the completion of the work. How long did the work last?</span></p>\r\n<p>&nbsp;</p>\r\n<p lang=\"en-US\" style=\"margin-left: -0.39in; margin-bottom: 0in; line-height: 0.07in;\" align=\"JUSTIFY\">&nbsp;</p>',NULL,NULL,2,1,1,NULL,NULL,'2016-01-27 14:21:01',NULL,NULL,NULL,NULL,NULL,NULL),(15,3,2,4,4,20,21,1,'<p><span style=\"line-height: 0.07in;\">A man has Rs. 480 in the denominations of one-rupee notes, five-rupee notes and ten-rupee notes. The number of notes of each denomination is equal. What is the total number of notes that he has?</span></p>',NULL,NULL,2,1,1,NULL,NULL,'2016-01-27 14:23:02',NULL,NULL,NULL,NULL,NULL,NULL),(16,4,2,4,4,20,21,1,'<p><span style=\"line-height: 0.07in;\">&nbsp;There are two examinations rooms A and B. If 10 students are sent from A to B, then the number of students in each room is the same. If 20 candidates are sent from B to A, then the number of students in A is double the number of students in B. The number of students in room A is:</span></p>',NULL,NULL,2,1,1,NULL,NULL,'2016-01-27 14:23:53',NULL,NULL,NULL,NULL,NULL,NULL),(17,5,2,4,4,20,21,1,'<p><span style=\"line-height: 0.07in;\">To fill a tank, 25 buckets of water is required. How many buckets of water will be required to fill the same tank if the capacity of the bucket is reduced to two-fifth of its present?</span></p>',NULL,NULL,2,1,1,NULL,NULL,'2016-01-27 14:25:00',NULL,NULL,NULL,NULL,NULL,NULL),(18,6,2,4,4,20,21,1,'<p><span style=\"line-height: 0.07in;\">A train running at the speed of 60 km/hr crosses a pole in 9 seconds. What is the length of the train?</span></p>',NULL,NULL,2,1,1,NULL,NULL,'2016-01-27 14:35:39',NULL,NULL,NULL,NULL,NULL,NULL),(19,7,2,4,4,20,21,1,'<p><span style=\"line-height: 0.07in;\">A train can travel 50% faster than a car. Both start from point A at the same time and reach point B 75 kms away from A at the same time. On the way, however, the train lost about 12.5 minutes while stopping at the stations. The speed of the car is:</span></p>',NULL,NULL,2,1,1,NULL,NULL,'2016-01-27 14:38:45',NULL,NULL,NULL,NULL,NULL,NULL),(20,8,2,4,4,20,21,1,'<p><span style=\"line-height: 0.07in;\">If selling price is doubled, the profit triples. Find the profit percent:</span></p>',NULL,NULL,2,1,1,NULL,NULL,'2016-01-27 14:44:39',NULL,NULL,NULL,NULL,NULL,NULL),(21,9,2,4,4,20,21,1,'<p><span style=\"line-height: 0.07in;\">A vendor bought toffees at 6 for a rupee. How many for a rupee must he sell to gain 20%?</span></p>',NULL,NULL,2,1,1,NULL,NULL,'2016-01-27 14:45:51',NULL,NULL,NULL,NULL,NULL,NULL),(27,10,2,4,4,20,21,1,'<p><span style=\"line-height: 0.07in;\">A batsman scored 110 runs which included 3 boundaries and 8 sixes. What percent of his total score did he make by running between the wickets?</span></p>',NULL,NULL,2,1,1,NULL,NULL,'2016-01-27 17:17:32',NULL,NULL,NULL,NULL,NULL,NULL),(28,11,2,4,4,20,21,1,'<p><span style=\"line-height: 0.07in;\">What percentage of numbers from 1 to 70 have squares that end in the digit 1?</span></p>',NULL,NULL,2,1,1,NULL,NULL,'2016-01-27 17:18:23',NULL,NULL,NULL,NULL,NULL,NULL),(29,12,2,4,4,20,21,1,'<p><span style=\"line-height: 0.07in;\">If A = x % of y and B = y % of x, then which of the following is true?</span></p>',NULL,NULL,2,1,1,NULL,NULL,'2016-01-27 17:19:39',NULL,NULL,NULL,NULL,NULL,NULL),(30,13,2,4,4,20,21,1,'<p><span style=\"line-height: 0.07in;\">The average age of a man, his wife and their child 3 years ago was 27 years and that of wife and the child 5 years ago was 20 years. The present age of the man is:</span></p>',NULL,NULL,2,1,1,NULL,NULL,'2016-01-27 17:20:41',NULL,NULL,NULL,NULL,NULL,NULL),(31,14,2,4,4,20,21,1,'<p><span style=\"line-height: 0.07in;\">A and B take part in 100 m race. A runs at 5 kmph. A gives B a lead of 8 m and still beats him by 8 seconds. The speed of B is:</span></p>',NULL,NULL,2,1,1,NULL,NULL,'2016-01-27 17:21:47',NULL,NULL,NULL,NULL,NULL,NULL),(32,15,2,4,4,20,21,1,'<p><span style=\"line-height: 0.07in;\">In a leap year, find the probability of getting 53 Sundays.</span></p>',NULL,NULL,2,1,1,NULL,NULL,'2016-01-27 17:22:53',NULL,NULL,NULL,NULL,NULL,NULL),(33,16,2,4,4,20,21,1,'<p><span style=\"line-height: 0.07in;\">A bag contains 5 red balls and some black balls. If the probability of drawing a black ball is double that of a red ball, find the number of black balls in the bag.</span></p>',NULL,NULL,2,1,1,NULL,NULL,'2016-01-27 17:23:47',NULL,NULL,NULL,NULL,NULL,NULL),(34,17,2,4,4,20,21,1,'<p><span style=\"line-height: 0.07in;\">In an exam, one mark is awarded for every correct answer and deducted for every wrong answer. A student answered all 120 questions and got 90 marks. Find the number of questions answered correctly.</span></p>',NULL,NULL,2,1,1,NULL,NULL,'2016-01-27 17:24:45',NULL,NULL,NULL,NULL,NULL,NULL),(35,18,2,4,4,20,21,1,'<p>A railway half ticket costs half the full fare and the reservation charge is the same for a half ticket as that for a full ticket. One half ticket and two full tickets cost Rs. 1195. Two half tickets and three full tickets cost Rs. 1915. What are the basic full fare and the reservation charges?</p>',NULL,NULL,2,1,1,NULL,NULL,'2016-01-27 18:12:21',NULL,NULL,NULL,NULL,NULL,NULL),(36,19,2,4,4,20,21,1,'<p><span style=\"line-height: 0.07in;\">The difference of two numbers is 1365. On dividing the larger number by the smaller, we get 6 as quotient and the 15 as remainder. What is the smaller number?</span></p>',NULL,NULL,2,1,1,NULL,NULL,'2016-01-27 18:13:15',NULL,NULL,NULL,NULL,NULL,NULL),(37,20,2,4,4,20,21,1,'<p><span style=\"line-height: 0.07in;\">In how many ways can a group of 8 students be chosen out of a batch of 12 students, if a particular student is always chosen.</span></p>',NULL,NULL,2,1,1,NULL,NULL,'2016-01-27 18:13:52',NULL,NULL,NULL,NULL,NULL,NULL),(38,21,2,4,4,20,21,1,'<p><span style=\"line-height: 0.07in;\">The number of ways in which letters of the word PARENT can be arranged so that R is always next to A is ___________ .</span></p>',NULL,NULL,2,1,1,NULL,NULL,'2016-01-27 18:14:36',NULL,NULL,NULL,NULL,NULL,NULL),(39,22,2,4,4,20,21,1,'<p><span style=\"line-height: 0.07in;\">A boat covers a certain distance downstream in 1 hour, while it comes back in hours. If the speed of the stream is 3 km/hr, the speed of the boat in still water is __________.</span></p>',NULL,NULL,2,1,1,NULL,NULL,'2016-01-27 18:15:37',NULL,NULL,NULL,NULL,NULL,NULL),(40,1,2,5,5,20,22,1,'<p><span style=\"line-height: 0.07in;\">If A + B means A is the mother of B; A - B means A is the brother B; A % B means A is the father of B and A x B means A is the sister of B, which of the following shows that P is the maternal uncle of Q?</span></p>',NULL,NULL,2,1,1,NULL,NULL,'2016-01-27 18:17:05',NULL,NULL,NULL,NULL,NULL,NULL),(41,2,2,5,5,20,22,1,'<p><span style=\"line-height: 0.07in;\">Rasik walked 20 m towards north. Then he turned right and walks 30 m. Then he turns right and walks 35 m. Then he turns left and walks 15 m. Finally he turns left and walks 15 m. In which direction and how many metres is he from the starting position?</span></p>',NULL,NULL,2,1,1,NULL,NULL,'2016-01-27 18:18:01',NULL,NULL,NULL,NULL,NULL,NULL),(42,3,2,5,5,20,22,1,'<p>If, hapllesh means cloudburst</p>\r\n<p>&nbsp; &nbsp; srenchoch means pinball and</p>\r\n<p>&nbsp; &nbsp; resbosrench means ninepin</p>\r\n<p>what would be \"cloud nine\"?&nbsp;</p>\r\n<p>&nbsp;</p>',NULL,NULL,2,1,1,NULL,NULL,'2016-01-27 18:21:56',NULL,NULL,NULL,NULL,NULL,NULL),(43,4,2,5,5,20,22,1,'<p><span style=\"line-height: 0.07in;\">P, Q, R, S, T, U, V and W are sitting round the circle and are facing the centre:</span></p>',NULL,NULL,2,1,1,NULL,NULL,'2016-01-27 18:23:06',NULL,NULL,NULL,NULL,NULL,NULL),(44,5,2,5,5,20,22,1,'<p><span style=\"line-height: 0.07in;\">Which two of the following are not neighbours?</span></p>',NULL,NULL,2,1,1,NULL,NULL,'2016-01-27 18:23:53',NULL,NULL,NULL,NULL,NULL,NULL),(45,6,2,5,5,20,22,1,'<p>Two statements are given below followed by two conclusions. Consider that the given two statements are true even if they seem to be at variance from commonly known facts. Study the statements. Choose the option on conclusion(s) that logically flow from the statements.</p>\r\n<p>Statements: Some actors are singers. All the singers are dancers.</p>\r\n<p>Conclusions:</p>\r\n<p>1. Some actors are dancers. 2.No singer is actor.</p>\r\n<p>&nbsp;</p>',NULL,NULL,2,1,1,NULL,NULL,'2016-01-27 18:25:19',NULL,NULL,NULL,NULL,NULL,NULL),(46,7,2,5,5,20,22,1,'<p><span style=\"line-height: 0.07in;\">In a survey, it was found that 21 persons liked cheese, 26 persons liked flavoured milk, and 29 liked yoghurt. 14 persons liked cheese and flavoured milk, 12 persons liked yoghurt and cheese, 13 flavoured milk and yoghurt and 8 persons all of the three.</span></p>\r\n<p lang=\"en-US\" style=\"margin-left: -0.39in; margin-bottom: 0in; line-height: 0.07in;\" align=\"JUSTIFY\">&nbsp;</p>\r\n<p>&nbsp;</p>\r\n<p lang=\"en-US\" style=\"margin-left: -0.39in; margin-bottom: 0in; line-height: 0.07in;\" align=\"JUSTIFY\"><font size=\"2\">Then, the number of the person who liked only yogurt is ________.</font></p>',NULL,NULL,2,1,1,NULL,NULL,'2016-01-27 18:26:04',NULL,NULL,NULL,NULL,NULL,NULL),(47,8,2,5,5,20,22,2,'<p><span style=\"line-height: 0.07in;\">Which letter replaces the question mark?</span></p>',NULL,'/testengine/question_paper/QP_ 2/QPQ_47/question/47.png',2,1,1,NULL,NULL,'2016-01-27 18:28:06',NULL,NULL,NULL,NULL,NULL,NULL),(48,9,2,5,5,20,22,2,'<p><span style=\"line-height: 0.07in;\">Two positions of dice are shown below. How many points will appear on the face opposite to the face containing 5 points?</span></p>',NULL,'/testengine/question_paper/QP_ 2/QPQ_48/question/48.png',2,1,1,NULL,NULL,'2016-01-27 18:29:21',NULL,NULL,NULL,NULL,NULL,NULL),(49,10,2,5,5,20,22,1,'<p>A and B are children of D. Who is the father of A? To answer this question, which of the statements (1) and (2) is necessary?</p>\r\n<p>1. C is the brother of A and the son of E.</p>\r\n<p>2. F is the mother of B.</p>\r\n<p>&nbsp;</p>',NULL,NULL,2,1,1,NULL,NULL,'2016-01-27 18:30:24',NULL,NULL,NULL,NULL,NULL,NULL),(50,11,2,5,5,20,22,1,'<p><span style=\"line-height: 6.72px;\">If,myncabel means saddle horse</span></p>\r\n<p>conowir means trail ride and</p>\r\n<p>cabelalma means horse blanket</p>\r\n<p>what would be \"horse ride\"?&nbsp;</p>',NULL,NULL,2,1,1,NULL,NULL,'2016-01-27 18:34:44',NULL,NULL,NULL,NULL,NULL,NULL),(51,12,2,5,5,20,22,1,'<p><span style=\"line-height: 0.07in;\">Five girls are sitting on a bench to be photographed. Seema is to the left of Rani and to the right of Bindu. Mary is to the right of Rani. Reeta is between Rani and Mary.</span></p>\r\n<p>Who is second from the left in photograph?</p>',NULL,NULL,2,1,1,NULL,NULL,'2016-01-27 18:35:40',NULL,NULL,NULL,NULL,NULL,NULL),(52,13,2,5,5,20,22,1,'<p><span style=\"line-height: 6.72px;\">Two statements are given below followed by two conclusions. Consider that the given two statements are true even if they seem to be at variance from commonly known facts. Study the statements. Choose the option on conclusion(s) that logically flow from the statements.</span></p>\r\n<p>Statements: All cars are cats. All fans are cats.</p>\r\n<p>Conclusions:</p>\r\n<p><span style=\"line-height: 6.72px;\">1. All cars are fans.</span></p>\r\n<p><span style=\"line-height: 6.72px;\">2. Some fans are cars.</span></p>',NULL,NULL,2,1,1,NULL,NULL,'2016-01-27 18:37:09',NULL,NULL,NULL,NULL,NULL,NULL),(53,14,2,5,5,20,22,1,'<p><span style=\"line-height: 0.07in;\">Which of the following diagrams indicates the </span><font style=\"line-height: 0.07in;\" size=\"2\">best relation between Hospital, Nurse and </font><font style=\"line-height: 0.07in; font-size: 9pt;\">Patient</font><font style=\"line-height: 0.07in;\" size=\"2\">?</font></p>',NULL,NULL,2,2,1,NULL,NULL,'2016-01-27 18:43:41',NULL,NULL,NULL,NULL,NULL,NULL),(54,15,2,5,5,20,22,1,'<p>Two statements are given below. Read both the statements and decide which of options correctly depicts the relationship between them.</p>\r\n<p><strong>&nbsp;Statements:</strong></p>\r\n<p>1.Importance of Yoga and exercise is being realized by all sections of the society.</p>\r\n<p>2.There is an increasing awareness about health in the society particularly among middle ages group of people.</p>',NULL,NULL,2,1,1,NULL,NULL,'2016-01-27 18:45:27',NULL,NULL,NULL,NULL,NULL,NULL),(55,16,2,5,5,20,22,1,'<p><span style=\"line-height: 0.07in;\">How many points will be on the face opposite to in face which contains 2 points?</span></p>',NULL,NULL,2,2,1,NULL,NULL,'2016-01-27 18:53:30',NULL,NULL,NULL,NULL,NULL,NULL),(56,1,1,8,1,1,2,1,'<p>Decision making is a vital part of our lives because:</p>',NULL,NULL,2,1,1,NULL,NULL,'2016-01-28 10:26:23',NULL,NULL,NULL,NULL,NULL,NULL),(57,2,1,8,1,1,2,1,'<p><span style=\"line-height: 0.07in;\">&nbsp; What we are today is a result of:</span></p>',NULL,NULL,2,1,1,NULL,NULL,'2016-01-28 10:28:28',NULL,NULL,NULL,NULL,NULL,NULL),(58,3,1,8,1,1,2,1,'<p><span style=\"line-height: 0.07in;\">&nbsp; People who take good decisions:</span></p>',NULL,NULL,2,1,1,NULL,NULL,'2016-01-28 10:29:58',NULL,NULL,NULL,NULL,NULL,NULL),(59,4,1,8,1,1,2,1,'<p><span style=\"line-height: 0.07in;\">&nbsp; To enhance decision making, we must:</span></p>',NULL,NULL,2,1,1,NULL,NULL,'2016-01-28 10:31:12',NULL,NULL,NULL,NULL,NULL,NULL),(60,5,1,8,1,1,2,1,'<p><span style=\"line-height: 0.07in;\">&nbsp; We may be heading for failure:</span></p>',NULL,NULL,2,1,1,NULL,NULL,'2016-01-28 10:32:05',NULL,NULL,NULL,NULL,NULL,NULL),(61,1,1,9,2,1,2,1,'<p>( 1 )</p>',NULL,NULL,2,1,1,NULL,NULL,'2016-01-28 10:33:52',NULL,NULL,NULL,NULL,NULL,NULL),(62,2,1,9,2,1,2,1,'<p>( 2 )</p>',NULL,NULL,2,1,1,NULL,NULL,'2016-01-28 10:34:38',NULL,NULL,NULL,NULL,NULL,NULL),(63,3,1,9,2,1,2,1,'<p>( 3 )</p>',NULL,NULL,2,1,1,NULL,NULL,'2016-01-28 10:36:04',NULL,NULL,NULL,NULL,NULL,NULL),(64,4,1,9,2,1,2,1,'<p>( 4 )</p>',NULL,NULL,2,1,1,NULL,NULL,'2016-01-28 10:36:35',NULL,NULL,NULL,NULL,NULL,NULL),(65,5,1,9,2,1,2,1,'<p>( 5 )</p>',NULL,NULL,2,1,1,NULL,NULL,'2016-01-28 10:36:58',NULL,NULL,NULL,NULL,NULL,NULL),(66,1,1,10,3,1,2,1,'<p><span style=\"line-height: 0.07in;\">People discouraged him, __________ he kept trying.</span></p>',NULL,NULL,2,1,1,NULL,NULL,'2016-01-28 10:38:33',NULL,NULL,NULL,NULL,NULL,NULL),(67,2,1,10,3,1,2,1,'<p><span style=\"line-height: 0.07in; text-indent: -0.2in;\">Walk quickly, ______ you will miss the train.</span></p>',NULL,NULL,2,1,1,NULL,NULL,'2016-01-28 10:39:41',NULL,NULL,NULL,NULL,NULL,NULL),(68,3,1,10,3,1,2,1,'<p><span style=\"line-height: 0.07in; text-indent: -0.2in;\">My mother is unwell, _____ I must go home quickly to help her.</span></p>',NULL,NULL,2,1,1,NULL,NULL,'2016-01-28 10:40:25',NULL,NULL,NULL,NULL,NULL,NULL),(69,4,1,10,3,1,2,1,'<p><span style=\"line-height: 0.07in; text-indent: -0.2in;\">Navin is not in town; _________ he will not attend the celebrations.</span></p>',NULL,NULL,2,1,1,NULL,NULL,'2016-01-28 10:41:59',NULL,NULL,NULL,NULL,NULL,NULL),(70,5,1,10,3,1,2,1,'<p><span style=\"line-height: 0.07in;\">&nbsp; I will certainly come ________ you invite me.</span></p>',NULL,NULL,2,1,1,NULL,NULL,'2016-01-28 10:44:42',NULL,NULL,NULL,NULL,NULL,NULL),(71,1,1,11,4,1,2,1,'<p><span style=\"line-height: 0.07in; text-indent: -0.2in;\">The farmers _________ that heavy rains had damaged their crops.</span></p>',NULL,NULL,2,1,1,NULL,NULL,'2016-01-28 10:45:55',NULL,NULL,NULL,NULL,NULL,NULL),(72,2,1,11,4,1,2,1,'<p><span style=\"line-height: 0.07in; text-indent: -0.2in;\">The extent of the damage __________ after the smoke clears out.</span></p>',NULL,NULL,2,1,1,NULL,NULL,'2016-01-28 10:46:41',NULL,NULL,NULL,NULL,NULL,NULL),(73,3,1,11,4,1,2,1,'<p><span style=\"line-height: 0.07in; text-indent: -0.2in;\">To make sure our team wins the final, we __________ every day before the match.</span></p>',NULL,NULL,2,1,1,NULL,NULL,'2016-01-28 10:47:46',NULL,NULL,NULL,NULL,NULL,NULL),(74,4,1,11,4,1,2,1,'<p><span style=\"line-height: 0.07in; text-indent: -0.2in;\">Dad called to say that he ________________ his mobile phone.</span></p>',NULL,NULL,2,1,1,NULL,NULL,'2016-01-28 10:48:56',NULL,NULL,NULL,NULL,NULL,NULL),(75,5,1,11,4,1,2,1,'<p><span style=\"line-height: 0.07in; text-indent: -0.2in;\">I ______ why these people have pets if they do not ________ looking after animals.</span></p>',NULL,NULL,2,1,1,NULL,NULL,'2016-01-28 10:49:59',NULL,NULL,NULL,NULL,NULL,NULL),(76,1,1,12,5,20,21,1,'<p>What is the smallest number greater than 5000 that is divisible by 3, 4, and 5?</p>',NULL,NULL,2,1,1,NULL,NULL,'2016-01-28 10:51:08',NULL,NULL,NULL,NULL,NULL,NULL),(77,3,1,12,5,20,21,1,'<p>The sum of three consecutive numbers is 11 more than the smallest of the number. Find the largest number.</p>',NULL,NULL,2,1,1,NULL,NULL,'2016-01-28 10:57:28',NULL,NULL,NULL,NULL,NULL,NULL),(78,4,1,12,5,20,21,1,'<p>The ages of three sisters are consecutive multiples of six. Six years ago, the sum of their ages was ninety. What is the present age of the oldest sister?</p>',NULL,NULL,2,1,1,NULL,NULL,'2016-01-28 10:58:12',NULL,NULL,NULL,NULL,NULL,NULL),(79,5,1,12,5,20,21,1,'<p><span style=\"line-height: 0.07in;\">Amit is five times his daughter&rsquo;s age. After 6 years, he will be three times his daughter&rsquo;s age. How old is Amit?</span></p>',NULL,NULL,2,1,1,NULL,NULL,'2016-01-28 10:58:55',NULL,NULL,NULL,NULL,NULL,NULL),(80,6,1,12,5,20,21,1,'<p>The length of a rectangle is 4 cm less than 5 times its breadth. The perimeter of the rectangle is 40 cm. Find the area of the rectangle.</p>',NULL,NULL,2,1,1,NULL,NULL,'2016-01-28 11:00:49',NULL,NULL,NULL,NULL,NULL,NULL),(81,7,1,12,5,20,21,1,'<p><span style=\"line-height: 0.07in; text-indent: -0.25in;\">Piyush can complete a work in 40 days. Mayank can complete the same work in 60 days. Piyush started the work and was joined by Mayank after 5 days. If they work together, how many more days will they take to complete the remaining work?</span></p>',NULL,NULL,2,1,1,NULL,NULL,'2016-01-28 11:01:42',NULL,NULL,NULL,NULL,NULL,NULL),(82,8,1,12,5,20,21,1,'<p>Rajan and Vivek can complete a piece of work in 12 days and 6 days respectively. How many days will they take to finish a task, if they work together?</p>',NULL,NULL,2,1,1,NULL,NULL,'2016-01-28 11:02:21',NULL,NULL,NULL,NULL,NULL,NULL),(83,9,1,12,5,20,21,1,'<p>Two taps, A and B, can fill a tank in 48 minutes and 36 minutes respectively, while C can empty the tank in 24 minutes. If tap B is opened 10 minutes after tap A, and tap C is opened 2 minutes after tap B, how long will it take to fill the tank?</p>',NULL,NULL,2,1,1,NULL,NULL,'2016-01-28 11:03:47',NULL,NULL,NULL,NULL,NULL,NULL),(84,10,1,12,5,20,21,1,'<p>Saloni walks from her house to the theatre at 3 km/hr and was 8 minutes late for the movie. If her speed of walking had been 4 km/hr, she would have reached 12 minutes early. Find the distance, in kilometers, from her house to the theatre.</p>',NULL,NULL,2,1,1,NULL,NULL,'2016-01-28 11:04:19',NULL,NULL,NULL,NULL,NULL,NULL),(85,11,1,12,5,20,21,1,'<p>A train 350 m long is travelling at a speed of 54 km/hr. How long, in seconds, will it take to cross a bridge 250 m long?</p>',NULL,NULL,2,1,1,NULL,NULL,'2016-01-28 11:04:55',NULL,NULL,NULL,NULL,NULL,NULL),(86,12,1,12,5,20,21,1,'<p>The number of times a bird flaps its wings per second varies indirectly with the length of its wings.</p>\r\n<p>bird flaps its wings at a rate of 3.2 flaps per second and has a wing length of 22.5 centimeters. If the variation constant does not change, how many times will a bird with a wing length of 15 centimetres, flap its wings each second?</p>',NULL,NULL,2,1,1,NULL,NULL,'2016-01-28 11:05:47',NULL,NULL,NULL,NULL,NULL,NULL),(87,13,1,12,5,20,21,1,'<p>The <span lang=\"en-GB\">Neeraj started a business investing Rs. 27,000. After 6 months, Karan joined him with a capital of Rs. 36,000. After another 3 months, Sameer joined them with a capital of Rs. 45,000. At the end of the year, they made a profit of&nbsp;</span>Rs. 12,500, find the share of Karan.</p>',NULL,NULL,2,1,1,NULL,NULL,'2016-01-28 11:07:00',NULL,NULL,NULL,NULL,NULL,NULL),(88,14,1,12,5,20,21,1,'<p>A<span lang=\"en-GB\"> man claims to sell milk at cost price. He wants to gain 20% on it. Find the proportion of water that must be added to the milk, if he sells 36 litres of milk every day.</span></p>',NULL,NULL,2,1,1,NULL,NULL,'2016-01-28 11:07:53',NULL,NULL,NULL,NULL,NULL,NULL),(89,15,1,12,5,20,21,1,'<p>Rahul located a new table and chairs at a bargain sale for Rs. 2,000. If he received a discount of 20% because the table was damaged, how much would he pay for the table and chairs?</p>',NULL,NULL,2,1,1,NULL,NULL,'2016-01-28 11:09:01',NULL,NULL,NULL,NULL,NULL,NULL),(90,16,1,12,5,20,21,1,'<p>Lalit sold 308 magazine subscriptions for his school this year. The number is down 12% from last year. How many subscriptions did Lalit sell last year?</p>',NULL,NULL,2,1,1,NULL,NULL,'2016-01-28 11:09:38',NULL,NULL,NULL,NULL,NULL,NULL),(91,17,1,12,5,20,21,1,'<p>Sameer invested Rs. 1,200 in an account that pays 13.2% per annum simple interest and he left all of the money in the account. What is the balance in the account after 4 years?</p>',NULL,NULL,2,1,1,NULL,NULL,'2016-01-28 11:10:37',NULL,NULL,NULL,NULL,NULL,NULL),(92,18,1,12,5,20,21,1,'<p>The average weight of 8 babies is 3.5 kg. If 7 of the babies weigh 2.8 kg, 4.2 kg, 3.2 kg, 4.5 kg, 2.6 kg, 3.4 kg, and 3.8 kg, find the weight of the eighth baby.</p>',NULL,NULL,2,1,1,NULL,NULL,'2016-01-28 11:11:17',NULL,NULL,NULL,NULL,NULL,NULL),(93,19,1,12,5,20,21,1,'<p>Satish has 3 ten-rupee notes and 7 fifty-rupee notes in his wallet. He randomly chooses two notes together from his wallet. What is the probability that both the notes he chooses are fifty-rupee notes?</p>',NULL,NULL,2,1,1,NULL,NULL,'2016-01-28 11:11:59',NULL,NULL,NULL,NULL,NULL,NULL),(94,20,1,12,5,20,21,1,'<p>A bag contains 3 green balls, 2 white balls, and 5 blue balls. A ball is picked at random and replaced. A second ball is picked at random. What is the probability that the first ball is white and the second ball is not white?</p>',NULL,NULL,2,1,1,NULL,NULL,'2016-01-28 11:12:36',NULL,NULL,NULL,NULL,NULL,NULL),(95,1,1,13,6,20,22,1,'<p>Jane introduces a man as the son of the brother of her mother. How is the man related to Jane?</p>',NULL,NULL,2,1,1,NULL,NULL,'2016-01-28 11:13:44',NULL,NULL,NULL,NULL,NULL,NULL),(96,2,1,13,6,20,22,1,'<p><span style=\"line-height: 0.07in;\">Study the information provided and answer the question that follows.</span></p>\r\n<ol type=\"I\">\r\n<li>\r\n<p style=\"margin-bottom: 0in; line-height: 0.07in;\" align=\"JUSTIFY\">A, B, C, D, E, F, G and H are standing in a row facing north.</p>\r\n</li>\r\n<li>\r\n<p style=\"margin-bottom: 0in; line-height: 0.07in;\" align=\"JUSTIFY\">B is not a neighbour of G.</p>\r\n</li>\r\n<li>\r\n<p style=\"margin-bottom: 0in; line-height: 120%;\">F is to the immediate right of G and neighbour of E.</p>\r\n</li>\r\n<li>\r\n<p style=\"margin-bottom: 0in; line-height: 0.07in;\" align=\"JUSTIFY\">G is not at the extreme end.</p>\r\n</li>\r\n<li>\r\n<p style=\"margin-bottom: 0in; line-height: 0.07in;\" align=\"JUSTIFY\">A is sixth to the left of E.</p>\r\n</li>\r\n<li>\r\n<p style=\"margin-bottom: 0in; line-height: 120%;\">H is sixth to the right of C.</p>\r\n</li>\r\n</ol>\r\n<p><span style=\"line-height: 120%;\">Who among the following are neighbours?</span></p>',NULL,NULL,2,1,1,NULL,NULL,'2016-01-28 11:15:15',NULL,NULL,NULL,NULL,NULL,NULL),(97,3,1,13,6,20,22,1,'<p>If, Study the series given and find the next member of the series.</p>\r\n<p>NAD, OEH, PIL, QOR,_____</p>',NULL,NULL,2,1,1,NULL,NULL,'2016-01-28 11:16:02',NULL,NULL,NULL,NULL,NULL,NULL),(98,4,1,13,6,20,22,2,'<p><span style=\"line-height: 0.07in;\">The chart gives the survey of various soaps used in a locality of 1,500 families. How many more families use Cinthol soap as compared to Pears soap?</span></p>',NULL,'/testengine/question_paper/QP_ 6/QPQ_98/question/98.png',2,1,1,NULL,NULL,'2016-01-28 11:18:53',NULL,NULL,NULL,NULL,NULL,NULL),(99,5,1,13,6,20,22,2,'<p><span style=\"line-height: 0.07in;\">If the number of families using Lux is decreased by 5 % and the number of families using Santoor is increased by 5 %, what will be the difference between the number of families using Lux and Santoor?</span></p>',NULL,'/testengine/question_paper/QP_ 6/QPQ_99/question/99.png',2,1,1,NULL,NULL,'2016-01-28 11:19:36',NULL,NULL,NULL,NULL,NULL,NULL),(100,6,1,13,6,20,22,2,'<p><span style=\"line-height: 0.07in;\">Calculate the number of families using Rexona or Dove.</span></p>',NULL,'/testengine/question_paper/QP_ 6/QPQ_100/question/100.png',2,1,1,NULL,NULL,'2016-01-28 11:20:29',NULL,NULL,NULL,NULL,NULL,NULL),(101,7,1,13,6,20,22,1,'<p>In a certain code language, SUCCESS is written as HFXXVHH. What is the code for FAILURE in the same code language?</p>',NULL,NULL,2,1,1,NULL,NULL,'2016-01-28 11:21:39',NULL,NULL,NULL,NULL,NULL,NULL),(102,8,1,13,6,20,22,1,'<p>Raj cycles 15 km towards North. From here, he cycles 11 km towards South. He then cycles 3 km towards West. How far and in which direction is he with reference to his starting point?</p>',NULL,NULL,2,1,1,NULL,NULL,'2016-01-28 11:22:50',NULL,NULL,NULL,NULL,NULL,NULL),(103,9,1,13,6,20,22,2,'<p>Study the information given in the table and calculate the difference in the cost of flooring the rooms A and C. Consider the value of <font face=\"sans-serif\"><span style=\"font-size: 14px; line-height: 22.4px;\">&nbsp;</span></font><span class=\"texhtml\" style=\"-webkit-font-feature-settings: \'lnum\' 1, \'tnum\' 1, \'kern\' 0; font-kerning: none; font-family: \'Nimbus Roman No9 L\', \'Times New Roman\', Times, serif; font-size: 16.52px; line-height: 1; white-space: nowrap; color: #252525;\">&pi;&nbsp;</span>&nbsp;to be 22/7.</p>\r\n<p>&nbsp;</p>',NULL,'/testengine/question_paper/QP_ 6/QPQ_103/question/103.png',2,1,1,NULL,NULL,'2016-01-28 11:28:53',NULL,NULL,NULL,NULL,NULL,NULL),(104,10,1,13,6,20,22,1,'<p>In a school, there are five teachers.</p>\r\n<p>Anu and Beena teach Hindi and English.</p>\r\n<p>Charu and Daisy teach English and Geography.</p>\r\n<p>Daisy and Anu teach English and Mathematics</p>\r\n<p>Elena and Beena teach History and Science.</p>\r\n<p>Who among the teachers teach the maximum number of subjects?</p>',NULL,NULL,2,1,1,NULL,NULL,'2016-01-28 11:30:02',NULL,NULL,NULL,NULL,NULL,NULL),(105,11,1,13,6,20,22,1,'<p><span style=\"line-height: 0.07in;\">Which of the following diagrams indicates the best relation between Moon, Earth, and trees?</span></p>',NULL,NULL,2,2,1,NULL,NULL,'2016-01-28 11:33:42',NULL,NULL,NULL,NULL,NULL,NULL),(106,12,1,13,6,20,22,2,'<p><span style=\"line-height: 0.07in;\">Study the bar graph and calculate in how many of the given years was the production of wheat more than average production of the given years?</span></p>',NULL,'/testengine/question_paper/QP_ 6/QPQ_106/question/106.png',2,1,1,NULL,NULL,'2016-01-28 11:38:29',NULL,NULL,NULL,NULL,NULL,NULL),(107,13,1,13,6,20,22,1,'<p>Four subjects &mdash; Physics, Chemistry, Mathematics and Biology were taught in four consecutive periods of one hour each starting from 8.00 a.m. Study the statements given below and identify which statements are needed to answer the question, &lsquo;At what time was the Chemistry period scheduled?&rsquo;</p>\r\n<p><strong>Statements</strong></p>\r\n<p>I. Mathematics period ended at 10.00 a.m. which was preceded by Biology.</p>\r\n<p>II. Physics was scheduled in the last period.</p>\r\n<p>III. Mathematics period was immediately followed by Chemistry.</p>',NULL,NULL,2,1,1,NULL,NULL,'2016-01-28 11:40:08',NULL,NULL,NULL,NULL,NULL,NULL),(108,14,1,13,6,20,22,1,'<p>Study the statements given below and identify which statements are needed to answer the 54. question, &lsquo;Among four friends A. B, C and D, who is the heaviest?&rsquo;</p>\r\n<p><strong>Statements</strong></p>\r\n<p>Statement I: B is heavier than A, but lighter than D.</p>\r\n<p>Statement II: C is lighter than B.</p>',NULL,NULL,2,1,1,NULL,NULL,'2016-01-28 11:41:49',NULL,NULL,NULL,NULL,NULL,NULL),(109,15,1,13,6,20,22,1,'<p>In a class of 30 students, 21 students like Mathematics, while 16 students like English. 6 students don\'t like either Mathematics or English. How many students like both Mathematics and English?</p>',NULL,NULL,2,1,1,NULL,NULL,'2016-01-28 11:43:02',NULL,NULL,NULL,NULL,NULL,NULL),(110,16,1,13,6,20,22,1,'<p>In a running race, Lina finished after Diya, but came in ahead of Maya. Anu beat Diya, but finished after Kavya. What was the final position of Anu at the end of the race?</p>',NULL,NULL,2,1,1,NULL,NULL,'2016-01-28 11:43:46',NULL,NULL,NULL,NULL,NULL,NULL),(111,17,1,13,6,20,22,2,'<p><span style=\"line-height: 0.07in;\">The chart shows the profit earned by three different organizations each year. For which pairs of years is the total profit from the three organizations, the same?</span></p>',NULL,'/testengine/question_paper/QP_ 6/QPQ_111/question/111.png',2,1,1,NULL,NULL,'2016-01-28 11:45:24',NULL,NULL,NULL,NULL,NULL,NULL),(112,18,1,13,6,20,22,1,'<p>For the Assertion (A) and Reason (R) below, choose the correct option:</p>\r\n<p>&nbsp;</p>\r\n<p>A: An atom is neutral despite the existence of charged particles in it.</p>\r\n<p>R: Neutrons do not have any charge.</p>',NULL,NULL,2,1,1,NULL,NULL,'2016-01-28 11:46:37',NULL,NULL,NULL,NULL,NULL,NULL),(113,19,1,13,6,20,22,1,'<p>Eight students, A, B, C, D, E, F, G, and H are sitting in a circle facing the centre.&nbsp;</p>\r\n<p>B is sitting between G and D. H is third to the left of B and second to the right of A. C is sitting between A and G. &nbsp;B and E are not sitting opposite to each other.</p>\r\n<p>&nbsp;</p>\r\n<p>Which of the following statements is not correct?</p>',NULL,NULL,2,1,1,NULL,NULL,'2016-01-28 11:47:33',NULL,NULL,NULL,NULL,NULL,NULL),(114,20,1,13,6,20,22,2,'<p><span style=\"line-height: 0.07in;\">The pie chart shows the percentage of students in each faculty at the National University. A total of 1,300 students have enrolled in the University. How many more students have taken up Computing as compared to Engineering?</span></p>',NULL,'/testengine/question_paper/QP_ 6/QPQ_114/question/114.png',2,1,1,NULL,NULL,'2016-01-28 11:48:13',NULL,NULL,NULL,NULL,NULL,NULL),(115,2,1,12,5,20,21,2,'<p>Solve:</p>',NULL,'/testengine/question_paper/QP_ 6/QPQ_115/question/115.png',2,1,1,NULL,NULL,'2016-01-28 12:06:05',NULL,NULL,NULL,NULL,NULL,NULL),(116,1,3,14,1,1,14,1,'<p><span style=\"line-height: 100%;\">To get a raise means:</span></p>\r\n',NULL,NULL,2,1,1,NULL,NULL,'2016-01-28 12:27:22',NULL,NULL,NULL,NULL,NULL,NULL),(117,2,3,14,1,1,14,1,'<p>It is difficult to get a raise today because :</p>',NULL,NULL,2,1,1,NULL,NULL,'2016-01-28 12:28:27',NULL,NULL,NULL,NULL,NULL,NULL),(118,3,3,14,1,1,14,1,'<p>&lsquo;A lull in the workload&rsquo; refers to :</p>',NULL,NULL,2,1,1,NULL,NULL,'2016-01-28 12:29:11',NULL,NULL,NULL,NULL,NULL,NULL),(119,4,3,14,1,1,14,1,'<p>You can evaluate your work by :</p>\r\n',NULL,NULL,2,1,1,NULL,NULL,'2016-01-28 12:30:12',NULL,NULL,NULL,NULL,NULL,NULL),(120,5,3,14,1,1,14,1,'<p>In waiting for &lsquo;them&rsquo; to tell &lsquo;us&rsquo;, them refers to :</p>',NULL,NULL,2,1,1,NULL,NULL,'2016-01-28 12:31:06',NULL,NULL,NULL,NULL,NULL,NULL),(121,1,3,15,2,1,2,1,'<p>( 1 )</p>',NULL,NULL,2,1,1,NULL,NULL,'2016-01-28 12:32:01',NULL,NULL,NULL,NULL,NULL,NULL),(122,2,3,15,2,1,2,1,'<p>( 2 )</p>',NULL,NULL,2,1,1,NULL,NULL,'2016-01-28 12:32:46',NULL,NULL,NULL,NULL,NULL,NULL),(123,3,3,15,2,1,2,1,'<p>( 3 )</p>',NULL,NULL,2,1,1,NULL,NULL,'2016-01-28 12:35:15',NULL,NULL,NULL,NULL,NULL,NULL),(124,4,3,15,2,1,2,1,'<p>( 4 )</p>',NULL,NULL,2,1,1,NULL,NULL,'2016-01-28 12:37:38',NULL,NULL,NULL,NULL,NULL,NULL),(125,5,3,15,2,1,2,1,'<p>( 5 )</p>',NULL,NULL,2,1,1,NULL,NULL,'2016-01-28 12:38:01',NULL,NULL,NULL,NULL,NULL,NULL),(126,1,3,16,3,1,2,1,'<p><span style=\"line-height: 100%; text-indent: -0.2in;\">You __________ the result in a few days.</span></p>',NULL,NULL,2,1,1,NULL,NULL,'2016-01-28 12:39:20',NULL,NULL,NULL,NULL,NULL,NULL),(127,2,3,16,3,1,2,1,'<p>The boys __________ when their team won.</p>',NULL,NULL,2,1,1,NULL,NULL,'2016-01-28 12:40:52',NULL,NULL,NULL,NULL,NULL,NULL),(128,3,3,16,3,1,2,1,'<p>The fair ___________ by the Mayor.</p>',NULL,NULL,2,1,1,NULL,NULL,'2016-01-28 12:41:47',NULL,NULL,NULL,NULL,NULL,NULL),(129,4,3,16,3,1,2,1,'<p>When I rang up last night, he ___________.</p>',NULL,NULL,2,1,1,NULL,NULL,'2016-01-28 12:42:27',NULL,NULL,NULL,NULL,NULL,NULL),(130,5,3,16,3,1,2,1,'<p>The world will soon _________ of coal and oil.&nbsp;</p>',NULL,NULL,2,1,1,NULL,NULL,'2016-01-28 12:43:14',NULL,NULL,NULL,NULL,NULL,NULL),(131,1,3,17,4,1,2,1,'<p>Sita will not go _____ her parents agree.</p>',NULL,NULL,2,1,1,NULL,NULL,'2016-01-28 12:44:03',NULL,NULL,NULL,NULL,NULL,NULL),(132,2,3,17,4,1,2,1,'<p>We could not afford a car, ______ we bought a scooter.</p>',NULL,NULL,2,1,1,NULL,NULL,'2016-01-28 12:44:37',NULL,NULL,NULL,NULL,NULL,NULL),(133,3,3,17,4,1,2,1,'<p>The door was open; _______ I could enter the house.</p>',NULL,NULL,2,1,1,NULL,NULL,'2016-01-28 12:45:16',NULL,NULL,NULL,NULL,NULL,NULL),(134,4,3,17,4,1,2,1,'<p>Our teacher makes the subject interesting, _________ she is very kind.</p>',NULL,NULL,2,1,1,NULL,NULL,'2016-01-28 12:46:03',NULL,NULL,NULL,NULL,NULL,NULL),(135,5,3,17,4,1,2,1,'<p>I ran fast ________ I missed the train.</p>',NULL,NULL,2,1,1,NULL,NULL,'2016-01-28 12:46:54',NULL,NULL,NULL,NULL,NULL,NULL),(136,1,3,18,5,20,21,1,'<p>Find the greatest four-digit number which is exactly divisible by 16, 18 and 24.</p>',NULL,NULL,2,1,1,NULL,NULL,'2016-01-28 12:48:49',NULL,NULL,NULL,NULL,NULL,NULL),(137,3,3,18,5,20,21,1,'<p><span style=\"line-height: 100%;\">One number is one-third the other. The sum of two numbers is 36. Find the numbers?</span></p>',NULL,NULL,2,1,1,NULL,NULL,'2016-01-28 12:52:51',NULL,NULL,NULL,NULL,NULL,NULL),(138,4,3,18,5,20,21,1,'<p>Ten years ago, Rohit&rsquo;s father was three times as old his son. After 10 years, father&rsquo;s age will be twice Rohit&rsquo;s age. Find the current age of Rohit.</p>',NULL,NULL,2,1,1,NULL,NULL,'2016-01-28 12:53:33',NULL,NULL,NULL,NULL,NULL,NULL),(139,5,3,18,5,20,21,1,'<p><span style=\"line-height: 100%;\">In an isosceles triangle, the length of third side is one-half the length of one of the equal sides. If the perimeter of the triangle is 45 cm, find the length of the third side. &nbsp;&nbsp;</span></p>',NULL,NULL,2,1,1,NULL,NULL,'2016-01-28 12:55:26',NULL,NULL,NULL,NULL,NULL,NULL),(140,6,3,18,5,20,21,1,'<p><span style=\"line-height: 100%;\">The length, breadth and height of a rectangular tank are in the ratio 3 : 2 : 1. If the volume of the tank is 3072 m</span><sup style=\"line-height: 100%;\">3</sup><span style=\"line-height: 100%;\">, find the length of the tank.</span></p>',NULL,NULL,2,1,1,NULL,NULL,'2016-01-28 12:57:55',NULL,NULL,NULL,NULL,NULL,NULL),(141,7,3,18,5,20,21,1,'<p><span style=\"line-height: 100%;\">Sunita and Tripti together can complete a piece of work in 30 days, while Sunita alone can complete the same work in 50 days. How many days will Tripti alone take to complete the same work? &nbsp;&nbsp;</span></p>',NULL,NULL,2,1,1,NULL,NULL,'2016-01-28 12:58:43',NULL,NULL,NULL,NULL,NULL,NULL),(142,8,3,18,5,20,21,1,'<p><span style=\"line-height: 100%;\">Sachin walks at a rate of 4 km/hr and covers a certain distance in 2 hours 45 minutes. If Varun runs at a speed of 16.5 km/hr, in how many minutes will he cover the same distance?</span></p>',NULL,NULL,2,1,1,NULL,NULL,'2016-01-28 12:59:14',NULL,NULL,NULL,NULL,NULL,NULL),(143,9,3,18,5,20,21,1,'<p><span style=\"line-height: 100%;\">Tap A can fill the tank four times as fast as Tap B. The two taps together can fill the tank in 25 minutes. How many minutes will Tap B alone take to fill the tank?</span></p>',NULL,NULL,2,1,1,NULL,NULL,'2016-01-28 12:59:51',NULL,NULL,NULL,NULL,NULL,NULL),(144,10,3,18,5,20,21,1,'<p><span style=\"line-height: 100%;\">Smita covered a distance of 570 km in 9 hours. If she covered 360 km at a speed of 60 km/hr, at what speed was the remaining distance covered? &nbsp;&nbsp;</span></p>',NULL,NULL,2,1,1,NULL,NULL,'2016-01-28 13:01:24',NULL,NULL,NULL,NULL,NULL,NULL),(145,11,3,18,5,20,21,1,'<p><span style=\"line-height: 100%;\">Train A covers the distance between two stations 40 minutes faster than Train B. Find this distance if the average speed of Train A is 60 km/hr and that of Train B is 30 km/hr.</span></p>',NULL,NULL,2,1,1,NULL,NULL,'2016-01-28 13:02:07',NULL,NULL,NULL,NULL,NULL,NULL),(146,12,3,18,5,20,21,1,'<p><span style=\"line-height: 100%;\">Richa has a box of different coloured beads. The ratio of red beads to white beads and the ratio of white beads to green beads is 3 : 2. If the total number of beads in the box is 342, find the number of red beads.</span></p>',NULL,NULL,2,1,1,NULL,NULL,'2016-01-28 13:03:04',NULL,NULL,NULL,NULL,NULL,NULL),(147,13,3,18,5,20,21,1,'<p><span style=\"line-height: 100%;\">Rashmi spends Rs. 1,650 to buy 30 m of cloth for curtains. If Ritu spends Rs. 2,475 to buy the cloth of the same kind, how much cloth does she buy?</span></p>',NULL,NULL,2,1,1,NULL,NULL,'2016-01-28 13:03:38',NULL,NULL,NULL,NULL,NULL,NULL),(148,14,3,18,5,20,21,1,'<p><span style=\"line-height: 100%;\">Shalabh and Pritish invest in a business in the ratio 3 : 2. They decided to donate 5% of the total profit to orphanage. If Shalabh&rsquo;s share is Rs. 7,125, find the total profit.</span></p>',NULL,NULL,2,1,1,NULL,NULL,'2016-01-28 13:04:49',NULL,NULL,NULL,NULL,NULL,NULL),(149,15,3,18,5,20,21,1,'<p><span style=\"line-height: 100%;\">Sarita bought an oven for Rs. 5,200 and sold it for Rs. 5,720. Find her profit percent.</span></p>',NULL,NULL,2,1,1,NULL,NULL,'2016-01-28 13:05:53',NULL,NULL,NULL,NULL,NULL,NULL),(150,16,3,18,5,20,21,1,'<p><span style=\"line-height: 100%;\">The price of diesel increases by 25%. Ramesh wants to cut down his consumption so that his expenditure of diesel remains constant. By what percentage must he cut down his consumption?</span></p>',NULL,NULL,2,1,1,NULL,NULL,'2016-01-28 13:07:10',NULL,NULL,NULL,NULL,NULL,NULL),(151,17,3,18,5,20,21,1,'<p><span style=\"line-height: 100%;\">Sonia saved Rs.3,200 from her job. She deposited it into a fixed account that paid 8% interest compounded each year. How much will she have altogether after two years?</span></p>',NULL,NULL,2,1,1,NULL,NULL,'2016-01-28 13:08:23',NULL,NULL,NULL,NULL,NULL,NULL),(152,18,3,18,5,20,21,1,'<p><span style=\"line-height: 100%;\">The average temperature of Monday, Tuesday, and Wednesday was 40&deg;C. The average temperature of Sunday, Monday, and Tuesday was 41&deg;C. If the temperature on Thursday was 41&deg;C, what was the temperature on Monday?</span></p>',NULL,NULL,2,1,1,NULL,NULL,'2016-01-28 13:10:54',NULL,NULL,NULL,NULL,NULL,NULL),(153,19,3,18,5,20,21,1,'<p><span style=\"line-height: 100%;\">The average cost of 5 burgers and 4 sandwiches is Rs. 23. The average cost of 7 burgers and 8 sandwiches is Rs. 22.20. Find the total cost of 12 burgers and 12 sandwiches.</span></p>',NULL,NULL,2,1,1,NULL,NULL,'2016-01-28 13:12:32',NULL,NULL,NULL,NULL,NULL,NULL),(154,20,3,18,5,20,21,1,'<p><span style=\"line-height: 100%;\">A bag contains 5 blue and 7 red balloons. Another bag contains 3 blue and 9 red balloons. One balloon is transferred from the first bag to the second bag and then one balloon is drawn from the second bag. Find the probability that the first balloon transferred is red, given that the balloon drawn is red?</span></p>',NULL,NULL,2,1,1,NULL,NULL,'2016-01-28 13:13:21',NULL,NULL,NULL,NULL,NULL,NULL),(155,1,3,19,6,20,22,1,'<p><span style=\"line-height: 100%;\">Pointing to a person, Adarsh said, &ldquo;His only brother is the father of my daughter&rsquo;s father&rdquo;. How is the person related to Adarsh?</span></p>\r\n<p lang=\"en-US\" style=\"margin-left: -0.39in; margin-bottom: 0in; line-height: 100%;\" align=\"JUSTIFY\">&nbsp;</p>',NULL,NULL,2,1,1,NULL,NULL,'2016-01-28 14:28:07',NULL,NULL,NULL,NULL,NULL,NULL),(156,2,3,19,6,20,22,1,'<p><span style=\"line-height: 11px;\">Six people P, Q, R, S, T, and U are standing in a straight line facing North, not necessarily in the same order.</span></p>\r\n<p><span style=\"line-height: 11px;\">Q is standing second to the right of S. P is standing fourth to the left of U. R is standing second to the right of Q. U is not standing on the extreme end of the line</span></p>\r\n<p>&nbsp;</p>\r\n<p><span style=\"line-height: 11px;\">If all the people are asked to stand in an alphabetical order from left to right, the positions of how many will remain unchanged?</span></p>\r\n<p>&nbsp;</p>',NULL,NULL,2,1,1,NULL,NULL,'2016-01-28 14:29:23',NULL,NULL,NULL,NULL,NULL,NULL),(157,3,3,19,6,20,22,1,'<p>Study the series given and find the next member of the series.</p>\r\n<p>250AZ, 249BY, 245CX, 236DW, 220EV, ________</p>',NULL,NULL,2,1,1,NULL,NULL,'2016-01-28 14:30:51',NULL,NULL,NULL,NULL,NULL,NULL),(158,4,3,19,6,20,22,2,'<p>The table gives the marks obtained by the students in six different subjects in an examination.&nbsp;The maximum mark possible in each subject is 125. In which subject is the average mark of the students, the highest?</p>',NULL,'/testengine/question_paper/QP_ 7/QPQ_158/question/158.png',2,1,1,NULL,NULL,'2016-01-28 14:32:58',NULL,NULL,NULL,NULL,NULL,NULL),(159,5,3,19,6,20,22,2,'<p>The table gives the marks obtained by the students in six different subjects in an examination. The maximum mark possible in each subject is 125. What is the percentage of marks obtained by Karthik and Nikhil? &nbsp;Find the answer to the nearest tenth.</p>\r\n<p>&nbsp;</p>',NULL,'/testengine/question_paper/QP_ 7/QPQ_159/question/159.png',2,1,1,NULL,NULL,'2016-01-28 14:34:17',NULL,NULL,NULL,NULL,NULL,NULL),(160,6,3,19,6,20,22,2,'<p>The table gives the marks obtained by the students in six different subjects in an examination.&nbsp;The maximum mark possible in each subject is 125. If at least 80% marks in Physics are required for pursuing higher studies in Physics,&nbsp;how many students will be eligible to pursue higher studies in Physics?</p>',NULL,'/testengine/question_paper/QP_%207/QPQ_%20160/question/%20160.png',2,1,1,NULL,NULL,'2016-01-28 14:36:01',NULL,NULL,NULL,NULL,NULL,NULL),(161,7,3,19,6,20,22,1,'<p>If in a certain code, TWENTY is written as 863985 and ELEVEN is written as 323039, then how is TWELVE written in that code?</p>',NULL,NULL,2,1,1,NULL,NULL,'2016-01-28 14:37:02',NULL,NULL,NULL,NULL,NULL,NULL),(162,8,3,19,6,20,22,1,'<p>Two cars start from the opposite places of a main road, 200 km apart. The first car runs for 45 km, takes a right turn and travels 20 km. It then turns left, covers 60 km, and then takes the direction to reach the main road in the shortest distance. In the mean time, due to a minor breakdown, the second car has run only 55 km along the main road. What would be the distance between two cars at this point?</p>',NULL,NULL,2,1,1,NULL,NULL,'2016-01-28 14:38:30',NULL,NULL,NULL,NULL,NULL,NULL),(163,9,3,19,6,20,22,2,'<p><span style=\"line-height: 100%;\">The pie chart provides details of the mode of transport used by 240 juniors and seniors of a school, in percentage. The bar chart gives information about the mode of transport used by the juniors.</span></p>\r\n<p>What percentage of the senior class students comes to school by bus? Provide the answer to the nearest tenth.</p>',NULL,'/testengine/question_paper/QP_ 7/QPQ_163/question/163.png',2,1,1,NULL,NULL,'2016-01-28 14:43:31',NULL,NULL,NULL,NULL,NULL,NULL),(164,10,3,19,6,20,22,1,'<p>Ankita and Gita are good in English and French.&nbsp;Sneha and Ankita are good in French and Sanskrit.&nbsp;Sneha, Dhanya, and Nina are good in Sanskrit and German.&nbsp;Dhanya and Gita are good in Hindi and English.</p>\r\n<p>Who is good in Sanskrit, Hindi, and German but not in French?</p>',NULL,NULL,2,1,1,NULL,NULL,'2016-01-28 14:45:17',NULL,NULL,NULL,NULL,NULL,NULL),(165,11,3,19,6,20,22,1,'<p>Which of the following diagrams indicates the best relation between seconds, minutes, and hours?</p>',NULL,NULL,2,2,1,NULL,NULL,'2016-01-28 14:46:40',NULL,NULL,NULL,NULL,NULL,NULL),(166,12,3,19,6,20,22,2,'<p><span style=\"line-height: 100%;\">In which year, is the percent increase in the sale of cell phones over the previous year, the highest?</span></p>',NULL,'/testengine/question_paper/QP_ 7/QPQ_166/question/166.png',2,1,1,NULL,NULL,'2016-01-28 14:52:55',NULL,NULL,NULL,NULL,NULL,NULL),(167,13,3,19,6,20,22,1,'<p>Study the statements given below and identify which statements are needed to answer the question, &lsquo;What is the total monthly salary of Mohit?&rsquo;</p>\r\n<p><strong>Statements</strong></p>\r\n<p>I. Mohit\'s basic salary is Rs 2,000 more than Rajesh&rsquo;s salary.&nbsp;</p>\r\n<p>II. Other allowances drawn by Rajesh, besides his basic salary are Rs 20,000 per month, which is Rs 1,500 less than Mohit\'s allowance.</p>\r\n<p>III. Rajesh\'s basic salary is Rs 27,000 per month.</p>',NULL,NULL,2,1,1,NULL,NULL,'2016-01-28 14:54:33',NULL,NULL,NULL,NULL,NULL,NULL),(168,14,3,19,6,20,22,1,'<p>&nbsp;Study the statements given below and identify which statements are needed to answer the question, &lsquo;What is the area of the rectangular plot?\'</p>\r\n<p><strong>Statements</strong></p>\r\n<p>Statement I: The perimeter of the plot is 208 metres.</p>\r\n<p>Statement II: The length is more than the breadth by 4 metres.</p>',NULL,NULL,2,1,1,NULL,NULL,'2016-01-28 14:56:23',NULL,NULL,NULL,NULL,NULL,NULL),(169,15,3,19,6,20,22,1,'<p>Each student in a class of 35 plays at least one indoor game among chess, carrom and scrabble. 18 play chess, 20 play scrabble, and 27 play carrom. 7 play chess and scrabble, 12 play scrabble and carrom and 4 play chess, carrom and scrabble. Find the number of students who play chess and carom, but not scrabble.</p>',NULL,NULL,2,1,1,NULL,NULL,'2016-01-28 14:57:17',NULL,NULL,NULL,NULL,NULL,NULL),(170,16,3,19,6,20,22,1,'<p>There are five friends --- Sachin, Kunal, Mohit, Anuj and Rohan.&nbsp;Sachin is shorter than Kuna,l but taller than Rohan.&nbsp;Mohit is the tallest.&nbsp;Anuj is a little shorter than Kunal and a little taller than Sachin.</p>\r\n<p>If they stand in a line in the order of increasing heights, who will be second in the line?</p>\r\n<p>&nbsp;</p>',NULL,NULL,2,1,1,NULL,NULL,'2016-01-28 14:59:18',NULL,NULL,NULL,NULL,NULL,NULL),(171,17,3,19,6,20,22,2,'<p><span style=\"line-height: 100%;\">Study the line graph which gives the number of students who joined and left the school in the beginning of year, for six years, from 2008 to 2013. The initial strength of school in 2007 was 3000.&nbsp;</span></p>\r\n<p>During which of the following pairs of years was the strength of the school, the same?</p>',NULL,'/testengine/question_paper/QP_ 7/QPQ_171/question/171.png',2,1,1,NULL,NULL,'2016-01-28 15:01:49',NULL,NULL,NULL,NULL,NULL,NULL),(172,19,3,19,6,20,22,1,'<p>A, B, C, D, E, F, G, and H are sitting around a circle facing the centre.</p>\r\n<p>B is second to the right of D, who is third to the right of F. C is second to the left of A, who is second to the left of F. G is third to the right of E.</p>\r\n<p>Which of the following statements is true?</p>',NULL,NULL,2,1,1,NULL,NULL,'2016-01-28 15:03:33',NULL,NULL,NULL,NULL,NULL,NULL),(173,20,3,19,6,20,22,2,'<p><span style=\"line-height: 100%;\">The pie charts exhibit the distribution of the overseas tourist traffic from India. The two charts show the tourist distribution by the age profiles of the tourists and by country respectively. What is the ratio of the number of Indian tourists that went to USA to the number of Indian tourists who were below 40 years of age?</span></p>',NULL,'/testengine/question_paper/QP_ 7/QPQ_173/question/173.png',2,1,1,NULL,NULL,'2016-01-28 15:07:03',NULL,NULL,NULL,NULL,NULL,NULL),(174,18,3,19,6,20,22,1,'<p>For the Assertion (A) and Reason (R) below, choose the correct option:</p>\r\n<p>A: Silver is not used to make electric wires.</p>\r\n<p>R: Silver is a bad conductor.</p>\r\n<p>&nbsp;</p>',NULL,NULL,2,1,1,NULL,NULL,'2016-01-28 15:12:25',NULL,NULL,NULL,NULL,NULL,NULL),(175,2,3,18,5,20,21,1,'<p>A roll of wrapping paper is 72 inches long. Dia cuts lengths of 21<span style=\"font-family: \'Times New Roman\'; font-size: medium;\">&frac14;</span>&nbsp;inches and 10<span style=\"font-family: \'Times New Roman\'; font-size: medium;\">&frac12;&nbsp;</span>inches to wrap two gifts. How much wrapping paper is left?</p>',NULL,NULL,2,1,1,NULL,NULL,'2016-01-28 15:18:10',NULL,NULL,NULL,NULL,NULL,NULL),(176,1,4,20,1,1,14,1,'<p><span style=\"line-height: 100%;\">Which type of person is most likely to become a rag picker?</span></p>',NULL,NULL,2,1,1,NULL,NULL,'2016-01-28 15:24:52',NULL,NULL,NULL,NULL,NULL,NULL),(177,2,4,20,1,1,14,1,'<p><span style=\"line-height: 100%;\">The sight of a rag picker evokes among the onlookers a sense of ________.</span></p>',NULL,NULL,2,1,1,NULL,NULL,'2016-01-28 15:25:11',NULL,NULL,NULL,NULL,NULL,NULL),(178,3,4,20,1,1,14,1,'<p><span style=\"line-height: 100%;\">The rag pickers mostly collect their material from:</span></p>',NULL,NULL,2,1,1,NULL,NULL,'2016-01-28 15:25:20',NULL,NULL,NULL,NULL,NULL,NULL),(179,4,4,20,1,1,14,1,'<p><span style=\"line-height: 100%;\">The rag picking job is usually taken up by:</span></p>',NULL,NULL,2,1,1,NULL,NULL,'2016-01-28 15:25:31',NULL,NULL,NULL,NULL,NULL,NULL),(180,5,4,20,1,1,14,1,'<p><span style=\"line-height: 100%;\">Select the word similar in meaning to &rsquo;desperation&rsquo; from the ones given below:</span></p>',NULL,NULL,2,1,1,NULL,NULL,'2016-01-28 15:25:40',NULL,NULL,NULL,NULL,NULL,NULL),(181,1,4,21,2,1,2,1,'<p>( 1 )</p>',NULL,NULL,2,1,1,NULL,NULL,'2016-01-28 15:25:50',NULL,NULL,NULL,NULL,NULL,NULL),(182,2,4,21,2,1,2,1,'<p>( 2 )</p>',NULL,NULL,2,1,1,NULL,NULL,'2016-01-28 15:25:56',NULL,NULL,NULL,NULL,NULL,NULL),(183,3,4,21,2,1,2,1,'<p>( 3 )</p>',NULL,NULL,2,1,1,NULL,NULL,'2016-01-28 15:26:03',NULL,NULL,NULL,NULL,NULL,NULL),(184,4,4,21,2,1,2,1,'<p>( 4 )</p>',NULL,NULL,2,1,1,NULL,NULL,'2016-01-28 15:26:09',NULL,NULL,NULL,NULL,NULL,NULL),(185,5,4,21,2,1,2,1,'<p>( 5 )</p>',NULL,NULL,2,1,1,NULL,NULL,'2016-01-28 15:26:16',NULL,NULL,NULL,NULL,NULL,NULL),(186,1,4,22,3,1,2,1,'<p>I guarantee that _________ the play.</p>',NULL,NULL,2,1,1,NULL,NULL,'2016-01-28 15:26:21',NULL,NULL,NULL,NULL,NULL,NULL),(187,2,4,22,3,1,2,1,'<p>_________ Jane singing?</p>',NULL,NULL,2,1,1,NULL,NULL,'2016-01-28 15:26:28',NULL,NULL,NULL,NULL,NULL,NULL),(188,3,4,22,3,1,2,1,'<p>Mrs. Miller _____________ for an exhausting day ahead.</p>\r\n<p>&nbsp;</p>',NULL,NULL,2,1,1,NULL,NULL,'2016-01-28 15:26:35',NULL,NULL,NULL,NULL,NULL,NULL),(189,4,4,22,3,1,2,1,'<p>Madhu was happy as she _____________ what she was looking for.</p>',NULL,NULL,2,1,1,NULL,NULL,'2016-01-28 15:26:41',NULL,NULL,NULL,NULL,NULL,NULL),(190,5,4,22,3,1,2,1,'<p>Have you ____ to the library this week?</p>',NULL,NULL,2,1,1,NULL,NULL,'2016-01-28 15:26:48',NULL,NULL,NULL,NULL,NULL,NULL),(191,1,4,23,4,1,2,1,'<p>_________ the advent of the railways, the horse was the fastest means of travel.</p>',NULL,NULL,2,1,1,NULL,NULL,'2016-01-28 15:26:55',NULL,NULL,NULL,NULL,NULL,NULL),(192,2,4,23,4,1,2,1,'<p>He is not intelligent; ___________ he passes the exams.</p>',NULL,NULL,2,1,1,NULL,NULL,'2016-01-28 15:27:01',NULL,NULL,NULL,NULL,NULL,NULL),(193,3,4,23,4,1,2,1,'<p>We waited _________ the traffic light turned green.</p>\r\n<p>A. and &nbsp; &nbsp; &nbsp; &nbsp; &nbsp; &nbsp; B. so &nbsp; &nbsp; &nbsp; &nbsp; &nbsp; C. till &nbsp; &nbsp; &nbsp; &nbsp; &nbsp; &nbsp; &nbsp; &nbsp; D. hence</p>',NULL,NULL,2,1,1,NULL,NULL,'2016-01-28 15:27:07',NULL,NULL,NULL,NULL,NULL,NULL),(194,4,4,23,4,1,2,1,'<p>They will not go ______ they are not invited.</p>',NULL,NULL,2,1,1,NULL,NULL,'2016-01-28 15:27:18',NULL,NULL,NULL,NULL,NULL,NULL),(195,5,4,23,4,1,2,1,'<p>He went not only to Pune ________ to Mumbai.</p>',NULL,NULL,2,1,1,NULL,NULL,'2016-01-28 15:27:24',NULL,NULL,NULL,NULL,NULL,NULL),(196,1,4,24,5,20,21,1,'<p><span style=\"line-height: 100%;\">Priyanka completed (2/5)<sup>th&nbsp;</sup>of her homework in 2 hours. What fraction of her homework would she complete in 5/4 hours?</span></p>',NULL,NULL,2,1,1,NULL,NULL,'2016-01-28 15:27:31',NULL,NULL,NULL,NULL,NULL,NULL),(197,2,4,24,5,20,21,2,'<p>Solve</p>',NULL,'/testengine/question_paper/QP_ 8/QPQ_ 197/question/ 197.png',2,1,1,NULL,NULL,'2016-01-28 15:27:37',NULL,NULL,NULL,NULL,NULL,NULL),(198,3,4,24,5,20,21,1,'<p><span style=\"line-height: 100%;\">A number is multiplied by 4 and then 5 is taken away from the product to get the answer 19. Find the number.</span></p>',NULL,NULL,2,1,1,NULL,NULL,'2016-01-28 15:27:42',NULL,NULL,NULL,NULL,NULL,NULL),(199,4,4,24,5,20,21,1,'<p><span style=\"line-height: 100%;\">Manu has four times more number of currency notes of Rs. 50 than Rs. 20 in his wallet. If the total amount in his wallet is Rs. 1,100, how many currency notes of Rs. 50 does he have in his wallet?</span></p>',NULL,NULL,2,1,1,NULL,NULL,'2016-01-28 15:27:50',NULL,NULL,NULL,NULL,NULL,NULL),(200,5,4,24,5,20,21,1,'<p><span style=\"line-height: 100%;\">Deepa&rsquo;s mother is six times as old as Deepa. 5 years hence, the mother&rsquo;s age will be 25 years more than that of Deepa. Find the current age of Deepa&rsquo;s mother.</span></p>',NULL,NULL,2,1,1,NULL,NULL,'2016-01-28 15:27:57',NULL,NULL,NULL,NULL,NULL,NULL),(201,6,4,24,5,20,21,1,'<p><span style=\"line-height: 100%;\">Naveen makes two cones of different sizes using modelling clay. The height of one cone is 21 cm, while the height of the second cone is 14 cm. Both cones have the same radius. If the difference in the volumes of the two cones is 148.5 cm</span><sup style=\"line-height: 100%;\">3</sup><span style=\"line-height: 100%;\">, find their radius. Use</span><strong>&nbsp;</strong><span class=\"texhtml\" style=\"-webkit-font-feature-settings: \'lnum\' 1, \'tnum\' 1, \'kern\' 0; font-kerning: none; font-family: \'Nimbus Roman No9 L\', \'Times New Roman\', Times, serif; font-size: 16.52px; line-height: 1; white-space: nowrap; color: #252525; font-style: italic;\">&pi;</span><span class=\"texhtml\" style=\"-webkit-font-feature-settings: \'lnum\' 1, \'tnum\' 1, \'kern\' 0; font-kerning: none; white-space: nowrap; color: #252525; font-style: italic; font-size: 14px; line-height: 22.4px;\"><font face=\"sans-serif\">&nbsp;= 22/7.</font></span></p>\r\n<p><span style=\"line-height: 100%;\">&nbsp; &nbsp;</span></p>',NULL,NULL,2,1,1,NULL,NULL,'2016-01-28 15:28:03',NULL,NULL,NULL,NULL,NULL,NULL),(202,7,4,24,5,20,21,1,'<p>Mamta can weave 1/5 of a sari in 4 days. How long will it take her to weave the remaining sari?</p>',NULL,NULL,2,1,1,NULL,NULL,'2016-01-28 15:28:10',NULL,NULL,NULL,NULL,NULL,NULL),(203,8,4,24,5,20,21,1,'<p><span style=\"line-height: 100%;\">Two trains of lengths 140 m and 110 m are moving in the same direction with velocities 80 km/hr and 100 km/hr respectively. What is the time taken by them to cross each other?</span></p>',NULL,NULL,2,1,1,NULL,NULL,'2016-01-28 15:28:21',NULL,NULL,NULL,NULL,NULL,NULL),(204,9,4,24,5,20,21,1,'<p><span style=\"line-height: 100%;\">Two pipes A and B can fill a tank in 5 hours and 6 hours respectively. Both the pipes are opened together, but after 2 hours, pipe B is closed. How long will it take the pipe A to fill the remaining tank?</span></p>\r\n<p lang=\"en-US\" style=\"margin-left: -0.39in; margin-bottom: 0in; line-height: 100%;\" align=\"JUSTIFY\">&nbsp;</p>',NULL,NULL,2,1,1,NULL,NULL,'2016-01-28 15:28:40',NULL,NULL,NULL,NULL,NULL,NULL),(205,10,4,24,5,20,21,1,'<p><span style=\"line-height: 100%;\">In a race of 1 km, Ratan beats Mahesh by 25 seconds, who beats Vansh by 75 seconds. If Mahesh and Vansh run an 800 m race, then Mahesh beats Vansh by 300 m. Find the time taken by Ratan to run an 800 m race.</span></p>',NULL,NULL,2,1,1,NULL,NULL,'2016-01-28 15:29:13',NULL,NULL,NULL,NULL,NULL,NULL),(206,11,4,24,5,20,21,1,'<p><span style=\"line-height: 100%;\">A train passes a lamp post standing at the railway station in 8 seconds. Another train with the same length moving in the opposite direction passes the lamp post in 12 seconds. What is the time in seconds taken by the two trains to cross each other?</span></p>',NULL,NULL,2,1,1,NULL,NULL,'2016-01-28 15:29:20',NULL,NULL,NULL,NULL,NULL,NULL),(207,12,4,24,5,20,21,1,'<p><span style=\"line-height: 100%;\">Rajat divides 164 toffees among Vishal, Ajay, and Sachin such that Vishal gets of Ajay&rsquo;s share and the ratio between Ajay&rsquo;s share and Sachin&rsquo;s share is 4 : 7. Find Vishal&rsquo;s share.&nbsp;</span></p>',NULL,NULL,2,1,1,NULL,NULL,'2016-01-28 15:29:26',NULL,NULL,NULL,NULL,NULL,NULL),(208,13,4,24,5,20,21,1,'<p><span style=\"line-height: 100%;\">Sahil invests 10 times as much as Pawan invests and Pawan invests of what Amit invests. At the end of year, the total profit earned is Rs. 27,000. Find the share of Pawan.</span></p>',NULL,NULL,2,1,1,NULL,NULL,'2016-01-28 15:29:34',NULL,NULL,NULL,NULL,NULL,NULL),(209,14,4,24,5,20,21,1,'<p><span style=\"line-height: 100%;\">A container is full of alcohol. From this container, 5 litres of alcohol was taken out and replaced with water. This process was repeated four more times. </span><span lang=\"en-GB\" style=\"line-height: 100%;\">The ratio of the quantity of alcohol now left in the container to that of the water is 32 : 243. How much alcohol did the container hold initially?</span></p>',NULL,NULL,2,1,1,NULL,NULL,'2016-01-28 15:29:41',NULL,NULL,NULL,NULL,NULL,NULL),(210,15,4,24,5,20,21,1,'<p><span style=\"line-height: 100%;\">Sanchit borrowed Rs. 9,000 from his friend. He paid 10% per annum and returned the amount after 3 years. How much interest did Sanchit pay in all?</span></p>',NULL,NULL,2,1,1,NULL,NULL,'2016-01-28 15:29:47',NULL,NULL,NULL,NULL,NULL,NULL),(211,16,4,24,5,20,21,1,'<p><span style=\"line-height: 100%;\">In an examination, 25% of the students scored less than 40 marks. The number of students who scored more than 40 marks is the number of students who scored 40, which is 45. How many students appeared for the examination?</span></p>',NULL,NULL,2,1,1,NULL,NULL,'2016-01-28 15:29:56',NULL,NULL,NULL,NULL,NULL,NULL),(212,17,4,24,5,20,21,1,'<p><span style=\"line-height: 100%;\">By selling a bed sheet for Rs. 1,140, Meera suffers a loss of 5%. At what price should she sell it to gain 5%?</span></p>',NULL,NULL,2,1,1,NULL,NULL,'2016-01-28 15:30:03',NULL,NULL,NULL,NULL,NULL,NULL),(213,18,4,24,5,20,21,1,'<p>The average age of 25 people is 30 years. If the average age of the 11 women in the group is 30 years and the average age of the 9 men in the group is 40 years, find the average age of the children in the group.</p>',NULL,NULL,2,1,1,NULL,NULL,'2016-01-28 15:30:10',NULL,NULL,NULL,NULL,NULL,NULL),(214,19,4,24,5,20,21,1,'<p><span style=\"line-height: 100%;\">A basket contains 3 apples and 2 oranges. Another basket contains 2 apples and 4 oranges. Sonia randomly chooses a basket and picks a fruit. Find the probability that she picks an apple.</span></p>',NULL,NULL,2,1,1,NULL,NULL,'2016-01-28 15:30:17',NULL,NULL,NULL,NULL,NULL,NULL),(215,20,4,24,5,20,21,1,'<p><span style=\"line-height: 100%;\">A bag has 10 bolts and 20 nuts. Of these, 3 bolts and 5 nuts are rusted. If two objects are chosen at random, find the probability that they are either nuts or both rusted.</span></p>',NULL,NULL,2,1,1,NULL,NULL,'2016-01-28 15:30:24',NULL,NULL,NULL,NULL,NULL,NULL),(216,1,4,25,6,20,22,1,'<p><span style=\"line-height: 100%;\">A is the brother of B, B is the brother of C, and D is the sister of C. How is D related to A?</span></p>',NULL,NULL,2,1,1,NULL,NULL,'2016-01-28 15:30:31',NULL,NULL,NULL,NULL,NULL,NULL),(217,2,4,25,6,20,22,1,'<p><span style=\"line-height: 100%;\">Seven members of a family, A, B, C, D, E, F, and G are to be seated in a row from left to right. The one standing at the left end will be called the first and the one standing at the right end will be called the seventh.</span></p>\r\n<ol type=\"a\">\r\n<li>\r\n<p style=\"margin-bottom: 0in; line-height: 100%;\" align=\"JUSTIFY\">Their professions are lawyer, accountant, housewife, social worker, actor, commissioner, and student, though not necessarily in that order.</p>\r\n</li>\r\n<li>\r\n<p style=\"margin-bottom: 0in; line-height: 100%;\" align=\"JUSTIFY\">The third person is a housewife.</p>\r\n</li>\r\n<li>\r\n<p style=\"margin-bottom: 0in; line-height: 100%;\" align=\"JUSTIFY\">D, who is not the commissioner, will stand after the person who immediately follows E.</p>\r\n</li>\r\n<li>\r\n<p style=\"margin-bottom: 0in; line-height: 100%;\" align=\"JUSTIFY\">A is the social worker.</p>\r\n</li>\r\n<li>\r\n<p style=\"margin-bottom: 0in; line-height: 100%;\" align=\"JUSTIFY\">The lawyer stands sixth.</p>\r\n</li>\r\n<li>\r\n<p style=\"margin-bottom: 0in; line-height: 100%;\" align=\"JUSTIFY\">The accountant stands to the immediate left of the commissioner.</p>\r\n</li>\r\n<li>\r\n<p style=\"margin-bottom: 0in; line-height: 100%;\" align=\"JUSTIFY\">G stands to the immediate right of F and to the immediate left of B.</p>\r\n</li>\r\n<li>\r\n<p style=\"margin-bottom: 0in; line-height: 100%;\" align=\"JUSTIFY\">E, the student, stands fifth. &nbsp; &nbsp; &nbsp;&nbsp;</p>\r\n</li>\r\n</ol>\r\n<p>&nbsp;Who is the person standing first from left?</p>\r\n<p>&nbsp;</p>',NULL,NULL,2,1,1,NULL,NULL,'2016-01-28 15:30:38',NULL,NULL,NULL,NULL,NULL,NULL),(218,3,4,25,6,20,22,1,'<p><span style=\"line-height: 100%;\">Study the series given and find the next member of the series.&nbsp;</span></p>\r\n<p><span style=\"line-height: 100%;\">(2 + 6), (21 + 6), (58 + 6), (119 + 6)</span></p>',NULL,NULL,2,1,1,NULL,NULL,'2016-01-28 15:30:45',NULL,NULL,NULL,NULL,NULL,NULL),(219,4,4,25,6,20,22,2,'<p style=\"margin-bottom: 0in;\">The pie-charts show the distribution of students at under-graduate and post-graduate levels in five different Universities in a country. The total number of students registered for the under-graduate studies and post graduate studies are 35,500 and 21,200 respectively.</p>\r\n<p style=\"margin-bottom: 0in;\">What is the total number of under-graduate and post-graduate level students in University C?</p>',NULL,'/testengine/question_paper/QP_ 8/QPQ_ 219/question/ 219.png',2,1,1,NULL,NULL,'2016-01-28 15:30:51',NULL,NULL,NULL,NULL,NULL,NULL),(220,5,4,25,6,20,22,2,'<p style=\"margin-bottom: 0in;\">The pie-charts show the distribution of students at under-graduate and post-graduate levels in five different Universities in a country. The total number of students registered for the under-graduate studies and post graduate studies are 35,500 and 21,200 respectively.</p>\r\n<p>&nbsp;</p>\r\n<p style=\"margin-bottom: 0in;\">1,420 students registered for the under-graduate level in University A migrate to other universities. After the migration, what percentage of the total number of students studying at the under-graduate level in the five Universities belongs to the University A?</p>',NULL,'/testengine/question_paper/QP_ 8/QPQ_ 220/question/ 220.png',2,1,1,NULL,NULL,'2016-01-28 15:31:02',NULL,NULL,NULL,NULL,NULL,NULL),(221,6,4,25,6,20,22,2,'<p style=\"margin-bottom: 0in;\">The pie-charts show the distribution of students at under-graduate and post-graduate levels in five different Universities in a country. The total number of students registered for the under-graduate studies and post graduate studies are 35,500 and 21,200 respectively.</p>\r\n<p style=\"margin-bottom: 0in;\">How many more students have registered in University E than in University D for both the courses?</p>',NULL,'/testengine/question_paper/QP_ 8/QPQ_ 221/question/ 221.png',2,1,1,NULL,NULL,'2016-01-28 15:31:09',NULL,NULL,NULL,NULL,NULL,NULL),(222,7,4,25,6,20,22,1,'<p><span style=\"line-height: 100%;\">In a certain code language, PROBLEM is written as QSPCMFN. What is the code for SOLUTION in the same code language?</span></p>',NULL,NULL,2,1,1,NULL,NULL,'2016-01-28 15:31:19',NULL,NULL,NULL,NULL,NULL,NULL),(223,8,4,25,6,20,22,1,'<p><span style=\"line-height: 100%;\">Ajay, Vishnu, Ved, Aryan, and Sandeep are standing facing North in a playground as given below:</span></p>\r\n<ol>\r\n<li>\r\n<p style=\"margin-bottom: 0in; line-height: 100%;\" align=\"JUSTIFY\">Vishnu is 40 m to the right of Aryan.</p>\r\n</li>\r\n<li>\r\n<p style=\"margin-bottom: 0in; line-height: 100%;\" align=\"JUSTIFY\">Ajay is 60 m to the south of Vishnu.</p>\r\n</li>\r\n<li>\r\n<p style=\"margin-bottom: 0in; line-height: 100%;\" align=\"JUSTIFY\">Ved is at a distance of 25 m to the west of Aryan.</p>\r\n</li>\r\n<li>\r\n<p style=\"margin-bottom: 0in; line-height: 100%;\" align=\"JUSTIFY\">Sandeep is at a distance of 90 m to the North of Ajay.</p>\r\n</li>\r\n</ol>\r\n<p>Name the person who is to the North-East of the person who is to the immediate left of Vishnu?</p>',NULL,NULL,2,1,1,NULL,NULL,'2016-01-28 15:31:25',NULL,NULL,NULL,NULL,NULL,NULL),(224,9,4,25,6,20,22,2,'<p><span style=\"line-height: 11px;\">What percent of the production of Company Q is the production of Company P in the year 2003? &nbsp;</span><br /><span style=\"line-height: 11px;\">Calculate the answer to the nearest integer.</span></p>',NULL,'/testengine/question_paper/QP_ 8/QPQ_ 224/question/ 224.png',2,1,1,NULL,NULL,'2016-01-28 15:31:38',NULL,NULL,NULL,NULL,NULL,NULL),(225,10,4,25,6,20,22,1,'<p>Six plays, A, B, C, D, E, and F are to be staged, one on each day, from Monday to Saturday.</p>\r\n<p>I. A must be staged a day before E</p>\r\n<p>II. C must not be staged on Tuesday</p>\r\n<p>III. B must be staged on the day following the day on which F is staged</p>\r\n<p>IV. D must be staged on Friday only and should not be immediately preceded by B</p>\r\n<p>V. E must not be staged on the last day of the schedule</p>\r\n<p>&nbsp;</p>\r\n<p>Which of the following plays immediately follows B?</p>',NULL,NULL,2,1,1,NULL,NULL,'2016-01-28 15:31:45',NULL,NULL,NULL,NULL,NULL,NULL),(226,11,4,25,6,20,22,1,'<p><span style=\"line-height: 100%;\">Which of the following diagrams indicates the best relation between protons, electrons, and atoms?</span></p>',NULL,NULL,2,2,1,NULL,NULL,'2016-01-28 15:31:52',NULL,NULL,NULL,NULL,NULL,NULL),(227,12,4,25,6,20,22,2,'<p><span style=\"line-height: 100%;\">&nbsp;Study the bar graph and calculate in how many of the years were the exports at least 10% more than the imports?</span></p>',NULL,'/testengine/question_paper/QP_ 8/QPQ_ 227/question/ 227.png',2,1,1,NULL,NULL,'2016-01-28 15:31:59',NULL,NULL,NULL,NULL,NULL,NULL),(228,12,4,24,5,20,21,1,'<p>Rajat divides 164 toffees among Vishal, Ajay, and Sachin such that Vishal gets of Ajay&rsquo;s share and the ratio between Ajay&rsquo;s share and Sachin&rsquo;s share is 4 : 7. Find Vishal&rsquo;s share.&nbsp;</p>',NULL,NULL,2,1,1,NULL,NULL,'2016-01-28 16:49:37',NULL,NULL,NULL,NULL,NULL,NULL),(229,13,4,25,6,20,22,1,'<p><span style=\"line-height: 100%;\">Study the statements given below and identify which statements are needed to answer the question, &lsquo;In which year was Manas born?&rsquo;&rsquo;</span><br /><span style=\"line-height: 11px;\"><br /></span><strong style=\"line-height: 100%;\">Statements</strong><br /><span style=\"line-height: 100%;\">I.</span> <span style=\"line-height: 100%;\">Manas is five years older than Pranav.</span><br /><span style=\"line-height: 100%;\">II. Pranav&rsquo;s brother was born in 2002.</span><br /><span style=\"line-height: 100%;\">III. Manas\'s brother is two years younger than Pranav\'s brother who was six years younger than Pranav..</span></p>\r\n<p>&nbsp;</p>',NULL,NULL,2,1,1,NULL,NULL,'2016-01-28 17:28:04',NULL,NULL,NULL,NULL,NULL,NULL),(230,14,4,25,6,20,22,1,'<p><span style=\"line-height: 100%;\">Study the statements given below and identify which statements are needed to answer the question, &lsquo;Anjali ranks fifteenth in a class. What is her rank from the last?&rsquo;</span><br /><span style=\"line-height: 11px;\"><br /></span><strong style=\"line-height: 100%;\">Statements</strong><br /><span style=\"line-height: 100%;\">Statement I: There are 35 students in the class.</span><br /><span style=\"line-height: 100%;\">Statement II: Meena who ranks 10</span><sup style=\"line-height: 100%;\">th</sup><span style=\"line-height: 100%;\"> in the same class, ranks 26</span><sup style=\"line-height: 100%;\">th</sup><span style=\"line-height: 100%;\"> from the last.</span></p>\r\n<p>&nbsp;</p>',NULL,NULL,2,1,1,NULL,NULL,'2016-01-28 17:29:17',NULL,NULL,NULL,NULL,NULL,NULL),(231,15,4,25,6,20,22,1,'<p><span style=\"line-height: 100%;\">In a group of 60 students, 25 play table tennis, 16 swim, and 22 play cricket.</span><br /><span style=\"line-height: 100%;\">8 play table tennis and swim, 6 play cricket and swim while 5 play table tennis and cricket. 12 students do not play any of these games.</span><br /><span style=\"line-height: 11px;\"><br /></span><span style=\"line-height: 100%;\">How many students play all the games?</span></p>\r\n<p>&nbsp;</p>',NULL,NULL,2,1,1,NULL,NULL,'2016-01-28 17:30:41',NULL,NULL,NULL,NULL,NULL,NULL),(232,16,4,25,6,20,22,1,'<p><span style=\"line-height: 100%;\">There are five different houses, A to E, in a row. A is to the right of B and E is to the left of C and right of A. B is to the right of D.</span><br /><span style=\"line-height: 11px;\"><br /></span><span style=\"line-height: 100%;\">Which of the houses is in the middle?</span></p>\r\n<p>&nbsp;</p>',NULL,NULL,2,1,1,NULL,NULL,'2016-01-28 17:31:29',NULL,NULL,NULL,NULL,NULL,NULL),(233,17,4,25,6,20,22,2,'<p><span style=\"line-height: 100%;\">&nbsp;The table gives the production of major agricultural products in million tonnes. Which agro product witnessed the highest growth rate in production from 2004 to 2007?</span></p>',NULL,'/testengine/question_paper/QP_ 8/QPQ_233/question/233.png',2,1,1,NULL,NULL,'2016-01-28 17:33:32',NULL,NULL,NULL,NULL,NULL,NULL),(234,18,4,25,6,20,22,1,'<p><span style=\"line-height: 100%;\">For the Assertion (A) and Reason (R) below, choose the correct option:</span><br /><span style=\"line-height: 11px;\"><br /></span><span style=\"line-height: 100%;\">A: In India, people elect their own representatives.</span><br /><span style=\"line-height: 100%; text-indent: 0.2in;\">R: India is a democracy.</span></p>\r\n<p>&nbsp;</p>',NULL,NULL,2,1,1,NULL,NULL,'2016-01-28 17:34:34',NULL,NULL,NULL,NULL,NULL,NULL),(235,19,4,25,6,20,22,1,'<p><span style=\"line-height: 100%;\">A, B, C, D, E, F, G, H, and J are sitting around a circle facing the centre. F is fourth to the right of A, who is third to the right of B. J is fourth to the left of B and third to the right of D. C is third to the right of H. E is second to the left of G.</span><br /><span style=\"line-height: 11px;\"><br /></span><span style=\"line-height: 100%; text-indent: 0.2in;\">Which of the pairs are not neighbours?</span></p>\r\n<p>&nbsp;</p>',NULL,NULL,2,1,1,NULL,NULL,'2016-01-28 17:35:23',NULL,NULL,NULL,NULL,NULL,NULL),(236,20,4,25,6,20,22,2,'<p><span style=\"line-height: 100%;\">The pie chart shows the percentages of blood types for a group of 300 people.</span><br /><span style=\"line-height: 100%;\">How many people of this group have blood of Type B?</span></p>\r\n<p>&nbsp;</p>',NULL,'/testengine/question_paper/QP_ 8/QPQ_236/question/236.png',2,1,1,NULL,NULL,'2016-01-28 17:36:09',NULL,NULL,NULL,NULL,NULL,NULL),(237,1,5,26,1,32,34,1,'<p>What is Schema</p>',NULL,NULL,2,1,1,NULL,NULL,'2016-03-07 04:56:12',NULL,NULL,NULL,NULL,NULL,NULL),(238,2,5,26,1,32,34,1,'<p>What is Tuple</p>',NULL,NULL,2,1,1,NULL,NULL,'2016-03-07 04:57:24',NULL,NULL,NULL,NULL,NULL,NULL),(239,3,5,26,1,32,34,1,'<p>What is View</p>\r\n<p>&nbsp;</p>',NULL,NULL,2,1,1,NULL,NULL,'2016-03-23 22:07:00',NULL,NULL,NULL,NULL,NULL,NULL),(240,4,5,26,1,32,34,1,'<p>When to create Indexes</p>\r\n<p>&nbsp;</p>',NULL,NULL,2,1,1,NULL,NULL,'2016-03-23 22:08:09',NULL,NULL,NULL,NULL,NULL,NULL),(241,5,5,26,1,32,34,1,'<p>What is DML?</p>\r\n<p>&nbsp;</p>',NULL,NULL,2,1,1,NULL,NULL,'2016-03-23 22:16:38',NULL,NULL,NULL,NULL,NULL,NULL),(242,6,5,26,1,32,34,1,'<p>What Command do you use to Changing the table structure?</p>\r\n<p>&nbsp;</p>',NULL,NULL,2,1,1,NULL,NULL,'2016-03-23 22:18:50',NULL,NULL,NULL,NULL,NULL,NULL),(243,7,5,26,1,32,34,1,'<p>Say whether the SQL Statement is True or False?</p>\r\n<p>select count(*) from (select * from youngsters as x union select * from rock_lovers as y) as z;</p>\r\n<p>&nbsp;</p>',NULL,NULL,2,1,1,NULL,NULL,'2016-03-23 22:19:55',NULL,NULL,NULL,NULL,NULL,NULL),(244,8,5,26,1,32,34,1,'<p>Say whether the SQL Statement is True or False?</p>\r\n<p>select count(*) from rock_lovers as x natural join youngsters as y natural join modern_art_lovers as z;</p>\r\n<p>&nbsp;</p>',NULL,NULL,2,1,1,NULL,NULL,'2016-03-23 22:20:52',NULL,NULL,NULL,NULL,NULL,NULL),(245,9,5,26,1,32,34,1,'<p>What comes here &ldquo;&lt;&gt;&rdquo;: INSERT INTO Emp &nbsp;&lt;&gt; VALUES &lt;&gt;;</p>\r\n<p>&nbsp;</p>',NULL,NULL,2,1,1,NULL,NULL,'2016-03-23 22:23:22',NULL,NULL,NULL,NULL,NULL,NULL),(246,10,5,26,1,32,34,1,'<p>Why we use MID () String Function</p>\r\n<p>&nbsp;</p>',NULL,NULL,2,1,1,NULL,NULL,'2016-03-23 22:25:41',NULL,NULL,NULL,NULL,NULL,NULL),(247,11,5,26,1,32,34,1,'<p>Can we use String function in Group by Clause as Aggregate Function</p>',NULL,NULL,2,1,1,NULL,NULL,'2016-03-23 22:27:10',NULL,NULL,NULL,NULL,NULL,NULL),(248,12,5,26,1,32,34,1,'<p>What type of -127 to 128 INT is this?</p>',NULL,NULL,2,1,1,NULL,NULL,'2016-03-23 22:28:24',NULL,NULL,NULL,NULL,NULL,NULL),(249,13,5,26,1,32,34,1,'<p>UNION ALL will?</p>\r\n<p>&nbsp;</p>',NULL,NULL,2,1,1,NULL,NULL,'2016-03-23 22:31:29',NULL,NULL,NULL,NULL,NULL,NULL),(250,14,5,26,1,32,34,1,'<p>INNER JOIN will?</p>\r\n<p>&nbsp;</p>',NULL,NULL,2,1,1,NULL,NULL,'2016-03-23 22:35:25',NULL,NULL,NULL,NULL,NULL,NULL),(251,15,5,26,1,32,34,1,'<p>Say whether the SQL Statement is True or False?</p>\r\n<p>SELECT Id, YEAR(BillingDate) AS BillingYear FROM Invoices WHERE BillingYear &gt;= 2010;</p>\r\n<p>&nbsp;</p>',NULL,NULL,2,1,1,NULL,NULL,'2016-03-23 22:36:17',NULL,NULL,NULL,NULL,NULL,NULL),(252,16,5,26,1,32,34,1,'<p>Which of the following is the original purpose of SQL?</p>\r\n<p>&nbsp;</p>',NULL,NULL,2,1,1,NULL,NULL,'2016-03-23 22:38:32',NULL,NULL,NULL,NULL,NULL,NULL),(253,17,5,26,1,32,34,1,'<p>The SQL keyword(s) ________ is used with wildcards.</p>\r\n<p>&nbsp;</p>',NULL,NULL,2,1,1,NULL,NULL,'2016-03-23 22:39:56',NULL,NULL,NULL,NULL,NULL,NULL),(254,18,5,26,1,32,34,1,'<p>The SQL -92 wildcards are ____ and ____ .</p>\r\n<p>&nbsp;</p>',NULL,NULL,2,1,1,NULL,NULL,'2016-03-23 22:41:13',NULL,NULL,NULL,NULL,NULL,NULL),(255,19,5,26,1,32,34,1,'<p>To remove duplicate rows from the results of an SQL SELECT statement, the ________ qualifier specified must be included.</p>',NULL,NULL,2,1,1,NULL,NULL,'2016-03-23 22:42:58',NULL,NULL,NULL,NULL,NULL,NULL),(256,20,5,26,1,32,34,1,'<p>When three or more AND and OR conditions are combined, it is easier to use the SQL keyword(s):</p>\r\n<p>&nbsp;</p>',NULL,NULL,2,1,1,NULL,NULL,'2016-03-23 22:45:38',NULL,NULL,NULL,NULL,NULL,NULL),(257,1,5,27,2,33,35,1,'<p>In the following code, in which order the functions would be called?</p>\r\n<p>a= f1(23,14)*f2(12/4)+f3();</p>\r\n<p>&nbsp;</p>',NULL,NULL,2,1,1,NULL,NULL,'2016-03-23 22:48:12',NULL,NULL,NULL,NULL,NULL,NULL),(258,2,5,27,2,33,35,1,'<p>What would be the output of the following program?</p>\r\n<p>#include&lt;stdio.h&gt;</p>\r\n<p>int main(){</p>\r\n<p>&nbsp; &nbsp; int i=4;</p>\r\n<p>&nbsp; &nbsp; switch(i){</p>\r\n<p>&nbsp; &nbsp; &nbsp; &nbsp; &nbsp;default:</p>\r\n<p>&nbsp; &nbsp; &nbsp; &nbsp; &nbsp; &nbsp; &nbsp;printf(\"\\n A mouse is an elephant built by the Japanese\");</p>\r\n<p>&nbsp; &nbsp; &nbsp; &nbsp; &nbsp;case 1:</p>\r\n<p>&nbsp; &nbsp; &nbsp; &nbsp; &nbsp; &nbsp; &nbsp;printf(\" Breeding rabbits is a hair raising experience\");</p>\r\n<p>&nbsp; &nbsp; &nbsp; &nbsp; &nbsp; &nbsp; &nbsp;break;</p>\r\n<p>&nbsp; &nbsp; &nbsp; &nbsp; &nbsp;case 2:</p>\r\n<p>&nbsp; &nbsp; &nbsp; &nbsp; &nbsp; &nbsp; &nbsp;printf(\"\\n Friction is a drag\");</p>\r\n<p>&nbsp; &nbsp; &nbsp; &nbsp; &nbsp; &nbsp; &nbsp;break;</p>\r\n<p>&nbsp; &nbsp; &nbsp; &nbsp; &nbsp;case 3:</p>\r\n<p>&nbsp; &nbsp; &nbsp; &nbsp; &nbsp; &nbsp; &nbsp;printf(\"\\n If practice make perfect, then no body\'s perfect\");</p>\r\n<p>&nbsp; &nbsp; }</p>\r\n<p>&nbsp; &nbsp; return 0;</p>\r\n<p>}</p>\r\n<p>&nbsp;</p>',NULL,NULL,2,1,1,NULL,NULL,'2016-03-23 22:57:57',NULL,NULL,NULL,NULL,NULL,NULL),(259,3,5,27,2,33,35,1,'<p>Which of the following statements should be used to obtain a remainder after dividing 3.14 by 2.1 ?</p>\r\n<p>&nbsp;</p>',NULL,NULL,2,1,1,NULL,NULL,'2016-03-23 23:01:48',NULL,NULL,NULL,NULL,NULL,NULL),(260,4,5,27,2,33,35,1,'<p>What are the types of linkages?</p>\r\n<p>&nbsp;</p>',NULL,NULL,2,1,1,NULL,NULL,'2016-03-23 23:03:19',NULL,NULL,NULL,NULL,NULL,NULL),(261,5,5,27,2,33,35,1,'<p>How would you round off a value from 1.66 to 2.0?&nbsp;</p>',NULL,NULL,2,1,1,NULL,NULL,'2016-03-23 23:04:48',NULL,NULL,NULL,NULL,NULL,NULL),(262,6,5,27,2,33,35,1,'<p>What is (void*)0?</p>\r\n<p>&nbsp;</p>',NULL,NULL,2,1,1,NULL,NULL,'2016-03-23 23:08:11',NULL,NULL,NULL,NULL,NULL,NULL),(263,7,5,27,2,33,35,1,'<p>A pointer is</p>\r\n<p>&nbsp;</p>',NULL,NULL,2,1,1,NULL,NULL,'2016-03-23 23:09:12',NULL,NULL,NULL,NULL,NULL,NULL),(264,8,5,27,2,33,35,1,'<p>In C, if you pass an array as an argument to a function, what actually gets passed?</p>\r\n<p>&nbsp;</p>',NULL,NULL,2,1,1,NULL,NULL,'2016-03-23 23:11:04',NULL,NULL,NULL,NULL,NULL,NULL),(265,9,5,27,2,33,35,1,'<p>Which of the following type of class allows only one object of it to be created?</p>\r\n<p>&nbsp;</p>',NULL,NULL,2,1,1,NULL,NULL,'2016-03-23 23:12:32',NULL,NULL,NULL,NULL,NULL,NULL),(266,10,5,27,2,33,35,1,'<p>Which of the following is not the member of class?</p>\r\n<p>&nbsp;</p>',NULL,NULL,2,1,1,NULL,NULL,'2016-03-23 23:14:11',NULL,NULL,NULL,NULL,NULL,NULL),(267,11,5,27,2,33,35,1,'<p>How many instances of an abstract class can be created?</p>\r\n<p>&nbsp;</p>',NULL,NULL,2,1,1,NULL,NULL,'2016-03-23 23:14:59',NULL,NULL,NULL,NULL,NULL,NULL),(268,12,5,27,2,33,35,1,'<p>Which of the following concepts provides facility of using object of one class inside another class?</p>\r\n<p>&nbsp;</p>',NULL,NULL,2,1,1,NULL,NULL,'2016-03-23 23:16:13',NULL,NULL,NULL,NULL,NULL,NULL),(269,13,5,27,2,33,35,1,'<p>Which of the following statement is correct?</p>\r\n<p>&nbsp;</p>',NULL,NULL,2,1,1,NULL,NULL,'2016-03-23 23:17:35',NULL,NULL,NULL,NULL,NULL,NULL),(270,14,5,27,2,33,35,1,'<p>Which of the following are available only in the class hierarchy chain?</p>\r\n<p>&nbsp;</p>',NULL,NULL,2,1,1,NULL,NULL,'2016-03-23 23:18:41',NULL,NULL,NULL,NULL,NULL,NULL),(271,15,5,27,2,33,35,1,'<p>What will happen if a class is not having any name?</p>\r\n<p>&nbsp;</p>',NULL,NULL,2,1,1,NULL,NULL,'2016-03-23 23:19:26',NULL,NULL,NULL,NULL,NULL,NULL),(272,16,5,27,2,33,35,1,'<p>Which inheritance type is used in the class given below?&nbsp;</p>\r\n<p>class A : public X, public Y&nbsp;</p>\r\n<p>{</p>\r\n<p>}</p>\r\n<p>&nbsp;</p>',NULL,NULL,2,1,1,NULL,NULL,'2016-03-23 23:20:44',NULL,NULL,NULL,NULL,NULL,NULL),(273,17,5,27,2,33,35,1,'<p>Which of the following provides a reuse mechanism?</p>\r\n<p>&nbsp;</p>',NULL,NULL,2,1,1,NULL,NULL,'2016-03-23 23:21:51',NULL,NULL,NULL,NULL,NULL,NULL),(274,18,5,27,2,33,35,1,'<p>What is the output of this C code?</p>\r\n<p>#include &lt;stdio.h&gt;</p>\r\n<p>void main()</p>\r\n<p>&nbsp; &nbsp; {</p>\r\n<p>&nbsp; &nbsp; &nbsp; &nbsp; int k = 8;</p>\r\n<p>&nbsp; &nbsp; &nbsp; &nbsp; int m = 7;</p>\r\n<p>&nbsp; &nbsp; &nbsp; &nbsp; int z = k &lt; m ? k++ : m++;</p>\r\n<p>&nbsp; &nbsp; &nbsp; &nbsp; printf(\"%d\", z);</p>\r\n<p>&nbsp; &nbsp; }</p>\r\n<p>&nbsp;</p>',NULL,NULL,2,1,1,NULL,NULL,'2016-03-23 23:23:01',NULL,NULL,NULL,NULL,NULL,NULL),(275,19,5,27,2,33,35,1,'<p>What is the output of this C code?</p>\r\n<p>#include &lt;stdio.h&gt;</p>\r\n<p>&nbsp; &nbsp; void main()</p>\r\n<p>&nbsp; &nbsp; {</p>\r\n<p>&nbsp; &nbsp; &nbsp; &nbsp; m();</p>\r\n<p>&nbsp; &nbsp; &nbsp; &nbsp; m();</p>\r\n<p>&nbsp; &nbsp; }</p>\r\n<p>&nbsp; &nbsp; void m()</p>\r\n<p>&nbsp; &nbsp; {</p>\r\n<p>&nbsp; &nbsp; &nbsp; &nbsp; static int x = 5;</p>\r\n<p>&nbsp; &nbsp; &nbsp; &nbsp; x++;</p>\r\n<p>&nbsp; &nbsp; &nbsp; &nbsp; printf(\"%d\", x);</p>\r\n<p>&nbsp; &nbsp; }</p>\r\n<p>&nbsp;</p>',NULL,NULL,2,1,1,NULL,NULL,'2016-03-23 23:24:22',NULL,NULL,NULL,NULL,NULL,NULL),(276,20,5,27,2,33,35,1,'<p>Which is valid C expression?</p>\r\n<p>&nbsp;</p>',NULL,NULL,2,1,1,NULL,NULL,'2016-03-23 23:26:45',NULL,NULL,NULL,NULL,NULL,NULL),(277,1,6,33,1,1,3,1,'qwertyuio;gdfghjkl;lkjhgf',NULL,NULL,2,1,1,NULL,NULL,'2016-06-18 15:57:23',NULL,NULL,NULL,NULL,NULL,NULL),(278,1,6,33,1,1,3,1,'qwertyuio;gdfghjkl;lkjhgf',NULL,NULL,2,1,1,NULL,NULL,'2016-06-18 15:59:07',NULL,NULL,NULL,NULL,NULL,NULL),(279,2,6,33,1,1,3,1,'hdhdhdh',NULL,NULL,2,1,1,NULL,NULL,'2016-06-18 16:11:36',NULL,NULL,NULL,NULL,NULL,NULL),(280,2,6,33,1,1,3,1,'hdhdhdh',NULL,NULL,2,1,1,NULL,NULL,'2016-06-18 16:13:13',NULL,NULL,NULL,NULL,NULL,NULL),(281,2,6,33,1,1,3,1,'hdhdhdh',NULL,NULL,2,1,1,NULL,NULL,'2016-06-18 16:14:19',NULL,NULL,NULL,NULL,NULL,NULL),(282,3,6,33,1,1,3,2,'zbxbxbxnx',NULL,'\\testengine\\question_paper\\QP_ 6\\QPQ_ 282\\question\\ 282.png',2,2,1,NULL,NULL,'2016-06-18 16:15:26',NULL,NULL,NULL,NULL,NULL,NULL),(302,1,8,37,1,20,21,1,'A train running at the speed of 60 km/hr crosses a pole in 9 seconds. What is the length of the train?','Hint hint hint12',NULL,2,1,1,NULL,NULL,'2016-07-08 16:53:14',NULL,NULL,NULL,NULL,NULL,NULL);

/*Table structure for table `school_board_masters` */

DROP TABLE IF EXISTS `school_board_masters`;

CREATE TABLE `school_board_masters` (
  `id` int(11) NOT NULL AUTO_INCREMENT,
  `name` varchar(255) CHARACTER SET latin1 NOT NULL,
  PRIMARY KEY (`id`)
) ENGINE=InnoDB AUTO_INCREMENT=27 DEFAULT CHARSET=utf8;

/*Data for the table `school_board_masters` */

insert  into `school_board_masters`(`id`,`name`) values (1,'CBSE'),(2,'CISCE(ICSE/ISE)'),(3,'National Open School'),(4,'Andhra Pradesh'),(5,'Assam'),(6,'Bihar'),(7,'Goa'),(8,'Gujarat'),(9,'Haryana'),(10,'Himachal Pradesh'),(11,'J & K'),(12,'Karnataka'),(13,'Kerala'),(14,'Maharashtra'),(15,'Madhya Pradesh'),(16,'Manipur'),(17,'Meghalaya'),(18,'Mizoram'),(19,'Nagaland'),(20,'Orissa'),(21,'Punjab'),(22,'Rajasthan'),(23,'Tamil Nadu'),(24,'Tripura'),(25,'Uttar Pradesh'),(26,'West Bengal');

/*Table structure for table `section_masters` */

DROP TABLE IF EXISTS `section_masters`;

CREATE TABLE `section_masters` (
  `section_id` int(11) NOT NULL AUTO_INCREMENT,
  `qp_id` int(11) NOT NULL,
  `terms_conditions` text,
  `section_hint` text,
  `section_type` tinyint(1) DEFAULT NULL,
  `question_type` tinyint(1) DEFAULT NULL,
  `section_question` text,
  `question_image` varchar(255) DEFAULT NULL,
  `section_subject` int(11) DEFAULT NULL,
  `section_chapter` int(11) DEFAULT NULL,
  `number_of_questions_section` int(3) NOT NULL,
  `marks_per_question` int(3) DEFAULT NULL,
  `section_total` int(3) NOT NULL,
  `if_negative_marks` double DEFAULT NULL,
  `status` tinyint(1) DEFAULT NULL,
  `created_on` timestamp NOT NULL DEFAULT CURRENT_TIMESTAMP,
  `created_by` int(1) DEFAULT NULL,
  `updated_on` timestamp NULL DEFAULT '0000-00-00 00:00:00',
  `updated_by` int(11) DEFAULT NULL,
  `deleted_on` timestamp NULL DEFAULT NULL,
  `deleted_by` int(11) DEFAULT NULL,
  `remarks` varchar(255) DEFAULT NULL,
  PRIMARY KEY (`section_id`)
) ENGINE=InnoDB AUTO_INCREMENT=38 DEFAULT CHARSET=utf8;

/*Data for the table `section_masters` */

insert  into `section_masters`(`section_id`,`qp_id`,`terms_conditions`,`section_hint`,`section_type`,`question_type`,`section_question`,`question_image`,`section_subject`,`section_chapter`,`number_of_questions_section`,`marks_per_question`,`section_total`,`if_negative_marks`,`status`,`created_on`,`created_by`,`updated_on`,`updated_by`,`deleted_on`,`deleted_by`,`remarks`) values (1,2,'',NULL,1,NULL,NULL,NULL,1,11,4,1,4,NULL,NULL,'2016-01-27 12:40:17',NULL,'0000-00-00 00:00:00',NULL,NULL,NULL,NULL),(2,2,'<p><strong style=\"font-size: 9pt; line-height: 100%;\">Read the passage given below and answer the questions that follow by choosing the answer from the given options:</strong></p>',NULL,2,1,'<p><strong>Coded Messages</strong></p>\r\n<p>Arabic mathematicians made tremendous contributions to cryptanalysis &ndash; the science of decoding scrambled messages. Their interest stemmed partially from their religion.</p>\r\n<p>&nbsp;</p>\r\n<p>&nbsp;The holy Koran contains revelations made by the Prophet Mohammed. The text contained dictated messages that the Prophet had received from the archangel Gabriel. However, these revelations were not necessarily placed in the order in which the Prophet had received them. To deduce the order of the revelations and place them in chronological context, Muslim scholars determined that some passages contained words coined more recently, and some contained words that were older.Then, they counted the frequencies of words in each revelation, paying attention to the frequencies of modern and ancient words. Passages which contained a greater frequency of modern words were considered to have been written later.</p>\r\n<p>&nbsp;</p>\r\n<p>&nbsp;</p>\r\n<p>&nbsp;</p>\r\n<p>In the ninth century, an Arab mathematician called A1-Kindi employed a similar technique to break encrypted messages &ndash; frequency analysis. Letters are ranked according to how commonly they occur. Then, the encrypted message is taken, and the most frequent letter appearing in the code is noted. The code is then compared to the language, and using the correspondence in rank, the encrypted message can be unscrambled. He described this in a book &ndash; A manuscript on deciphering cryptographic messages.</p>\r\n<p>&nbsp;</p>',NULL,1,14,4,1,4,NULL,NULL,'2016-01-27 12:47:47',NULL,'0000-00-00 00:00:00',NULL,NULL,NULL,NULL),(3,2,'<p><span style=\"font-size: small; line-height: 6.72px;\">Look at the notes given below and complete the following paragraphs suitably. Do not add any new information.&nbsp;</span></p>',NULL,2,1,'<p>Computers &ndash; performing several functions &ndash; more efficient than human beings &ndash; calculating, designing and planning &ndash; used in many fields &ndash; desire to operate them &ndash; disadvantages</p>\r\n<p>Computers are machines that (1) _____ several functions. They work more efficiently than human beings. They calculate, design and plan. They (2) &nbsp;_______ in many fields. That is why, everybody (3) _____ to operate them. The future belongs to them. But like other good things, they (4) ________ disadvantages.</p>',NULL,1,10,4,1,4,NULL,NULL,'2016-01-27 12:50:46',NULL,'0000-00-00 00:00:00',NULL,NULL,NULL,NULL),(4,2,'',NULL,1,1,'',NULL,20,21,22,1,22,NULL,NULL,'2016-01-27 13:39:15',NULL,'0000-00-00 00:00:00',NULL,NULL,NULL,NULL),(5,2,'',NULL,1,NULL,NULL,NULL,20,22,16,1,16,NULL,NULL,'2016-01-27 13:41:40',NULL,'0000-00-00 00:00:00',NULL,NULL,NULL,NULL),(8,1,'<p>Read the given passage carefully and choose the most appropriate option in your answer sheet:</p>',NULL,2,1,'<p>Decision making is a very vital part of our lives. This is because what we are today is largely a result of the decisions we took in the past. Similarly, whatever happens tomorrow will be a result of the decisions we take in the present.</p>\r\n<p>It is not possible to reverse a wrong decision taken in the past, but it is possible to train ourselves into becoming a good decision maker for the future. If we don&rsquo;t, we&rsquo;ll end up doing what we&rsquo;ve always done and thus get what we&rsquo;ve always got. Philosopher Walter Kaufman has called this Decedophobia.</p>\r\n<p>All sorts of decisions, big or small, relevant or irrelevant, conscious or unconscious, punctuate our lives. Sometimes, we don&rsquo;t even realize we are taking a decision.</p>\r\n<p>Those who avoid taking a decision leave everything to chance and fate with a &lsquo;what will be, will be&rsquo; attitude.</p>\r\n<p>To enhance our decision making, we must, first of all, gather as much information as possible about the issue before we make our decision. We might be heading for a failure if our decisions are based on half &ndash; baked information.</p>',NULL,1,2,5,1,5,NULL,NULL,'2016-01-28 10:16:05',NULL,'0000-00-00 00:00:00',NULL,NULL,NULL,NULL),(9,1,'<p><strong>Fill in the blanks by choosing the appropriate option from the ones given below:</strong></p>',NULL,2,1,'<p>Those living in the slums are ____(1) ____. and tough because they are totally ____(2) ____ to the vagaries and hardships of life. The rising sun ____(3) ____. the day and the setting sun closes the day for them. It is like a drama where the curtain ____(4) ____ up in the morning and comes down in the evening. They don\'t ____(5) ____ hypertension and heart attacks because there is, after all, nothing to worry about.</p>',NULL,1,2,5,1,5,NULL,NULL,'2016-01-28 10:17:29',NULL,'0000-00-00 00:00:00',NULL,NULL,NULL,NULL),(10,1,'<p><strong>Fill in the blank with the appropriate conjunction from the options given below:</strong></p>',NULL,1,NULL,NULL,NULL,1,2,5,0,5,NULL,NULL,'2016-01-28 10:18:48',NULL,'0000-00-00 00:00:00',NULL,NULL,NULL,NULL),(11,1,'<p><strong>Fill in the blank with the appropriate verb form from the options given below:</strong></p>',NULL,1,NULL,NULL,NULL,1,2,5,1,5,NULL,NULL,'2016-01-28 10:19:51',NULL,'0000-00-00 00:00:00',NULL,NULL,NULL,NULL),(12,1,'',NULL,1,NULL,NULL,NULL,20,21,20,1,20,NULL,NULL,'2016-01-28 10:20:35',NULL,'0000-00-00 00:00:00',NULL,NULL,NULL,NULL),(13,1,'',NULL,1,NULL,NULL,NULL,20,22,20,1,20,NULL,NULL,'2016-01-28 10:23:44',NULL,'0000-00-00 00:00:00',NULL,NULL,NULL,NULL),(14,3,'<p>Read the passage carefully and answer the questions that follow:</p>',NULL,2,1,'<p>In todays uncertain economy, raises are getting ever smaller and ever harder to come by. In order to get one, you need to get back to the good student attitude. Think back to your school days, when your job was merely to pass. The requirements were clearly spelt out. At the end of the year, every student who had done an adequate job was automatically promoted.</p>\r\n<p>Work is different. You cant expect the system to take care of you. You must take care of it. Too many of us forget this. When there is a lull in the workload for example, we sit around waiting for them to tell us what to do. If profits sink, we blame them for decisions that we knew to be bad  forgetting that we never tried to influence those decisions.</p>\r\n<p>To get a raise just doing your job well will not suffice. Thats exactly what you were hired for in the first place. Many of us already work beyond the boundaries of our jobs without realizing it. At the end of every workday, ask yourself, What have I done that wasnt called for in my job? This will give you an appraisal, a record of achievements and a reason to expect a raise.</p>',NULL,1,14,5,1,5,NULL,NULL,'2016-01-28 12:18:28',NULL,'0000-00-00 00:00:00',NULL,NULL,NULL,NULL),(15,3,'<p>At first he opened a variety store which he had to __(1)___ after five years. Then he had a job in a Bengali firm which he ___(2)_____ in disgust when his boss began to treat him in a high-handed fashion. Then for ten long years, he tried every __(3)_______of earning a livelihood without ever succeeding in ___(4)___ his lot. Of late, he had been ____(5)_____regular visits to a small establishment dealing in scrap iron where he friend had promised a job.</p>',NULL,1,1,'',NULL,1,2,5,1,5,NULL,NULL,'2016-01-28 12:19:01',NULL,'0000-00-00 00:00:00',NULL,NULL,NULL,NULL),(16,3,'<p><span style=\"line-height: 11px;\"><strong>Fill in the blank by choosing the correct verb form from the options given:</strong></span></p>',NULL,1,1,'',NULL,1,2,5,1,5,NULL,NULL,'2016-01-28 12:23:12',NULL,'0000-00-00 00:00:00',NULL,NULL,NULL,NULL),(17,3,'<p style=\"margin-left: -0.39in; margin-bottom: 0in; text-align: left; padding-left: 30px;\" align=\"JUSTIFY\"><strong><span style=\"line-height: 11px;\">Fill in the blank by choosing the correct conjuction form from the options given:</span></strong></p>',NULL,1,1,'',NULL,1,2,5,1,5,NULL,NULL,'2016-01-28 12:23:51',NULL,'0000-00-00 00:00:00',NULL,NULL,NULL,NULL),(18,3,'',NULL,1,NULL,NULL,NULL,20,21,20,1,20,NULL,NULL,'2016-01-28 12:24:38',NULL,'0000-00-00 00:00:00',NULL,NULL,NULL,NULL),(19,3,'',NULL,1,NULL,NULL,NULL,20,22,20,1,20,NULL,NULL,'2016-01-28 12:24:56',NULL,'0000-00-00 00:00:00',NULL,NULL,NULL,NULL),(20,4,'<p>Read the passage carefully and answer the questions that follow:</p>',NULL,2,1,'<p>The rag pickers of India present a pitiable sight. It is poverty that goads them to resort to rag picking. Day in and day out, they may be seen on the roads, the lanes and the by lanes of a city or town, looking for cast-off clothes or something else showy or shoddy that will sell. More often than not, it is children who take to rag picking. But some young men and women are also forced to take up the trade to make both ends meet. Why should innocent children who should be at school at this age do this filthy job? It is because their parents are often too poor to support them; so they neglect them and abandon them to face the cruel world on their own.</p>\r\n<p>The people roam about streets and bazaars picking up from the dust-bins, any wasted-out or torn and tattered clothes; and they do not hesitate to search for rags even in evil smelling garbage or sewage or cesspools. They carry bags on their backs and store their fuels in them. Very often, the individuals divide a city into zones, and each zone is allotted to a particular group, by mutual consent. The intrusion of one group into another zone is resented and sometimes even results in fights.</p>\r\n<p>Very often, young men who take to rag picking are the ones who come from villages to cities in search of jobs; and finding none, they take to rag picking out of sheer helplessness and desperation.</p>',NULL,1,14,5,1,5,NULL,NULL,'2016-01-28 15:21:38',NULL,'0000-00-00 00:00:00',NULL,NULL,NULL,NULL),(21,4,'<p><strong style=\"line-height: 100%;\">Fill in the blanks with the appropriate word from the options given below:</strong></p>',NULL,2,1,'<p>By measuring our ecological ____(1)______ we can assess our ____(2)______ on the planet.&nbsp;This will help us ___(3)______ our ecological assets more wisely and _____(4)_______ personal and collective action in support of a world where humanity lives within the Earth&rsquo;s ____(5)_______. &nbsp;</p>',NULL,1,2,5,1,5,NULL,NULL,'2016-01-28 15:22:41',NULL,'0000-00-00 00:00:00',NULL,NULL,NULL,NULL),(22,4,'<p><strong style=\"line-height: 100%;\">Fill in the blank by choosing the correct verb form from the options given:</strong></p>',NULL,1,NULL,NULL,NULL,1,2,5,1,5,NULL,NULL,'2016-01-28 15:23:08',NULL,'0000-00-00 00:00:00',NULL,NULL,NULL,NULL),(23,4,'<p><strong style=\"line-height: 100%;\">Fill in the blank by choosing the correct conjunction from the options given:</strong></p>',NULL,1,NULL,NULL,NULL,1,2,5,1,5,NULL,NULL,'2016-01-28 15:23:37',NULL,'0000-00-00 00:00:00',NULL,NULL,NULL,NULL),(24,4,'',NULL,1,1,'',NULL,20,21,20,1,20,NULL,NULL,'2016-01-28 15:23:56',NULL,'0000-00-00 00:00:00',NULL,NULL,NULL,NULL),(25,4,'',NULL,1,NULL,NULL,NULL,20,22,20,1,20,NULL,NULL,'2016-01-28 15:24:13',NULL,'0000-00-00 00:00:00',NULL,NULL,NULL,NULL),(26,5,'',NULL,1,NULL,NULL,NULL,32,34,20,1,20,NULL,NULL,'2016-03-07 04:54:29',NULL,'0000-00-00 00:00:00',NULL,NULL,NULL,NULL),(27,5,'',NULL,1,NULL,NULL,NULL,33,35,20,1,20,NULL,NULL,'2016-03-07 04:54:49',NULL,'0000-00-00 00:00:00',NULL,NULL,NULL,NULL),(33,6,'sample',NULL,2,2,'test','\\testengine\\question_paper\\QP_6\\QPSection_33\\33.png',1,3,6,1,6,NULL,NULL,'2016-06-18 15:19:37',NULL,'0000-00-00 00:00:00',NULL,NULL,NULL,NULL),(34,6,'sgsghdhdhdhd',NULL,1,NULL,NULL,NULL,24,28,3,1,3,NULL,NULL,'2016-06-18 15:40:14',NULL,'0000-00-00 00:00:00',NULL,NULL,NULL,NULL),(35,6,'fgjdjfjf',NULL,1,NULL,NULL,NULL,20,21,1,1,1,NULL,NULL,'2016-06-18 15:40:31',NULL,'0000-00-00 00:00:00',NULL,NULL,NULL,NULL),(37,8,'Problems on Trains - General Questions','From indiabix',1,1,'',NULL,20,21,5,1,5,NULL,NULL,'2016-07-08 16:17:30',NULL,'0000-00-00 00:00:00',NULL,NULL,NULL,NULL);

/*Table structure for table `skills_master` */

DROP TABLE IF EXISTS `skills_master`;

CREATE TABLE `skills_master` (
  `id` int(11) NOT NULL AUTO_INCREMENT,
  `name` varchar(255) NOT NULL,
  `remarks` varchar(255) DEFAULT NULL,
  `status` tinyint(1) DEFAULT NULL,
  `created_on` timestamp NOT NULL DEFAULT CURRENT_TIMESTAMP,
  `created_by` int(11) DEFAULT NULL,
  `modified_on` timestamp NULL DEFAULT '0000-00-00 00:00:00',
  `modified_by` int(11) DEFAULT NULL,
  `deactive_on` timestamp NULL DEFAULT '0000-00-00 00:00:00',
  `deactivate_by` int(11) DEFAULT NULL,
  PRIMARY KEY (`id`)
) ENGINE=InnoDB AUTO_INCREMENT=7 DEFAULT CHARSET=utf8;

/*Data for the table `skills_master` */

insert  into `skills_master`(`id`,`name`,`remarks`,`status`,`created_on`,`created_by`,`modified_on`,`modified_by`,`deactive_on`,`deactivate_by`) values (1,'PHP',NULL,1,'2016-04-29 17:42:48',1,'2016-04-29 17:42:34',1,'0000-00-00 00:00:00',NULL),(2,'CSS',NULL,1,'2016-04-29 17:42:50',1,'2016-04-29 17:42:52',1,'0000-00-00 00:00:00',NULL),(3,'HTML',NULL,1,'2016-04-29 17:43:03',1,'2016-04-29 17:43:05',1,'0000-00-00 00:00:00',NULL),(4,'JAVA',NULL,1,'2016-04-29 17:43:14',1,'2016-04-29 17:43:17',1,'0000-00-00 00:00:00',NULL),(5,'ANDROID',NULL,1,'2016-04-29 17:43:32',1,'2016-04-29 17:43:35',1,'0000-00-00 00:00:00',NULL),(6,'ANY',NULL,1,'2016-04-29 17:46:23',1,'2016-04-29 17:46:21',1,'0000-00-00 00:00:00',NULL);

/*Table structure for table `state_masters` */

DROP TABLE IF EXISTS `state_masters`;

CREATE TABLE `state_masters` (
  `StateId` int(11) NOT NULL AUTO_INCREMENT,
  `StateName` varchar(64) NOT NULL,
  `CountryId` int(11) NOT NULL,
  PRIMARY KEY (`StateId`)
) ENGINE=InnoDB AUTO_INCREMENT=37 DEFAULT CHARSET=utf8;

/*Data for the table `state_masters` */

insert  into `state_masters`(`StateId`,`StateName`,`CountryId`) values (1,'ANDAMAN AND NICOBAR ISLAND',1),(2,'ANDHRAPRADESH',1),(3,'ARUNACHALPRADESH',1),(4,'ASSAM',1),(5,'BIHAR',1),(6,'CHANDIGARH',1),(7,'CHHATTISGARH',1),(8,'DADRAANDNAGARHAVELI',1),(9,'DAMANANDDIU',1),(10,'DELHI',1),(11,'GOA',1),(12,'GUJARAT',1),(13,'HARYANA',1),(14,'HIMACHALPRADESH',1),(15,'JAMMUANDKASHMIR',1),(16,'JHARKHAND',1),(17,'KARNATAKA',1),(18,'KERALA',1),(19,'LAKSHADWEEP',1),(20,'MADHYAPRADESH',1),(21,'MAHARASHTRA',1),(22,'MANIPUR',1),(23,'MEGHALAYA',1),(24,'MIZORAM',1),(25,'NAGALAND',1),(26,'ODISHA',1),(27,'PUDUCHERRY',1),(28,'PUNJAB',1),(29,'RAJASTHAN',1),(30,'SIKKIM',1),(31,'TAMILNADU',1),(32,'TELANGANA',1),(33,'TRIPURA',1),(34,'UTTARPRADESH',1),(35,'UTTARAKHAND',1),(36,'WESTBENGAL',1);

/*Table structure for table `student_test_login_masters` */

DROP TABLE IF EXISTS `student_test_login_masters`;

CREATE TABLE `student_test_login_masters` (
  `student_test_login_id` int(11) NOT NULL AUTO_INCREMENT,
  `test_id` int(11) DEFAULT NULL,
  `batch_id` int(11) DEFAULT NULL,
  `remember_question` text COLLATE utf8_bin,
  `user_id` int(11) DEFAULT NULL,
  `student_id` int(11) DEFAULT NULL,
  `score` int(11) DEFAULT '0',
  `can_reappear` tinyint(1) DEFAULT '0',
  `reappear_reason` text COLLATE utf8_bin,
  `time_remaining` int(11) unsigned DEFAULT '0',
  `last_answered` timestamp NULL DEFAULT NULL,
  `is_login` tinyint(1) DEFAULT '0',
  `login_attempt` tinyint(1) DEFAULT '1',
  `login_time` timestamp NULL DEFAULT NULL,
  `logout_time` timestamp NULL DEFAULT NULL,
  `created_on` timestamp NULL DEFAULT CURRENT_TIMESTAMP,
  `updated_on` timestamp NULL DEFAULT NULL,
  `deleted_on` timestamp NULL DEFAULT NULL,
  `status` tinyint(1) DEFAULT '1',
  `remarks` text COLLATE utf8_bin,
  PRIMARY KEY (`student_test_login_id`)
) ENGINE=InnoDB AUTO_INCREMENT=4 DEFAULT CHARSET=utf8 COLLATE=utf8_bin;

/*Data for the table `student_test_login_masters` */

insert  into `student_test_login_masters`(`student_test_login_id`,`test_id`,`batch_id`,`remember_question`,`user_id`,`student_id`,`score`,`can_reappear`,`reappear_reason`,`time_remaining`,`last_answered`,`is_login`,`login_attempt`,`login_time`,`logout_time`,`created_on`,`updated_on`,`deleted_on`,`status`,`remarks`) values (1,1,1,'{\"1\":[117,119,118,116,120],\"2\":[123,121,124,122,125],\"3\":[128,130,126,127,129],\"4\":[131,133,134,135,132],\"5\":[141,146,138,147,140,150,143,151,152,175,153,137,154,136,149,144,139,142,148,145],\"6\":[165,174,161,160,164,166,157,155,156,169,159,168,163,162,172,167,158,170,171,173]}',3,2,0,0,'',3579,NULL,1,2,'2016-07-15 20:16:00','2017-03-08 16:44:57','2016-07-15 20:16:00',NULL,NULL,2,NULL),(2,1,1,'{\"1\":[117,116,119,118,120],\"2\":[123,124,121,125,122],\"3\":[128,126,129,127,130],\"4\":[135,132,133,131,134],\"5\":[139,143,138,141,147,145,140,153,175,137,149,146,144,142,150,152,136,151,148,154],\"6\":[157,171,155,165,169,160,163,170,158,167,159,162,173,168,161,156,164,172,174,166]}',4,3,2,0,NULL,3597,NULL,1,1,'2016-07-15 20:17:49','2016-07-15 20:17:59','2016-07-15 20:17:49',NULL,NULL,2,NULL),(3,1,1,'{\"1\":[118,116,120,119,117],\"2\":[122,125,123,121,124],\"3\":[130,128,126,129,127],\"4\":[134,132,135,131,133],\"5\":[143,138,150,149,139,142,137,140,141,146,148,147,145,136,144,151,154,152,175,153],\"6\":[163,174,157,172,167,156,162,165,161,166,170,155,173,158,171,164,159,169,160,168]}',5,4,0,0,NULL,3591,NULL,1,1,'2016-07-15 20:25:07','2016-07-15 20:25:29','2016-07-15 20:25:07',NULL,NULL,2,NULL);

/*Table structure for table `subject_masters` */

DROP TABLE IF EXISTS `subject_masters`;

CREATE TABLE `subject_masters` (
  `subject_id` int(11) NOT NULL AUTO_INCREMENT,
  `name` varchar(255) NOT NULL,
  `reference_id` int(11) DEFAULT NULL,
  `status` tinyint(1) DEFAULT NULL,
  `created_on` timestamp NOT NULL DEFAULT CURRENT_TIMESTAMP,
  `created_by` int(11) DEFAULT NULL,
  `updated_on` timestamp NULL DEFAULT '0000-00-00 00:00:00',
  `updated_by` int(11) DEFAULT NULL,
  `deleted_on` timestamp NULL DEFAULT NULL,
  `deleted_by` int(11) DEFAULT NULL,
  `remarks` varchar(255) DEFAULT NULL,
  PRIMARY KEY (`subject_id`)
) ENGINE=InnoDB AUTO_INCREMENT=36 DEFAULT CHARSET=utf8;

/*Data for the table `subject_masters` */

insert  into `subject_masters`(`subject_id`,`name`,`reference_id`,`status`,`created_on`,`created_by`,`updated_on`,`updated_by`,`deleted_on`,`deleted_by`,`remarks`) values (1,'English',NULL,1,'2016-01-06 10:58:37',NULL,'0000-00-00 00:00:00',NULL,NULL,NULL,NULL),(2,'Synonyms',1,1,'2016-01-06 10:58:39',NULL,'0000-00-00 00:00:00',NULL,NULL,NULL,NULL),(3,'Antonyms',1,1,'2016-01-06 10:58:39',NULL,'0000-00-00 00:00:00',NULL,NULL,NULL,NULL),(4,'Selecting Words',1,1,'2016-01-06 10:58:39',NULL,'0000-00-00 00:00:00',NULL,NULL,NULL,NULL),(5,'Spellings',1,1,'2016-01-06 10:58:39',NULL,'0000-00-00 00:00:00',NULL,NULL,NULL,NULL),(6,'Sentence Formation',1,1,'2016-01-06 10:58:39',NULL,'0000-00-00 00:00:00',NULL,NULL,NULL,NULL),(7,'Ordering of Words',1,1,'2016-01-06 10:58:39',NULL,'0000-00-00 00:00:00',NULL,NULL,NULL,NULL),(8,'Sentence Correction',1,1,'2016-01-06 10:58:39',NULL,'0000-00-00 00:00:00',NULL,NULL,NULL,NULL),(9,'Sentence Improvement',1,1,'2016-01-06 10:58:39',NULL,'0000-00-00 00:00:00',NULL,NULL,NULL,NULL),(10,'Completing Statements',1,1,'2016-01-06 10:58:39',NULL,'0000-00-00 00:00:00',NULL,NULL,NULL,NULL),(11,'Ordering of Sentences',1,1,'2016-01-06 10:58:39',NULL,'0000-00-00 00:00:00',NULL,NULL,NULL,NULL),(12,'Paragraph Formation',1,1,'2016-01-06 10:58:39',NULL,'0000-00-00 00:00:00',NULL,NULL,NULL,NULL),(13,'Closet Test',1,1,'2016-01-06 10:58:39',NULL,'0000-00-00 00:00:00',NULL,NULL,NULL,NULL),(14,'Comprehension',1,1,'2016-01-06 10:58:39',NULL,'0000-00-00 00:00:00',NULL,NULL,NULL,NULL),(15,'One Word Substitutes',1,1,'2016-01-06 10:58:39',NULL,'0000-00-00 00:00:00',NULL,NULL,NULL,NULL),(16,'Idioms and Phrases',1,1,'2016-01-06 10:58:39',NULL,'0000-00-00 00:00:00',NULL,NULL,NULL,NULL),(17,'Change of Voice',1,1,'2016-01-06 10:58:39',NULL,'0000-00-00 00:00:00',NULL,NULL,NULL,NULL),(18,'Change of Speech',1,1,'2016-01-06 10:58:39',NULL,'0000-00-00 00:00:00',NULL,NULL,NULL,NULL),(19,'Verbal Analogies',1,1,'2016-01-06 10:58:39',NULL,'0000-00-00 00:00:00',NULL,NULL,NULL,NULL),(20,'Mathematics',NULL,1,'2016-01-06 10:58:39',NULL,'0000-00-00 00:00:00',NULL,NULL,NULL,NULL),(21,'Aptitude',20,1,'2016-01-06 10:58:39',NULL,'0000-00-00 00:00:00',NULL,NULL,NULL,NULL),(22,'Logical Reasoning',20,1,'2016-01-06 10:58:39',NULL,'0000-00-00 00:00:00',NULL,NULL,NULL,NULL),(23,'Puzzles',20,1,'2016-01-06 10:58:39',NULL,'0000-00-00 00:00:00',NULL,NULL,NULL,NULL),(24,'Engineering',NULL,1,'2016-01-06 10:58:39',NULL,'0000-00-00 00:00:00',NULL,NULL,NULL,NULL),(25,'Civil',24,1,'2016-01-06 10:58:39',NULL,'0000-00-00 00:00:00',NULL,NULL,NULL,NULL),(26,'Computer Science',24,1,'2016-01-06 10:58:39',NULL,'0000-00-00 00:00:00',NULL,NULL,NULL,NULL),(27,'Electronics & Communication',24,1,'2016-01-06 10:58:39',NULL,'0000-00-00 00:00:00',NULL,NULL,NULL,NULL),(28,'Electrical & Electronics Engineering',24,1,'2016-01-06 10:58:39',NULL,'0000-00-00 00:00:00',NULL,NULL,NULL,NULL),(29,'Mechanical Engineering',24,1,'2016-01-06 10:58:39',NULL,'0000-00-00 00:00:00',NULL,NULL,NULL,NULL),(30,'Chemical Engineering',24,1,'2016-01-06 10:58:39',NULL,'0000-00-00 00:00:00',NULL,NULL,NULL,NULL),(31,'Technical',NULL,1,'2016-01-06 10:58:39',NULL,'0000-00-00 00:00:00',NULL,NULL,NULL,NULL),(32,'Database',NULL,1,'2016-01-06 10:58:39',NULL,'0000-00-00 00:00:00',NULL,NULL,NULL,NULL),(33,'Programming',NULL,1,'2016-01-06 10:58:39',NULL,'0000-00-00 00:00:00',NULL,NULL,NULL,NULL),(34,'Basic',32,1,'2016-01-06 10:58:39',NULL,'0000-00-00 00:00:00',NULL,NULL,NULL,NULL),(35,'Basic',33,1,'2016-01-06 10:58:39',NULL,'0000-00-00 00:00:00',NULL,NULL,NULL,NULL);

/*Table structure for table `technical_skills_master` */

DROP TABLE IF EXISTS `technical_skills_master`;

CREATE TABLE `technical_skills_master` (
  `id` int(3) NOT NULL AUTO_INCREMENT,
  `name` varchar(255) NOT NULL,
  PRIMARY KEY (`id`)
) ENGINE=InnoDB AUTO_INCREMENT=55 DEFAULT CHARSET=utf8;

/*Data for the table `technical_skills_master` */

insert  into `technical_skills_master`(`id`,`name`) values (1,'C'),(2,'.NET'),(3,'AJAX'),(4,'ANDROID'),(5,'ANGULAR JS'),(6,'ASP'),(7,'ASP.NET'),(8,'BOOTSTRAP'),(9,'C SHARP'),(10,'C#'),(11,'C++'),(12,'CAKEPHP'),(13,'CMS'),(14,'CODEIGNITER'),(15,'CRYPTOGRAPHY'),(16,'CSS'),(17,'CSS3'),(18,'DATABASE'),(19,'DJANGO'),(20,'DOM'),(21,'DRUPAL'),(22,'FACEBOOK API'),(23,'GOOGLE API'),(24,'HTML'),(25,'HTML5'),(26,'IOS APPLICATION'),(27,'JAVA'),(28,'JAVA ( MVC )'),(29,'JAVASCRIPT'),(30,'JOOMLA'),(31,'JQUERY'),(32,'LARAVEL'),(33,'MONGO DB'),(34,'MYSQL'),(35,'NETWORKING'),(36,'NODE JS'),(37,'OBJECTIVE C'),(38,'ORACLE'),(39,'PERL'),(40,'PHP'),(41,'PHP ( MVC )'),(42,'POSRGRESQL'),(43,'PYTHON'),(44,'RUBY'),(45,'SEO'),(46,'SQL'),(47,'UML'),(48,'VB .NET'),(49,'VB SCRIPT'),(50,'VISUAL BASIC'),(51,'WINDOWS MOBILE APPLICATION'),(52,'WORDPRESS'),(53,'XHTML'),(54,'XML');

/*Table structure for table `test_admin_feedback_masters` */

DROP TABLE IF EXISTS `test_admin_feedback_masters`;

CREATE TABLE `test_admin_feedback_masters` (
  `taf_id` int(11) NOT NULL AUTO_INCREMENT,
  `test_id` int(11) DEFAULT NULL,
  `test_login_id` int(11) DEFAULT NULL,
  `test_login_title` varchar(255) DEFAULT NULL,
  `test_user_id` int(11) DEFAULT NULL,
  `message` text,
  `created_on` timestamp NOT NULL DEFAULT CURRENT_TIMESTAMP,
  `updated_on` timestamp NULL DEFAULT NULL,
  `deleted_on` timestamp NULL DEFAULT NULL,
  `status` tinyint(1) DEFAULT '1',
  PRIMARY KEY (`taf_id`)
) ENGINE=InnoDB DEFAULT CHARSET=utf8;

/*Data for the table `test_admin_feedback_masters` */

/*Table structure for table `test_login_masters` */

DROP TABLE IF EXISTS `test_login_masters`;

CREATE TABLE `test_login_masters` (
  `test_login_id` int(11) NOT NULL AUTO_INCREMENT,
  `title` varchar(255) DEFAULT NULL,
  `test_id` int(11) DEFAULT NULL,
  `qp_id` int(11) DEFAULT NULL,
  `test_venue_college` int(11) DEFAULT NULL,
  `test_user_id` text,
  `test_degree_id` varchar(255) DEFAULT NULL,
  `test_branch_id` varchar(255) DEFAULT NULL,
  `test_year` varchar(255) DEFAULT NULL,
  `students_count` int(11) unsigned DEFAULT NULL,
  `login_time` timestamp NULL DEFAULT NULL,
  `logout_time` timestamp NULL DEFAULT NULL,
  `created_on` timestamp NULL DEFAULT CURRENT_TIMESTAMP,
  `updated_on` timestamp NULL DEFAULT NULL,
  `deleted_on` timestamp NULL DEFAULT NULL,
  `status` tinyint(1) DEFAULT '0',
  `remarks` varchar(255) DEFAULT NULL,
  PRIMARY KEY (`test_login_id`)
) ENGINE=InnoDB DEFAULT CHARSET=utf8;

/*Data for the table `test_login_masters` */

/*Table structure for table `test_masters` */

DROP TABLE IF EXISTS `test_masters`;

CREATE TABLE `test_masters` (
  `test_id` int(11) NOT NULL AUTO_INCREMENT,
  `title` varchar(255) NOT NULL,
  `test_password` int(11) DEFAULT NULL,
  `test_url` int(11) DEFAULT NULL,
  `terms_conditions` text,
  `college_id` int(11) DEFAULT NULL,
  `batch_id` int(11) DEFAULT NULL,
  `batch_degree` int(11) DEFAULT NULL,
  `batch_branch` int(11) DEFAULT NULL,
  `batch_year` year(4) DEFAULT NULL,
  `batch_year_to` year(4) DEFAULT NULL,
  `qp_id` int(11) DEFAULT NULL,
  `duration` int(11) DEFAULT NULL,
  `number_of_questions` int(11) DEFAULT NULL,
  `total_marks` int(11) DEFAULT NULL,
  `is_negative` tinyint(1) DEFAULT '0',
  `is_question_random` tinyint(1) DEFAULT '0',
  `is_option_random` tinyint(1) DEFAULT '0',
  `started_on` timestamp NULL DEFAULT NULL,
  `last_active` timestamp NULL DEFAULT NULL,
  `last_inactive` timestamp NULL DEFAULT NULL,
  `ended_on` timestamp NULL DEFAULT NULL,
  `status` tinyint(1) DEFAULT '0',
  `created_on` timestamp NOT NULL DEFAULT CURRENT_TIMESTAMP,
  `created_by` int(1) DEFAULT NULL,
  `updated_on` timestamp NULL DEFAULT NULL,
  `updated_by` int(1) DEFAULT NULL,
  `deleted_on` timestamp NULL DEFAULT NULL,
  `deleted_by` int(1) DEFAULT NULL,
  `remarks` varchar(255) DEFAULT NULL,
  PRIMARY KEY (`test_id`)
) ENGINE=InnoDB AUTO_INCREMENT=2 DEFAULT CHARSET=utf8;

/*Data for the table `test_masters` */

insert  into `test_masters`(`test_id`,`title`,`test_password`,`test_url`,`terms_conditions`,`college_id`,`batch_id`,`batch_degree`,`batch_branch`,`batch_year`,`batch_year_to`,`qp_id`,`duration`,`number_of_questions`,`total_marks`,`is_negative`,`is_question_random`,`is_option_random`,`started_on`,`last_active`,`last_inactive`,`ended_on`,`status`,`created_on`,`created_by`,`updated_on`,`updated_by`,`deleted_on`,`deleted_by`,`remarks`) values (1,'Free test 1',NULL,NULL,NULL,1,1,2,23,2013,2017,3,60,60,60,0,0,0,'2016-07-15 18:25:40',NULL,NULL,'2016-07-15 20:25:45',2,'2016-07-15 18:25:37',NULL,NULL,NULL,NULL,NULL,NULL);

/*Table structure for table `test_report_masters` */

DROP TABLE IF EXISTS `test_report_masters`;

CREATE TABLE `test_report_masters` (
  `test_report_id` int(11) NOT NULL AUTO_INCREMENT,
  `test_id` int(11) DEFAULT NULL,
  `test_login_id` int(11) DEFAULT NULL,
  `student_id` int(11) DEFAULT NULL,
  `subject_id` int(11) DEFAULT NULL,
  `total` int(11) DEFAULT NULL,
  `correct` int(11) DEFAULT NULL,
  `incorrect` int(11) DEFAULT NULL,
  `attended` int(11) DEFAULT NULL,
  `not_attended` int(11) DEFAULT NULL,
  `created_on` timestamp NOT NULL DEFAULT CURRENT_TIMESTAMP,
  `updated_on` timestamp NULL DEFAULT NULL,
  `deleted_on` timestamp NULL DEFAULT NULL,
  `remarks` text,
  PRIMARY KEY (`test_report_id`),
  UNIQUE KEY `test_id` (`student_id`,`subject_id`,`test_id`)
) ENGINE=InnoDB AUTO_INCREMENT=7 DEFAULT CHARSET=utf8;

/*Data for the table `test_report_masters` */

insert  into `test_report_masters`(`test_report_id`,`test_id`,`test_login_id`,`student_id`,`subject_id`,`total`,`correct`,`incorrect`,`attended`,`not_attended`,`created_on`,`updated_on`,`deleted_on`,`remarks`) values (1,1,NULL,2,1,20,0,20,3,17,'2016-07-15 20:25:45',NULL,NULL,NULL),(2,1,NULL,2,20,40,NULL,40,0,40,'2016-07-15 20:25:45',NULL,NULL,NULL),(3,1,NULL,3,1,20,2,18,2,18,'2016-07-15 20:25:45',NULL,NULL,NULL),(4,1,NULL,3,20,40,NULL,40,0,40,'2016-07-15 20:25:45',NULL,NULL,NULL),(5,1,NULL,4,1,20,0,20,2,18,'2016-07-15 20:25:45',NULL,NULL,NULL),(6,1,NULL,4,20,40,0,40,3,37,'2016-07-15 20:25:45',NULL,NULL,NULL);

/*Table structure for table `test_response_masters` */

DROP TABLE IF EXISTS `test_response_masters`;

CREATE TABLE `test_response_masters` (
  `test_response_id` int(11) NOT NULL AUTO_INCREMENT,
  `user_id` int(11) DEFAULT NULL,
  `student_id` int(11) DEFAULT NULL,
  `test_login_id` int(11) DEFAULT NULL,
  `test_id` int(11) DEFAULT NULL,
  `qp_id` int(11) DEFAULT NULL,
  `section_id` int(11) DEFAULT NULL,
  `section_order_id` int(11) DEFAULT NULL,
  `subject_id` int(11) DEFAULT NULL,
  `qpq_order_id` int(11) DEFAULT NULL,
  `qpq_id` int(11) DEFAULT NULL,
  `currect_qpqa_id` int(11) DEFAULT NULL,
  `response_qpqa_id` int(11) DEFAULT NULL,
  `is_correct` tinyint(1) DEFAULT '0',
  `created_on` timestamp NOT NULL DEFAULT CURRENT_TIMESTAMP,
  `updated_on` timestamp NULL DEFAULT '0000-00-00 00:00:00',
  `deleted_on` timestamp NULL DEFAULT '0000-00-00 00:00:00',
  `status` tinyint(1) DEFAULT NULL,
  `remarks` varchar(255) DEFAULT NULL,
  PRIMARY KEY (`test_response_id`),
  UNIQUE KEY `user_id` (`user_id`,`test_login_id`,`qpq_id`)
) ENGINE=InnoDB AUTO_INCREMENT=12 DEFAULT CHARSET=utf8;

/*Data for the table `test_response_masters` */

insert  into `test_response_masters`(`test_response_id`,`user_id`,`student_id`,`test_login_id`,`test_id`,`qp_id`,`section_id`,`section_order_id`,`subject_id`,`qpq_order_id`,`qpq_id`,`currect_qpqa_id`,`response_qpqa_id`,`is_correct`,`created_on`,`updated_on`,`deleted_on`,`status`,`remarks`) values (1,3,2,NULL,1,3,14,1,1,1,117,458,456,0,'2016-07-15 20:16:07','0000-00-00 00:00:00','0000-00-00 00:00:00',1,NULL),(2,3,2,NULL,1,3,14,1,1,2,119,467,466,0,'2016-07-15 20:16:10','0000-00-00 00:00:00','0000-00-00 00:00:00',1,NULL),(3,3,2,NULL,1,3,14,1,1,3,118,462,463,0,'2016-07-15 20:16:12','0000-00-00 00:00:00','0000-00-00 00:00:00',1,NULL),(4,4,3,NULL,1,3,14,1,1,1,117,458,458,1,'2016-07-15 20:17:55','0000-00-00 00:00:00','0000-00-00 00:00:00',1,NULL),(5,4,3,NULL,1,3,14,1,1,2,116,454,454,1,'2016-07-15 20:17:57','0000-00-00 00:00:00','0000-00-00 00:00:00',1,NULL),(6,5,4,NULL,1,3,14,1,1,1,118,462,461,0,'2016-07-15 20:25:14','0000-00-00 00:00:00','0000-00-00 00:00:00',1,NULL),(7,5,4,NULL,1,3,14,1,1,2,116,454,453,0,'2016-07-15 20:25:17','0000-00-00 00:00:00','0000-00-00 00:00:00',1,NULL),(8,5,4,NULL,1,3,18,5,20,1,143,560,562,0,'2016-07-15 20:25:21','0000-00-00 00:00:00','0000-00-00 00:00:00',1,NULL),(9,5,4,NULL,1,3,18,5,20,2,138,541,540,0,'2016-07-15 20:25:23','0000-00-00 00:00:00','0000-00-00 00:00:00',1,NULL),(10,5,4,NULL,1,3,18,5,20,3,150,590,589,0,'2016-07-15 20:25:26','0000-00-00 00:00:00','0000-00-00 00:00:00',1,NULL),(11,3,2,NULL,1,3,14,1,1,4,116,454,453,0,'2017-03-08 16:44:47','0000-00-00 00:00:00','0000-00-00 00:00:00',1,NULL);

/*Table structure for table `test_student_feedback_masters` */

DROP TABLE IF EXISTS `test_student_feedback_masters`;

CREATE TABLE `test_student_feedback_masters` (
  `tsf_id` int(11) NOT NULL AUTO_INCREMENT,
  `batch_id` int(11) DEFAULT NULL,
  `test_id` int(11) DEFAULT NULL,
  `user_id` int(11) DEFAULT NULL,
  `student_id` int(11) DEFAULT NULL,
  `name` varchar(255) DEFAULT NULL,
  `email` varchar(255) DEFAULT NULL,
  `message` text,
  `created_on` timestamp NOT NULL DEFAULT CURRENT_TIMESTAMP,
  `status` tinyint(1) DEFAULT '1',
  PRIMARY KEY (`tsf_id`)
) ENGINE=InnoDB AUTO_INCREMENT=4 DEFAULT CHARSET=utf8;

/*Data for the table `test_student_feedback_masters` */

insert  into `test_student_feedback_masters`(`tsf_id`,`batch_id`,`test_id`,`user_id`,`student_id`,`name`,`email`,`message`,`created_on`,`status`) values (1,1,1,3,2,'kumar','sathish@mahendra.in','Good','2016-07-15 20:16:19',1),(2,1,1,4,3,'Raj','test@gmail.com','nice','2016-07-15 20:18:03',1),(3,1,1,3,2,'kumar','sathish@mahendra.in','Nice','2017-03-08 16:45:07',1);

/*Table structure for table `university_master` */

DROP TABLE IF EXISTS `university_master`;

CREATE TABLE `university_master` (
  `id` int(11) NOT NULL AUTO_INCREMENT,
  `name` varchar(255) NOT NULL,
  PRIMARY KEY (`id`)
) ENGINE=InnoDB AUTO_INCREMENT=284 DEFAULT CHARSET=utf8;

/*Data for the table `university_master` */

insert  into `university_master`(`id`,`name`) values (1,'AVINASHILINGAM INSTITUTE FOR HOME SCIENCE & HIGHER EDUCATION FOR WOMEN COIMBATORE'),(2,'ASSAM UNIVERSITY SILCHAR'),(3,'ASSAM AGRICULTURAL UNIVERSITY JORHAT'),(4,'ANNAMALAI UNIVERSITY ANNAMALAINAGAR'),(5,'ANNA UNIVERSITY SARDAR PATEL ROAD GUINDY CHENNAI'),(6,'ANDHRA UNIVERSITY WALTAIR VISAKHAPATNAM'),(7,'AMARAVATHI UNIVERSITY AMARAVATI'),(8,'ALLAHABAD AGRICULTURAL INSTITUTE ALLAHABAD'),(9,'ALAGAPPA UNIVERSITY ALGAPPA NAGAR KARAIKUDI'),(10,'ALIGARH MUSLIM UNIVERSITY ALIGARH'),(11,'ACHARYA NAGARJUNA UNIVERSITY NAGARJUNA NAGAR GUNTUR'),(12,'ACHARYA N G RANGA AGRICULTURAL UNIVERSITY RAJENDRANAGAR HYDERABAD'),(13,'A.B.VAJPAYEE INDIAN INSTITUTE OF IT AND MANAGEMENT GWALIOR'),(14,'AWADHESH PRATAP SINGH UNIVERSITY REWA'),(15,'B.N.MANDAL UNIVERSITY LALOO NAGAR MADHEPURA'),(16,'BABA FARID UNIVERSITY OF HEALTH SCIENCES KODKAPURA ROAD FARIDKOT'),(17,'BABASAHEB BHIMRAO AMBEDKAR BIHAR UNIVERSITY MUZAFFARPUR'),(18,'BABASAHEB BHIMRAO AMBEDKAR UNIVERSITY RAE BAREILLY ROAD LUCKNOW'),(19,'BANARAS HINDU UNIVERSITY VARANASI'),(20,'BANASTHALI VIDYAPITH BANASTHALI RAJASTHAN'),(21,'BANGALORE UNIVERSITY JNANA BHARATHI BANGALORE'),(22,'BARKATULLAH VISHWAVIDYALAYA BHOPAL'),(23,'BENGAL ENGINEERING AND SCIENCE UNIVERSITY SHIBPUR HOWRAH'),(24,'BERHAMPUR UNIVERSITY BHANJA BIHAR DISTT GANJAM BERHAMPUR'),(25,'BHARAT INSTITUTE OF TECHNOLOGYCHENNAI'),(26,'BHARATHI VIDYAPEETH LAL BAHADUR SHASTRI MARG PUNE'),(27,'BHARATHIAR UNIVERSITY COIMBATORE'),(28,'BHARATHIDASAN UNIVERSITY PALKALAI PERUR TIRUCHIRAPPALLI'),(29,'BHAVNAGAR UNIVERSITY GOURI SHANKAR LAKE ROAD BHAVNAGAR'),(30,'BIDHAN CHANDRA KRISHI VISHWAVIDYALAYA P.O. KRISHI VISHWAVIDYALAYA MOHANPUR DISTT NADIA'),(31,'BIRLA INSTITUTE OF TECHNOLOGY & SCIENCE VIDHYA VIHAR PILANI'),(32,'BIRLA INSTITUTE OF TECHNOLOGY MESRA RANCHI'),(33,'BIRSA AGRICULTURAL UNIVERSITY KANKE RANCHI'),(34,'BUNDELKHAND UNIVERSITY KANPUR ROAD JHANSI'),(35,'CENTRAL AGRICULTURAL UNIVERSITY IROISEMBA IMPHAL'),(36,'CENTRAL INSTITUTE OF FISHERIES EDUCATION UNIVERSITY ROAD ANDHERI MUMBAI'),(37,'CENTRAL INSTITUTE OF HIGHER TIBETAN STUDIES SARNATH VARANASI'),(38,'CENTRAL INSTT. OF ENGLISH & FOREIGN LANGUAGES HYDERABAD'),(39,'CH.CHARAN SINGH HARYANA AGRICULTURAL UNIVERSITY HISAR'),(40,'CH.CHARAN SINGH UNIVERSITY MEERUT'),(41,'CH.SARWAN KUMAR HIMACHAL PRADESH KRISHI VISHWAVIDYALAYA PALAMPUR'),(42,'CHANDRA SHEKHAR AZAD UNIVERSITY OF AGRICULTURE & TECHNOLOGY KANPUR'),(43,'CHATRAPATI SHAHU JI MAHARAJ UNIVERSITY KALYANPUR KANPUR'),(44,'COCHIN UNIVERSITY OF SCIENCE & TECHNOLOGY KOCHI'),(45,'DAKSHINA BHARAT HINDI PRACHAR SABHA P.B. NO.  THYAGARAYANAGAR CHENNAI'),(46,'DAYALBAGH EDUCATIONAL INSTITUTE DAYALBAGH AGRA'),(47,'DECCAN COLLEGE POST GRADUATE AND RESEARCH INSTITUTE PUNE'),(48,'DEENDAYAL UDADHYAY GORAKHPUR UNIVERSITY  GORAKHPUR'),(49,'DEV SAMSKRITI VISWAVIDYALAYA HARDWAR'),(50,'DEVI AHILYA VISHWAVIDYALAYA R.N. TAGORE MARG INDORE'),(51,'DHARMASINH DESAI UNIVERSITY POST BOX NO.  COLLEGE ROAD NADIAD'),(52,'DIBRUGARH UNIVERSITY DIBRUGARH'),(53,'DR.B.R.AMBEDKAR OPEN UNIVERSITY ROAD NO.  JUBILEE HILLS HYDERABAD'),(54,'DR.BABASAHEB AMBEDKAR MARATHWADA UNIVERSITY AURANGABAD'),(55,'DR.BABASAHEB AMBEDKAR OPEN UNIVERSITY  GOVT. BANGALOW SHAHIBAUG AHMEDABAD'),(56,'DR.BABASAHEB AMBEDKAR TECHNOLOGICAL UNIVERSITY VIDYAVIHAR LONERE   DIST RAIGAD'),(57,'DR.BALASAHEB SAWANT KONKAN KRISHI VIDYAPEETH DAPOLI    DIST RATNAGIRI'),(58,'DR.BHIM RAO AMBEDKAR UNIVERSITY AGRA'),(59,'DR.HARISINGH GOUR VISWAVIDYALAYA SAGAR'),(60,'DR.PANJABRAO DESHMUKH KRISHI VIDYAPEETH AKOLA'),(61,'DR.RAM MANOHAR LOHIA AVADH UNIVERSITY FAIZABAD'),(62,'DR.Y.S.PARMAR UNIVERSITY OF HORTICULTURE & FORESTRY NAUNI DISTRICT SOLAN'),(63,'DRAVIDIAN UNIVERSITY KUPPAM  CHITTOOR A.P'),(64,'FAKIR MOHAN UNIVERSITY VYASAVIHAR BALASORE ORISSA'),(65,'FOREST RESEARCH INSTITUTE DEHRADUN'),(66,'GANDHIGRAM RURAL INSTITUTE GANDHIGRAM P.O.  TAMIL NADU DINDIGUL'),(67,'GAUHATI UNIVERSITY GOPINATH BARDOLOI NAGAR GUWAHATI'),(68,'GOA UNIVERSITY SUB POST OFFICE GOA UNIVERSITY TELEIGARO PLATEAU GOA'),(69,'GOKHALE INSTITUTE OF POLITICS & ECONOMICS PUNE'),(70,'GOVIND BALLABH PANT UNIVERSITY OF AGRICULTURE & TECHNOLOGY PANTNAGAR    DISTT UDHAM SINGH NAGAR'),(71,'GUJARAT AYURVED UNIVERSITY JAMNAGAR'),(72,'GUJARAT UNIVERSITY P.B. NO.NAVRANGPURA AHMEDABAD'),(73,'GUJARAT VIDYAPITH PO NAVJIVAN ASHRAM ROAD AHMEDABAD'),(74,'GULBARGA UNIVERSITY GNANA GANGA GULBARGA'),(75,'GURU GHASIDAS UNIVERSITY BILASPUR'),(76,'GURU GOVIND SINGH INDRAPRASTHA UNIVERSITY KASHMERE GATE DELHI'),(77,'GURU JAMBHESHWAR UNIVERSITY HISAR'),(78,'GURU NANAK DEV UNIVERSITY AMRITSAR'),(79,'GURUKULA KANGRI VISHWAVIDYALAYA HARDWAR'),(80,'HEMCHANDRACHARYA NORTH GUJARAT UNIVERSITY PATAN'),(81,'HEMWATI NANDAN BAHUGUNA GARHWAL UNIVERSITY SRINAGAR DISTT GARHWAL'),(82,'HIMACHAL PRADESH UNIVERSITY SUMMER HILLS SHIMLA'),(83,'INDIAN AGRICULTURAL RESEARCH INSTITUTE NEW DELHI'),(84,'INDIAN INSTITUTE OF INFORMATION TECHNOLOGY JHALWA ALLAHABAD'),(85,'INDIAN INSTITUTE OF SCIENCE BANGALORE'),(86,'INDIAN INSTITUTE OF TECHNOLOGY DELHI HAUZ KHAS NEW DELHI'),(87,'INDIAN INSTITUTE OF TECHNOLOGY BOMBAY POWAI MUMBAI'),(88,'INDIAN INSTITUTE OF TECHNOLOGY KANPUR KANPUR'),(89,'INDIAN INSTITUTE OF TECHNOLOGY KHARAGPUR KHARAGPUR'),(90,'INDIAN INSTITUTE OF TECHNOLOGY MADRAS CHENNAI'),(91,'INDIAN INSTITUTE OF TECHNOLOGY ROORKEE'),(92,'INDIAN SCHOOL OF MINES DHANBAD'),(93,'INDIAN STATISTICAL INSTITUTE  BARRACKPORE TRUNK ROAD KOLKATA'),(94,'INDIAN VETERINARY RESEARCH INSTITUTE IZATNAGAR'),(95,'INDIRA GANDHI INSTITUTE OF DEVELOPMENT RESEARCH MUMBAI'),(96,'INDIRA GANDHI KRISHI VISHWA VIDYALAYA RAIPUR'),(97,'INDIRA GANDHI NATIONAL OPEN UNIVERSITY MAIDAN GARHI NEW DELHI'),(98,'INDIRA KALA SANGIT VISHWAVIDYALAYA KHAIRAGARH'),(99,'INSTITUTE OF ADVANCED STUDIES IN EDUCATION SARDARSHAHR'),(100,'INTERNATIONAL INSTITUTE FOR POPULATION SCIENCES GOVANDI STATION ROAD DEONAR MUMBAI'),(101,'INTERNATIONAL INSTITUTE OF INFORMATION TECHNOLOGY GACHIBOULI HYDERABAD'),(102,'JADAVPUR UNIVERSITY KOLKATA'),(103,'JAGADGURU RAMABHADRACHARYA HANDICAPPED UNIVERSITY CHITRAKUTAM'),(104,'JAI NARAIN VYAS UNIVERSITY JODHPUR'),(105,'JAI PRAKASH VISHWAVIDYALAYA CHAPRA'),(106,'JAIN VISHVA BHARATI INSTITUTE POST BOX NO. LADNUN DISTT NAGAUR'),(107,'JAMIA HAMDARD HAMDARD NAGAR NEW DELHI'),(108,'JAMIA MILLIA ISLAMIA JAMIA NAGAR NEW DELHI  '),(109,'JANARDAN RAI NAGAR RAJASTHAN VIDYAPEETH UDAIPUR'),(110,'JAWAHARLAL NEHRU TECHNOLOGICAL UNIVERSITY KUKATPALLY HYDERABAD'),(111,'JAWAHARLAL NEHRU UNIVERSITY NEW MEHRAULI ROAD NEW DELHI'),(112,'JAYPEE UNIVERSITY OF INFORMATION TECHNOLOGY KANDAGHAT'),(113,'JIWAJI UNIVERSITY GWALIOR'),(114,'KAKATIYA UNIVERSITY VIDYARANYAPURI WARANGAL'),(115,'KAMESHWAR SINGH DARBHANGHA SANSKRIT UNIVERSITY DARBHANGHA'),(116,'KANNADA UNIVERSITY HAMPI VIDYARANYA HOSPET TALUK  DIST BELLARY'),(117,'KANNUR UNIVERSITY MANGATTUPARAMBA KALLIASERI P.O. KANNUR'),(118,'KARNATAKA STATE OPEN UNIVERSITY MANASAGANGOTRI MYSORE'),(119,'KARNATAKA UNIVERSITY PAVATE NAGAR DHARWAD'),(120,'KARUNNYA UNIVERSITY'),(121,'KAVIKUL GURU KALIDAS SANSKRIT VISHVAVIDYALAYA SITAWADI MOUDA ROAD RAMTEK'),(122,'KERALA AGRICULTURAL UNIVERSITY VELLANIKKARA THRISSUR'),(123,'KUMAUN UNIVERSITY NAINITAL'),(124,'KURUSHETRA UNIVERSITY KURUKSHETRA'),(125,'KUVEMPU UNIVERSITY GNANASAHYADRI SHANKARAGHATTA   SHIMOGA DISTT'),(126,'LAKSHMIBAI NATIONAL INSTITUTE OF PHYSICAL EDUCATION GWALIOR'),(127,'LALIT NARAYAN MITHILA UNIVERSITY DARBHANGA'),(128,'M.J.P. ROHILKHAND UNIVERSITY DORI LAL AGARWAL MARG BAREILLY'),(129,'MADHYA PRADESH BHOJ OPEN UNIVERSITY'),(130,'MADURAI KAMARAJ UNIVERSITY MADURAI'),(131,'MAGADH UNIVERSITY BODH GAYA'),(132,'MAHARAJA SAYAJIRAO UNIVERSITY OF BARODA FATEHGANJ VADODARA'),(133,'MAHARANA PRATAP UNIVERSITY OF AGRICULTURE & TECHNOLOGY P.B. BOX NO.  NEW CAMPUS UDAIPUR'),(134,'MAHARASHTRA ANIMAL & FISHERY SCIENCES UNIVERSITY HIGHLAND DRIVE ROAD SEMINARY HILLS NAGPUR'),(135,'MAHARASHTRA UNIVERSITY OF HEALTH SCIENCES DINDORI ROAD NASHIK'),(136,'MAHARSHI DAYANAD SARASWATI UNIVERSITY PUSHKAR BYE PASS AJMER'),(137,'MAHARSHI DAYANAD UNIVERSITY ROHTAK'),(138,'MAHARSHI MAHESH YOGI VEDIC VISHWAVIDYALAYA H O VILLAGE KARAUNDI POST PANN UMARIYA'),(139,'MAHATMA GANDHI ANTARASHTRIYA HINDI VISVAVIDYALAYA WARDHA'),(140,'MAHATMA GANDHI CHITRAKOOT GRAMODAYA VISHWAVIDYALAYA CHITRAKUT  SATNA DT. MP'),(141,'MAHATMA GANDHI KASHI VIDYAPEETH VARANASI'),(142,'MAHATMA GANDHI UNIVERSITY PO PRIYADARSHINI HILLS KOTTAYAM'),(143,'MAHATMA PHULE KRISHI VIDYAPEETH RAHURI  DIST AHMEDNAGAR'),(144,'MAKHANLAL CHATURVEDI RASHTRIYA PATRAKARITA VISWA VIDYALAYA E/TRILOCHAN NAGAR BHOPAL'),(145,'MALAVIYA NATIONAL INSTITUTE OF TECHNOLOGY JAIPUR'),(146,'MANGALORE UNIVERSITY NEW ADMINISTRATIVE BIDG. MANGALAGANGOTHRI MANGALORE'),(147,'MANIPAL ACADEMY OF HIGHER EDUCATION MADHAV NAGAR MANIPAL'),(148,'MANIPUR UNIVERSITY CANCHIPUR IMPHAL'),(149,'MANONMANIAM SUNDARANAR UNIVERSITY ABHISHEKPATTI TIRUNELVELI'),(150,'MARATHWADA AGRICULTURAL UNIVERSITY PARBHANI'),(151,'MAULANA AZAD NATIONAL INSTITUTE OF TECHNOLOGY BHOPAL'),(152,'MAULANA AZAD NATIONAL URDU UNIVERSITY GACHIBOWLI HYDERABAD'),(153,'MIZORAM UNIVERSITY MIZORAM '),(154,'MOHANLAL SUKHADIA UNIVERSITY UDAIPUR'),(155,'MOTHER TERESA WOMENS UNIVERSITY'),(156,'NAGALAND UNIVERSITY LUMAMI KOHIMA'),(157,'NAGPUR UNIVERSITY RAVINDRA NATH TAGORE MARG NAGPUR'),(158,'NALANDA OPEN UNIVERSITY WEST GANDHI MAIDAN PATNA'),(159,'NARENDRA DEVA UNIVERSITY OF AGRICULTURE & TECHNOLOGY FAIZABAD'),(160,'NATIONAL ACADEMY OF LEGAL STUDIES AND RESEARCH UNIVERSITY  BARKATPURA HYDERABAD'),(161,'NATIONAL DAIRY RESEARCH INSTITUTE KAMAL'),(162,'NATIONAL INSTITUTE OF MENTAL HEALTH & NEURO SCIENCES  HOSUR ROAD BANGALORE'),(163,'NATIONAL INSTITUTE OF PHARMACEUTICAL EDUCATION AND RESEARCH SECTOR  SAS NAGAR (MOHALI)'),(164,'NATIONAL INSTITUTE OF TECHNOLOGY CALICUT'),(165,'NATIONAL INSTITUTE OF TECHNOLOGY KURUKSHETHRA'),(166,'NATIONAL LAW SCHOOL OF INDIA UNIVERSITY NAGARBHAVI BANGALORE'),(167,'NATIONAL LAW UNIVERSITY NH   MANODRA JODHPUR'),(168,'NATIONAL MUSEUM INSTITUTE OF HISTORY OF ART. CONSERVATION AND MUSEOLOGY JANPATH NEW DELHI'),(169,'NETAJI SUBHASH OPEN UNIVERSITY  WOODBURN PARK KOLKATA'),(170,'NIT KARNATAKA'),(171,'NIT ROURKELA'),(172,'NIT SILCHAR'),(173,'NIT WARANGAL'),(174,'NIZAMS INSTITUTE'),(175,'NORTH EASTERN HILL UNIVERSITY P.O. NEHU CAMPUS MAWKYNRO UMSHING SHILLONG'),(176,'NORTH MAHARASHTRA UNIVERSITY JALGAON'),(177,'NORTH ORISSA UNIVERSITY SHRI RAM CHANDRA VIHAR TAKATPUR BARIPADA DIST MAYURBHANJ'),(178,'NTR UNIVERSITY OF HEALTH SCIENCES VIJAYAWADA'),(179,'ORISSA UNIVERSITY OF AGRICULTURE AND TECHNOLOGY BHUBANESWAR'),(180,'OSMANIA UNIVERSITY HYDERABAD'),(181,'PADMASREE DR. D. Y PATIL VIDYAPEETH VIDYANAGAR NAVI MUMBAI'),(182,'PANDIT RAVISHANKAR SHUKIA UNIVERSITY RAIPUR'),(183,'PANJAB UNIVERSITY CHANDIGARH'),(184,'PATNA UNIVERSITY PATNA'),(185,'PERIYAR UNIVERSITY SALEM'),(186,'PONDICHERRY UNIVERSITY R.V NAGAR KALAPET PONDICHERRY'),(187,'POSTGRADUATE INSTITUTE OF MEDICAL EDUCATION AND RESEARCH CHANDIGARH'),(188,'POTTI SRIRAMULU TELUGU UNIVERSITY LALITA KALA KSHETRAM PUBLIC GARDENS HYDERABAD'),(189,'PUNJAB AGRICULTURAL UNIVERSITY LUDHIANA'),(190,'PUNJAB TECHNICAL UNIVERSITY LADOWALI ROAD JALANDHAR'),(191,'PUNJABI UNIVERSITY PATIALA'),(192,'RABINDRA BHARATI UNIVERSITY A BARRACKPORE TRUNK ROAD KOLKATA'),(193,'RAJASTHAN AGRICULTURAL UNIVERSITY BIKANER'),(194,'RAJASTHAN SANSKRIT VISWA VIDALAYA JAIPUR'),(195,'RAJENDRA AGRICULTURAL UNIVERSITY PUSA SAMASITPUR'),(196,'RAJIV GANDHI PROUDYOGIKI VISVAVIDYALAYA BHOPAL  (MP)'),(197,'RAJIV GANDHI UNIVERSITY OF HEALTH SCIENCES '),(198,'RAJIV GANDHI UNIVERSITY RONO HILLS ITANAGAR'),(199,'RANCHI UNIVERSITY RANCHI'),(200,'RANI DURGAVATI VISHWAVIDYALAYA SARASWATI VIHAR JABALPUR'),(201,'RASHTRIYA SANSKRIT VIDYAPEETH TIRUPATI'),(202,'SAMBALPUR UNIVERSITY JYOTI VIHAR SAMBALPUR'),(203,'SAMPUMANAND SANSKRIT VISHWAVIDYALAYA VARANASI'),(204,'SANJAY GANDHI POSTGRADUATE INSTITUTE OF MEDICAL SCIENCES  RAEBARELI ROAD LUCKNOW'),(205,'SARDAR KRISH NAGAR DANTIWADA AGRICULTURAL UNIVERSITY'),(206,'SARDAR PATEL UNIVERSITY VALLABH VIDYANAGAR'),(207,'SATYABHAMA INSTITUTE OF SCIENCE AND TECHNOLOGY JEPPIAAR NAGAR OLD MAMALLAPURAM ROAD CHENNAI'),(208,'SAURASHTRA UNIVERSITY UNIVERSITY ROAD RAJKOT'),(209,'SAVEETHA UNIVERSITYCHENNAI'),(210,'SCHOOL OF PLANNING AND ARCHITECTURE INDRAPRASTHA ESTATE NEW DELHI'),(211,'SHANMUGHA ARTS SCIENCE TECHNOLOGY AND RESEARCH ACADEMY SHANMUGHA CAMPUS TIRUMALAISAMUDRAM THANJAVUR'),(212,'SHEREKASHMIR UNIVERSITY OF AGRICULTURAL SCIENCES & TECHNOLOGY OF KASHMIR SHALIMAR SRINAGAR'),(213,'SHEREKASHMIR UNIVERSITY OF AGRICULTURAL SCIENCES AND TECHNOLOGY JAMMU RAILWAY ROAD JAMMU'),(214,'SHIVAJI UNIVERSITY VIDYANAGAR KOLHAPUR'),(215,'SHREEMATI NATHIBAI DAMODAR THACKERSAY WOMEN'),(216,'SHRI JAGANNATH SANSKRIT VISWAVIDYALAYA PURI'),(217,'SHRI LAL BAHADUR SHASTRI RASHTRIYA SANSKRIT VIDYAPEETH KATWARIA SARAI NEW MEHRAULI ROAD NEW DELHI'),(218,'SHRI MATA VAISHNO DEVI UNIVERSITY PANTHAL ROAD DISTT UDHAMPUR'),(219,'SIDO KANHU MURMU UNIVERSITY SANTAL PARGANA DUMKA'),(220,'SIKKIM  MANIPAL UNIVERSITY OF HEALTH MEDICAL & TECHNOLOGICAL SCIENCES TH MILE TADONG   SIKKIM'),(221,'SREE CHITRA TIRUNAL INSTITUTE FOR MEDICAL SCIENCES AND TECHNOLOGY  TVPM'),(222,'SREE SANKARACHARYA UNIVERSITY OF SANSKRIT SREE SANKARAPURAM KALADY'),(223,'SRI CHANDRASEKHARENDRA SARASWATHY VISWA MAHAVIDYALAYA KANCHEEPURAM'),(224,'SRI KRISHNADEVARAYA UNIVERSITY ANANTAPUR'),(225,'SRI PADMAVATI MAHILA VISHVAVIDYALAYAM TIRUPATI'),(226,'SRI RAMACHANDRA MEDICAL COLLEGE AND RESEARCH INSTITUTE  RAMACHANDRA NAGAR PORUR CHENNAI'),(227,'SRI SATHYA SAI INSTITUTE OF HIGHER LEARNING PRASANTHINILAYAM  ANANTAPUR'),(228,'SRI VENKATESWARA INSTITUTE OF MEDICAL SCIENCES TIRUPATI'),(229,'SRI VENKATESWARA UNIVERSITY TIRUPATI'),(230,'SRM UNIVERSITY CHENNAI'),(231,'SWAMI RAMANAD TERRTH MARATHWADA UNIVERSITY DHYANTEERTH GAUTAMI NAGAR PB NO.  VISHNUPURI NANDED'),(232,'SYMBIOSIS INTERNATIONAL EDUCATIONAL CENTRE PUNE'),(233,'TAMIL NADU AGRICULTURAL UNIVERSITY COIMBATORE'),(234,'TAMIL NADU DR. AMBEDKAR LAW UNIVERSITY POOMPOZHIL CHENNAI'),(235,'TAMIL NADU DR. M.G.R. MEDICAL UNIVERSITY ANNA SALAI GUINDY CHENNAI'),(236,'TAMIL NADU VETERINARY AND ANIMAL SCIENCES UNIVERSITY CHENNAI'),(237,'TAMIL UNIVERSITY TRICHY ROAD THANJAVUR'),(238,'TATA INSTITUTE OF SOCIAL SCIENCES SION  TROMBAY ROAD DEONAR MUMBAI'),(239,'TEZPUR UNIVERSITY TEZPUR DISTRICT SONITPUR'),(240,'THAPAR INSTITUTE OF ENGINEERING AND TECHNOLOGY PATIALA'),(241,'THIRUVALLUVAR UNIVERSITYTAMILNADU'),(242,'TILAK MAHARASHTRA VIDYAPEETH PUNE'),(243,'TILAKA MANJHI BHAGALPUR UNIVERSITY BHAGALPUR'),(244,'TRIPURA UNIVERSITY SURYAMANINAGAR  TRIPURA'),(245,'UNIVERSITY OF AGRICULTURAL SCIENCES G.K.V.K. CAMPUS BANGALORE'),(246,'UNIVERSITY OF AGRICULTURAL SCIENCES KRISHINAGAR DHARWAD'),(247,'UNIVERSITY OF ALLAHABAD ALLAHABAD'),(248,'UNIVERSITY OF BURDWAN RAJBATI BURDWAN'),(249,'UNIVERSITY OF CALCUTTA KOLKATA'),(250,'UNIVERSITY OF CALICUT KOZHIKODE'),(251,'UNIVERSITY OF DELHI DELHI'),(252,'UNIVERSITY OF HYDERABAD HYDERABAD'),(253,'UNIVERSITY OF JAMMU BABA SAHEB AMBEDKAR ROAD NEW CAMPUS JAMMU (TAWI)'),(254,'UNIVERSITY OF KALYANI KALYANI'),(255,'UNIVERSITY OF KASHMIR HAZRATBAL SRINAGAR    (J&K)'),(256,'UNIVERSITY OF KERALA THIRUVANANTHAPURAM'),(257,'UNIVERSITY OF LUCKNOW UNIVERSITY LUCKNOW'),(258,'UNIVERSITY OF MADRAS CHEPAUK CHENNAI'),(259,'UNIVERSITY OF MUMBAI M.G. ROAD FORT MUMBAI'),(260,'UNIVERSITY OF MYSORE CRAWFORD HALL MYSORE'),(261,'UNIVERSITY OF NORTH BENGAL RAJA RAMMOHUNPUR DARJEELING'),(262,'UNIVERSITY OF PUNE PUNE'),(263,'UNIVERSITY OF RAJASTHAN JAIPUR'),(264,'UP RAJARSHI TANDON OPEN UNIVERSITY ALLAHABAD'),(265,'UTKAL UNIVERSITY OF CULTURE SARDAR PATEL HALL COMPLEX UNIT II BHUBANESWAR'),(266,'UTKAL UNIVERSITY VANI VIHAR BHABANESWAR'),(267,'UTTAR PRADESH TECHNICAL UNIVERSITY INSTITUTE OF ENGINEERING AND TECHNOLOGY CAMPUS SITAPUR ROAD LUCKNOW'),(268,'V.B.S. PURVANCHAL UNIVERSITY JAUNPUR'),(269,'VARDHAMAN MAHAVEER OPEN UNIVERSITY KOTA'),(270,'VEER KUNWAR SINGH UNIVERSITY ARRAH BIHAR'),(271,'VEER NARMAD SOUTH GUJARAT UNIVERSITY SURAT'),(272,'VELLORE INSTITUTE OF TECHNOLOGY VELLORE'),(273,'VEL\'S UNIVERSITY'),(274,'VIDYASAGAR UNIVERSITY MIDNAPORE'),(275,'VIKRAM UNIVERSITY UJJAIN'),(276,'VINAYAKA MISSION'),(277,'VINOBA BHAVE UNIVERSITY PB NO.  HAZARIBAG'),(278,'VISHVESWARAIAH TECHNOLOGICAL UNIVERSITY MOCHHE BELGAUM'),(279,'VISVA BHARATI SANTINIKETAN'),(280,'VISWESVARAYYA NATIONAL INSTITUTE OF TECHNOLOGY NAGPUR'),(281,'WEST BENGAL UNIVERSITY OF ANIMAL & FISHERY SCIENCES  KSHUDIRAM BOSE SARANI BELGACHIA KOLKATA'),(282,'WEST BENGAL UNIVERSITY OF TECHNOLOGY BF   SALT LAKE BIDHAN NAGAR KOLKATA'),(283,'YASHWANTRAO CHAVAN MAHARASHTRA OPEN UNIVERSITY DHYANGANGOTRI NEAR GANGAPUR DAM NASHIK');

/*Table structure for table `users` */

DROP TABLE IF EXISTS `users`;

CREATE TABLE `users` (
  `id` int(11) unsigned NOT NULL AUTO_INCREMENT,
  `user_type` tinyint(1) NOT NULL,
  `reg_id` int(11) NOT NULL,
  `subscription_type` int(11) NOT NULL DEFAULT '0',
  `name` varchar(255) CHARACTER SET utf8 COLLATE utf8_unicode_ci NOT NULL,
  `email` varchar(255) CHARACTER SET utf8 COLLATE utf8_unicode_ci NOT NULL,
  `password` varchar(60) CHARACTER SET utf8 COLLATE utf8_unicode_ci DEFAULT NULL,
  `sms_alert` tinyint(1) DEFAULT NULL,
  `email_alert` tinyint(1) DEFAULT NULL,
  `last_session_id` int(11) DEFAULT NULL,
  `status` tinyint(1) DEFAULT NULL,
  `login_attempt` tinyint(1) DEFAULT NULL,
  `remember_token` text CHARACTER SET utf8 COLLATE utf8_unicode_ci,
  `created_at` timestamp NOT NULL DEFAULT CURRENT_TIMESTAMP,
  `updated_at` timestamp NULL DEFAULT NULL,
  PRIMARY KEY (`id`),
  UNIQUE KEY `email` (`email`)
) ENGINE=InnoDB AUTO_INCREMENT=6 DEFAULT CHARSET=utf8;

/*Data for the table `users` */

insert  into `users`(`id`,`user_type`,`reg_id`,`subscription_type`,`name`,`email`,`password`,`sms_alert`,`email_alert`,`last_session_id`,`status`,`login_attempt`,`remember_token`,`created_at`,`updated_at`) values (1,2,1,0,'SMK college of enggineering','demo@email.in','$2y$10$mWXnFK2HlB4LLELHrwn9/e7uc6NfJ7Z9gJCnkfZwo94ZaEhaY3F3O',NULL,NULL,NULL,NULL,NULL,'eyJ0eXAiOiJKV1QiLCJhbGciOiJIUzI1NiJ9.eyJzdWIiOjEsImlzcyI6Imh0dHA6XC9cL2xvY2FsaG9zdDo5MDAxXC9pbmRleC5waHBcL2F1dGhcL2xvZ2luIiwiaWF0IjoxNDg4OTcxNTA1LCJleHAiOjE0ODg5NzUxMDUsIm5iZiI6MTQ4ODk3MTUwNSwianRpIjoiNzg5Y2E4YWNmMWQyOWM3YzI1ZjM2OTY5MjU4Y2ZkZmMifQ.WM-UgBiClvgBMX9ojQKVbCf7plijuhIkFEyiLRMSmgY','2016-07-15 18:14:02',NULL),(2,1,1,0,'sathish','rsathishkumar4@gmail.com','$2y$10$mWXnFK2HlB4LLELHrwn9/e7uc6NfJ7Z9gJCnkfZwo94ZaEhaY3F3O',NULL,NULL,NULL,NULL,NULL,'eyJhbGciOiJIUzI1NiJ9.eyJzdWIiOjIsImlzcyI6Imh0dHA6XC9cL2xvY2FsaG9zdDo4MDkwXC9pbmRleC5waHBcL2F1dGhcL2xvZ2luIiwiaWF0IjoiMTQ2ODU5MzMzMSIsImV4cCI6IjE0Njg1OTY5MzEiLCJuYmYiOiIxNDY4NTkzMzMxIiwianRpIjoiNDM5OGUyY2MzZWM0NDQzZmIwYmVkMTJmZGU3ODI4N2UifQ.4vpygBgBJxBwH_PlsRZBV0vlDoTTS2BWld_c4AjNtWU','2016-07-15 19:53:08',NULL),(3,1,2,0,'kumar','sathish@mahendra.in','$2y$10$mWXnFK2HlB4LLELHrwn9/e7uc6NfJ7Z9gJCnkfZwo94ZaEhaY3F3O',NULL,NULL,NULL,NULL,NULL,'','2016-07-15 19:59:16',NULL),(4,1,3,0,'Raj','test@gmail.com','$2y$10$mWXnFK2HlB4LLELHrwn9/e7uc6NfJ7Z9gJCnkfZwo94ZaEhaY3F3O',NULL,NULL,NULL,NULL,NULL,'','2016-07-15 20:03:42',NULL),(5,1,4,0,'Vivek','vivek@test.in','$2y$10$mWXnFK2HlB4LLELHrwn9/e7uc6NfJ7Z9gJCnkfZwo94ZaEhaY3F3O',NULL,NULL,NULL,NULL,NULL,'','2016-07-15 20:24:39',NULL);

/* Procedure structure for procedure `create_users_candidate` */

/*!50003 DROP PROCEDURE IF EXISTS  `create_users_candidate` */;

DELIMITER $$

/*!50003 CREATE DEFINER=`root`@`localhost` PROCEDURE `create_users_candidate`(
	IN _email VARCHAR(255)
)
BEGIN
    INSERT INTO users (`name`, email, reg_id, user_type, login_attempt)
    SELECT `first_name`, email, id, 1, 0 FROM candidate_master WHERE email = _email;
END */$$
DELIMITER ;

/* Procedure structure for procedure `select_questionpaper_first_last` */

/*!50003 DROP PROCEDURE IF EXISTS  `select_questionpaper_first_last` */;

DELIMITER $$

/*!50003 CREATE DEFINER=`root`@`localhost` PROCEDURE `select_questionpaper_first_last`(IN _search_key VARCHAR(255),IN _status VARCHAR(1),IN _college_id int(11))
BEGIN 
select min(s1.id) as first,max(s1.id) as last from (SELECT @n := @n +1 AS id,qp_id
FROM `question_paper_masters` AS a, (SELECT @n := 0) m
WHERE a.status = _status and a.college_id = _college_id AND  (a.qp_id LIKE CONCAT('%',_search_key,'%') OR a.title LIKE CONCAT('%',_search_key,'%'))) as s1;
END */$$
DELIMITER ;

/* Procedure structure for procedure `select_questions` */

/*!50003 DROP PROCEDURE IF EXISTS  `select_questions` */;

DELIMITER $$

/*!50003 CREATE DEFINER=`root`@`localhost` PROCEDURE `select_questions`(IN _action varchar(6),IN _action_val int(11),IN _search_key VARCHAR(255),IN _status VARCHAR(1),IN _college_id INT(11))
BEGIN 
IF _action='<' THEN 
SELECT * FROM (select * from (SELECT @n := @n +1 AS id,qp_id,title,number_of_questions,total_marks,duration,created_on 
FROM `question_paper_masters` AS a, (SELECT @n := 0) m
WHERE a.status = _status AND a.college_id = _college_id  AND  (a.qp_id LIKE CONCAT('%',_search_key,'%') OR a.title LIKE CONCAT('%',_search_key,'%'))) as s1 WHERE s1.id < _action_val order by s1.id desc limit 7) as s2 order by s2.id asc;
END IF;
IF _action='>' THEN 
select * from (SELECT @n := @n +1 AS id,qp_id,title,number_of_questions,total_marks,duration,created_on 
FROM `question_paper_masters` AS a, (SELECT @n := 0) m
WHERE a.status = _status AND a.college_id = _college_id  AND  (a.qp_id LIKE CONCAT('%',_search_key,'%') OR a.title LIKE CONCAT('%',_search_key,'%'))) as s1 where s1.id > _action_val limit 7;
END IF;
END */$$
DELIMITER ;

/* Procedure structure for procedure `select_tests` */

/*!50003 DROP PROCEDURE IF EXISTS  `select_tests` */;

DELIMITER $$

/*!50003 CREATE DEFINER=`root`@`localhost` PROCEDURE `select_tests`(IN _action VARCHAR(6),IN _action_val INT(11),IN _search_key VARCHAR(255),IN _status varchar(1))
BEGIN 
IF _action='<' THEN 
SELECT * FROM (SELECT * FROM (SELECT @n := @n +1 AS id,test_id,title,terms_conditions,test_password,is_negative,is_question_random,is_option_random,test_url,qp_id,number_of_questions,total_marks,duration,created_on 
FROM `test_masters` AS a, (SELECT @n := 0) m
WHERE  a.status = _status and (a.test_id LIKE CONCAT('%',_search_key,'%') OR a.title LIKE CONCAT('%',_search_key,'%'))) AS s1 WHERE s1.id < _action_val ORDER BY s1.id DESC LIMIT 7) AS s2 ORDER BY s2.id ASC;
END IF;
IF _action='>' THEN 
SELECT * FROM (SELECT @n := @n +1 AS id,test_id,title,terms_conditions,test_password,is_negative,is_question_random,is_option_random,test_url,qp_id,number_of_questions,total_marks,duration,created_on 
FROM `test_masters` AS a, (SELECT @n := 0) m
WHERE a.status = _status AND (a.test_id LIKE CONCAT('%',_search_key,'%') OR a.title LIKE CONCAT('%',_search_key,'%'))) AS s1 WHERE s1.id > _action_val LIMIT 7;
END IF;
END */$$
DELIMITER ;

/* Procedure structure for procedure `select_test_first_last` */

/*!50003 DROP PROCEDURE IF EXISTS  `select_test_first_last` */;

DELIMITER $$

/*!50003 CREATE DEFINER=`root`@`localhost` PROCEDURE `select_test_first_last`(IN _search_key VARCHAR(255),IN _status VARCHAR(1))
BEGIN 
SELECT MIN(s1.id) AS first,MAX(s1.id) AS last FROM (SELECT @n := @n +1 AS id,test_id,title,terms_conditions,test_password,is_negative,is_question_random,is_option_random,test_url,qp_id,number_of_questions,total_marks,duration,created_on 
FROM `test_masters` AS a, (SELECT @n := 0) m
WHERE  a.status = _status AND (a.test_id LIKE CONCAT('%',_search_key,'%') OR a.title LIKE CONCAT('%',_search_key,'%'))) AS s1;
END */$$
DELIMITER ;

/*!40101 SET SQL_MODE=@OLD_SQL_MODE */;
/*!40014 SET FOREIGN_KEY_CHECKS=@OLD_FOREIGN_KEY_CHECKS */;
/*!40014 SET UNIQUE_CHECKS=@OLD_UNIQUE_CHECKS */;
/*!40111 SET SQL_NOTES=@OLD_SQL_NOTES */;
